source,actual,predicted,p_healthy,p_inner_race,p_outer_race,p_rolling_element
data\paderborn\extracted\K001\K001\N09_M07_F10_K001_1.mat,healthy,healthy,0.979829,0.019353,0.000663,0.000155
data\paderborn\extracted\K001\K001\N09_M07_F10_K001_1.mat,healthy,healthy,0.983354,0.016130,0.000445,0.000071
data\paderborn\extracted\K001\K001\N09_M07_F10_K001_1.mat,healthy,healthy,0.929004,0.069513,0.001375,0.000109
data\paderborn\extracted\K001\K001\N09_M07_F10_K001_1.mat,healthy,healthy,0.912118,0.086709,0.001042,0.000131
data\paderborn\extracted\K001\K001\N09_M07_F10_K001_1.mat,healthy,healthy,0.990626,0.008931,0.000385,0.000059
data\paderborn\extracted\K001\K001\N09_M07_F10_K001_1.mat,healthy,healthy,0.981004,0.018607,0.000291,0.000098
data\paderborn\extracted\K001\K001\N09_M07_F10_K001_1.mat,healthy,healthy,0.977315,0.021650,0.000878,0.000157
data\paderborn\extracted\K001\K001\N09_M07_F10_K001_1.mat,healthy,healthy,0.824914,0.173475,0.000375,0.001237
data\paderborn\extracted\K001\K001\N09_M07_F10_K001_1.mat,healthy,healthy,0.967160,0.031097,0.001520,0.000223
data\paderborn\extracted\K001\K001\N09_M07_F10_K001_1.mat,healthy,healthy,0.965535,0.033287,0.001102,0.000076
data\paderborn\extracted\K001\K001\N09_M07_F10_K001_1.mat,healthy,healthy,0.960342,0.039287,0.000207,0.000163
data\paderborn\extracted\K001\K001\N09_M07_F10_K001_1.mat,healthy,healthy,0.995250,0.004575,0.000137,0.000038
data\paderborn\extracted\K001\K001\N09_M07_F10_K001_1.mat,healthy,healthy,0.996387,0.003391,0.000208,0.000015
data\paderborn\extracted\K001\K001\N09_M07_F10_K001_1.mat,healthy,healthy,0.926833,0.071466,0.001221,0.000481
data\paderborn\extracted\K001\K001\N09_M07_F10_K001_1.mat,healthy,healthy,0.984954,0.012263,0.002671,0.000112
data\paderborn\extracted\K001\K001\N09_M07_F10_K001_1.mat,healthy,healthy,0.990560,0.007495,0.001873,0.000071
data\paderborn\extracted\K001\K001\N09_M07_F10_K001_10.mat,healthy,healthy,0.909502,0.089150,0.000515,0.000833
data\paderborn\extracted\K001\K001\N09_M07_F10_K001_10.mat,healthy,healthy,0.933393,0.065068,0.001437,0.000102
data\paderborn\extracted\K001\K001\N09_M07_F10_K001_10.mat,healthy,healthy,0.942289,0.056889,0.000779,0.000044
data\paderborn\extracted\K001\K001\N09_M07_F10_K001_10.mat,healthy,healthy,0.822480,0.176601,0.000671,0.000248
data\paderborn\extracted\K001\K001\N09_M07_F10_K001_10.mat,healthy,healthy,0.742324,0.256257,0.000539,0.000880
data\paderborn\extracted\K001\K001\N09_M07_F10_K001_10.mat,healthy,healthy,0.951264,0.047879,0.000840,0.000017
data\paderborn\extracted\K001\K001\N09_M07_F10_K001_10.mat,healthy,healthy,0.762985,0.232361,0.004581,0.000073
data\paderborn\extracted\K001\K001\N09_M07_F10_K001_10.mat,healthy,healthy,0.916650,0.076211,0.006753,0.000386
data\paderborn\extracted\K001\K001\N09_M07_F10_K001_10.mat,healthy,healthy,0.944743,0.054085,0.001140,0.000032
data\paderborn\extracted\K001\K001\N09_M07_F10_K001_10.mat,healthy,healthy,0.967464,0.030975,0.001556,0.000005
data\paderborn\extracted\K001\K001\N09_M07_F10_K001_10.mat,healthy,healthy,0.980932,0.018582,0.000459,0.000027
data\paderborn\extracted\K001\K001\N09_M07_F10_K001_10.mat,healthy,healthy,0.985240,0.014387,0.000281,0.000092
data\paderborn\extracted\K001\K001\N09_M07_F10_K001_10.mat,healthy,healthy,0.964781,0.030261,0.003687,0.001271
data\paderborn\extracted\K001\K001\N09_M07_F10_K001_10.mat,healthy,healthy,0.958175,0.041184,0.000451,0.000190
data\paderborn\extracted\K001\K001\N09_M07_F10_K001_10.mat,healthy,healthy,0.946947,0.052092,0.000775,0.000187
data\paderborn\extracted\K001\K001\N09_M07_F10_K001_10.mat,healthy,healthy,0.988288,0.011468,0.000164,0.000080
data\paderborn\extracted\K001\K001\N09_M07_F10_K001_11.mat,healthy,healthy,0.964674,0.034789,0.000412,0.000125
data\paderborn\extracted\K001\K001\N09_M07_F10_K001_11.mat,healthy,healthy,0.978469,0.019875,0.001482,0.000173
data\paderborn\extracted\K001\K001\N09_M07_F10_K001_11.mat,healthy,healthy,0.991943,0.007435,0.000596,0.000026
data\paderborn\extracted\K001\K001\N09_M07_F10_K001_11.mat,healthy,healthy,0.840687,0.158232,0.000988,0.000093
data\paderborn\extracted\K001\K001\N09_M07_F10_K001_11.mat,healthy,healthy,0.851868,0.145810,0.001114,0.001208
data\paderborn\extracted\K001\K001\N09_M07_F10_K001_11.mat,healthy,healthy,0.934548,0.064654,0.000410,0.000389
data\paderborn\extracted\K001\K001\N09_M07_F10_K001_11.mat,healthy,healthy,0.986946,0.012005,0.001016,0.000033
data\paderborn\extracted\K001\K001\N09_M07_F10_K001_11.mat,healthy,healthy,0.891489,0.097555,0.010610,0.000346
data\paderborn\extracted\K001\K001\N09_M07_F10_K001_11.mat,healthy,healthy,0.963433,0.034040,0.002468,0.000059
data\paderborn\extracted\K001\K001\N09_M07_F10_K001_11.mat,healthy,healthy,0.989880,0.009730,0.000380,0.000011
data\paderborn\extracted\K001\K001\N09_M07_F10_K001_11.mat,healthy,healthy,0.978365,0.021015,0.000611,0.000010
data\paderborn\extracted\K001\K001\N09_M07_F10_K001_11.mat,healthy,healthy,0.859791,0.139098,0.001020,0.000091
data\paderborn\extracted\K001\K001\N09_M07_F10_K001_11.mat,healthy,healthy,0.861746,0.132463,0.004490,0.001301
data\paderborn\extracted\K001\K001\N09_M07_F10_K001_11.mat,healthy,healthy,0.587146,0.404668,0.007942,0.000244
data\paderborn\extracted\K001\K001\N09_M07_F10_K001_11.mat,healthy,inner_race,0.452261,0.545180,0.002261,0.000297
data\paderborn\extracted\K001\K001\N09_M07_F10_K001_11.mat,healthy,healthy,0.991980,0.007313,0.000688,0.000019
data\paderborn\extracted\K001\K001\N09_M07_F10_K001_12.mat,healthy,healthy,0.965803,0.033583,0.000297,0.000317
data\paderborn\extracted\K001\K001\N09_M07_F10_K001_12.mat,healthy,healthy,0.979422,0.019576,0.000875,0.000127
data\paderborn\extracted\K001\K001\N09_M07_F10_K001_12.mat,healthy,healthy,0.985331,0.013587,0.000905,0.000178
data\paderborn\extracted\K001\K001\N09_M07_F10_K001_12.mat,healthy,healthy,0.954769,0.043780,0.001448,0.000003
data\paderborn\extracted\K001\K001\N09_M07_F10_K001_12.mat,healthy,healthy,0.843155,0.154573,0.002269,0.000004
data\paderborn\extracted\K001\K001\N09_M07_F10_K001_12.mat,healthy,healthy,0.931142,0.066417,0.001954,0.000487
data\paderborn\extracted\K001\K001\N09_M07_F10_K001_12.mat,healthy,healthy,0.781997,0.211085,0.004592,0.002326
data\paderborn\extracted\K001\K001\N09_M07_F10_K001_12.mat,healthy,healthy,0.993410,0.005651,0.000931,0.000008
data\paderborn\extracted\K001\K001\N09_M07_F10_K001_12.mat,healthy,healthy,0.955786,0.041689,0.002514,0.000010
data\paderborn\extracted\K001\K001\N09_M07_F10_K001_12.mat,healthy,healthy,0.994380,0.005061,0.000549,0.000010
data\paderborn\extracted\K001\K001\N09_M07_F10_K001_12.mat,healthy,healthy,0.963573,0.036016,0.000337,0.000075
data\paderborn\extracted\K001\K001\N09_M07_F10_K001_12.mat,healthy,healthy,0.989061,0.010273,0.000651,0.000015
data\paderborn\extracted\K001\K001\N09_M07_F10_K001_12.mat,healthy,healthy,0.983059,0.016307,0.000601,0.000033
data\paderborn\extracted\K001\K001\N09_M07_F10_K001_12.mat,healthy,healthy,0.978916,0.020329,0.000575,0.000180
data\paderborn\extracted\K001\K001\N09_M07_F10_K001_12.mat,healthy,healthy,0.966985,0.029322,0.003641,0.000052
data\paderborn\extracted\K001\K001\N09_M07_F10_K001_12.mat,healthy,healthy,0.923276,0.076205,0.000331,0.000188
data\paderborn\extracted\K001\K001\N09_M07_F10_K001_13.mat,healthy,healthy,0.960872,0.038224,0.000655,0.000250
data\paderborn\extracted\K001\K001\N09_M07_F10_K001_13.mat,healthy,healthy,0.937030,0.061371,0.001460,0.000139
data\paderborn\extracted\K001\K001\N09_M07_F10_K001_13.mat,healthy,healthy,0.883982,0.108130,0.007294,0.000595
data\paderborn\extracted\K001\K001\N09_M07_F10_K001_13.mat,healthy,healthy,0.646349,0.347454,0.004678,0.001519
data\paderborn\extracted\K001\K001\N09_M07_F10_K001_13.mat,healthy,healthy,0.964593,0.034423,0.000593,0.000391
data\paderborn\extracted\K001\K001\N09_M07_F10_K001_13.mat,healthy,healthy,0.913419,0.084928,0.000722,0.000931
data\paderborn\extracted\K001\K001\N09_M07_F10_K001_13.mat,healthy,inner_race,0.262084,0.729513,0.003332,0.005071
data\paderborn\extracted\K001\K001\N09_M07_F10_K001_13.mat,healthy,healthy,0.864879,0.122856,0.011567,0.000699
data\paderborn\extracted\K001\K001\N09_M07_F10_K001_13.mat,healthy,healthy,0.797534,0.199271,0.002897,0.000298
data\paderborn\extracted\K001\K001\N09_M07_F10_K001_13.mat,healthy,healthy,0.944435,0.054405,0.001132,0.000028
data\paderborn\extracted\K001\K001\N09_M07_F10_K001_13.mat,healthy,healthy,0.985902,0.013587,0.000481,0.000030
data\paderborn\extracted\K001\K001\N09_M07_F10_K001_13.mat,healthy,healthy,0.983368,0.015491,0.000992,0.000150
data\paderborn\extracted\K001\K001\N09_M07_F10_K001_13.mat,healthy,inner_race,0.478118,0.513357,0.004026,0.004499
data\paderborn\extracted\K001\K001\N09_M07_F10_K001_13.mat,healthy,healthy,0.557315,0.437274,0.005361,0.000051
data\paderborn\extracted\K001\K001\N09_M07_F10_K001_13.mat,healthy,healthy,0.607107,0.387110,0.005678,0.000105
data\paderborn\extracted\K001\K001\N09_M07_F10_K001_13.mat,healthy,healthy,0.631055,0.364933,0.003888,0.000125
data\paderborn\extracted\K001\K001\N09_M07_F10_K001_14.mat,healthy,healthy,0.920360,0.078537,0.000793,0.000310
data\paderborn\extracted\K001\K001\N09_M07_F10_K001_14.mat,healthy,healthy,0.935582,0.063622,0.000640,0.000156
data\paderborn\extracted\K001\K001\N09_M07_F10_K001_14.mat,healthy,healthy,0.946685,0.052505,0.000764,0.000046
data\paderborn\extracted\K001\K001\N09_M07_F10_K001_14.mat,healthy,healthy,0.914472,0.081318,0.002620,0.001590
data\paderborn\extracted\K001\K001\N09_M07_F10_K001_14.mat,healthy,healthy,0.954226,0.044448,0.001251,0.000075
data\paderborn\extracted\K001\K001\N09_M07_F10_K001_14.mat,healthy,healthy,0.988609,0.010849,0.000537,0.000005
data\paderborn\extracted\K001\K001\N09_M07_F10_K001_14.mat,healthy,healthy,0.918404,0.080775,0.000420,0.000401
data\paderborn\extracted\K001\K001\N09_M07_F10_K001_14.mat,healthy,healthy,0.960018,0.038399,0.000935,0.000648
data\paderborn\extracted\K001\K001\N09_M07_F10_K001_14.mat,healthy,healthy,0.979266,0.019937,0.000743,0.000054
data\paderborn\extracted\K001\K001\N09_M07_F10_K001_14.mat,healthy,healthy,0.865272,0.127012,0.007541,0.000175
data\paderborn\extracted\K001\K001\N09_M07_F10_K001_14.mat,healthy,healthy,0.985541,0.012311,0.001903,0.000245
data\paderborn\extracted\K001\K001\N09_M07_F10_K001_14.mat,healthy,healthy,0.877230,0.121607,0.001022,0.000141
data\paderborn\extracted\K001\K001\N09_M07_F10_K001_14.mat,healthy,healthy,0.517427,0.479942,0.001146,0.001485
data\paderborn\extracted\K001\K001\N09_M07_F10_K001_14.mat,healthy,healthy,0.869507,0.129178,0.001276,0.000039
data\paderborn\extracted\K001\K001\N09_M07_F10_K001_14.mat,healthy,healthy,0.962073,0.035404,0.002409,0.000114
data\paderborn\extracted\K001\K001\N09_M07_F10_K001_14.mat,healthy,healthy,0.918626,0.067107,0.011528,0.002739
data\paderborn\extracted\K001\K001\N09_M07_F10_K001_15.mat,healthy,healthy,0.792883,0.204975,0.001905,0.000237
data\paderborn\extracted\K001\K001\N09_M07_F10_K001_15.mat,healthy,healthy,0.841264,0.150486,0.007810,0.000441
data\paderborn\extracted\K001\K001\N09_M07_F10_K001_15.mat,healthy,healthy,0.990985,0.007931,0.001059,0.000025
data\paderborn\extracted\K001\K001\N09_M07_F10_K001_15.mat,healthy,healthy,0.988584,0.010457,0.000930,0.000029
data\paderborn\extracted\K001\K001\N09_M07_F10_K001_15.mat,healthy,healthy,0.958286,0.040923,0.000761,0.000030
data\paderborn\extracted\K001\K001\N09_M07_F10_K001_15.mat,healthy,healthy,0.977821,0.021788,0.000307,0.000083
data\paderborn\extracted\K001\K001\N09_M07_F10_K001_15.mat,healthy,healthy,0.960575,0.036727,0.002479,0.000219
data\paderborn\extracted\K001\K001\N09_M07_F10_K001_15.mat,healthy,healthy,0.977829,0.021490,0.000646,0.000036
data\paderborn\extracted\K001\K001\N09_M07_F10_K001_15.mat,healthy,healthy,0.983813,0.014708,0.001430,0.000048
data\paderborn\extracted\K001\K001\N09_M07_F10_K001_15.mat,healthy,healthy,0.989946,0.009638,0.000397,0.000020
data\paderborn\extracted\K001\K001\N09_M07_F10_K001_15.mat,healthy,healthy,0.980207,0.018932,0.000844,0.000017
data\paderborn\extracted\K001\K001\N09_M07_F10_K001_15.mat,healthy,healthy,0.533103,0.465425,0.001429,0.000043
data\paderborn\extracted\K001\K001\N09_M07_F10_K001_15.mat,healthy,healthy,0.935492,0.062791,0.001662,0.000055
data\paderborn\extracted\K001\K001\N09_M07_F10_K001_15.mat,healthy,healthy,0.947528,0.050769,0.001384,0.000319
data\paderborn\extracted\K001\K001\N09_M07_F10_K001_15.mat,healthy,healthy,0.840226,0.157264,0.002455,0.000054
data\paderborn\extracted\K001\K001\N09_M07_F10_K001_15.mat,healthy,healthy,0.954738,0.043880,0.001303,0.000079
data\paderborn\extracted\K001\K001\N09_M07_F10_K001_16.mat,healthy,healthy,0.981970,0.017684,0.000185,0.000161
data\paderborn\extracted\K001\K001\N09_M07_F10_K001_16.mat,healthy,healthy,0.986322,0.013106,0.000334,0.000237
data\paderborn\extracted\K001\K001\N09_M07_F10_K001_16.mat,healthy,healthy,0.976454,0.023137,0.000289,0.000121
data\paderborn\extracted\K001\K001\N09_M07_F10_K001_16.mat,healthy,healthy,0.938819,0.059148,0.001674,0.000359
data\paderborn\extracted\K001\K001\N09_M07_F10_K001_16.mat,healthy,healthy,0.960091,0.036720,0.002683,0.000506
data\paderborn\extracted\K001\K001\N09_M07_F10_K001_16.mat,healthy,healthy,0.662411,0.336375,0.001056,0.000158
data\paderborn\extracted\K001\K001\N09_M07_F10_K001_16.mat,healthy,healthy,0.984916,0.014465,0.000576,0.000043
data\paderborn\extracted\K001\K001\N09_M07_F10_K001_16.mat,healthy,healthy,0.981909,0.017778,0.000277,0.000037
data\paderborn\extracted\K001\K001\N09_M07_F10_K001_16.mat,healthy,healthy,0.972751,0.026495,0.000697,0.000058
data\paderborn\extracted\K001\K001\N09_M07_F10_K001_16.mat,healthy,healthy,0.967323,0.030809,0.001780,0.000088
data\paderborn\extracted\K001\K001\N09_M07_F10_K001_16.mat,healthy,healthy,0.924384,0.071370,0.004208,0.000038
data\paderborn\extracted\K001\K001\N09_M07_F10_K001_16.mat,healthy,healthy,0.970581,0.028879,0.000479,0.000060
data\paderborn\extracted\K001\K001\N09_M07_F10_K001_16.mat,healthy,healthy,0.961259,0.037850,0.000681,0.000210
data\paderborn\extracted\K001\K001\N09_M07_F10_K001_16.mat,healthy,healthy,0.980195,0.019289,0.000397,0.000119
data\paderborn\extracted\K001\K001\N09_M07_F10_K001_16.mat,healthy,healthy,0.993200,0.006326,0.000441,0.000033
data\paderborn\extracted\K001\K001\N09_M07_F10_K001_16.mat,healthy,healthy,0.974640,0.024731,0.000392,0.000236
data\paderborn\extracted\K001\K001\N09_M07_F10_K001_17.mat,healthy,healthy,0.995586,0.004090,0.000315,0.000009
data\paderborn\extracted\K001\K001\N09_M07_F10_K001_17.mat,healthy,healthy,0.929684,0.068970,0.001154,0.000192
data\paderborn\extracted\K001\K001\N09_M07_F10_K001_17.mat,healthy,healthy,0.985531,0.014013,0.000389,0.000067
data\paderborn\extracted\K001\K001\N09_M07_F10_K001_17.mat,healthy,healthy,0.967676,0.029018,0.003097,0.000209
data\paderborn\extracted\K001\K001\N09_M07_F10_K001_17.mat,healthy,healthy,0.991329,0.007719,0.000933,0.000019
data\paderborn\extracted\K001\K001\N09_M07_F10_K001_17.mat,healthy,healthy,0.989978,0.009364,0.000645,0.000013
data\paderborn\extracted\K001\K001\N09_M07_F10_K001_17.mat,healthy,healthy,0.966668,0.031751,0.001390,0.000190
data\paderborn\extracted\K001\K001\N09_M07_F10_K001_17.mat,healthy,healthy,0.883106,0.115051,0.001608,0.000234
data\paderborn\extracted\K001\K001\N09_M07_F10_K001_17.mat,healthy,healthy,0.808704,0.189275,0.001380,0.000641
data\paderborn\extracted\K001\K001\N09_M07_F10_K001_17.mat,healthy,healthy,0.986103,0.013296,0.000570,0.000031
data\paderborn\extracted\K001\K001\N09_M07_F10_K001_17.mat,healthy,healthy,0.972097,0.027027,0.000820,0.000056
data\paderborn\extracted\K001\K001\N09_M07_F10_K001_17.mat,healthy,healthy,0.837920,0.159171,0.002814,0.000095
data\paderborn\extracted\K001\K001\N09_M07_F10_K001_17.mat,healthy,healthy,0.982712,0.016945,0.000301,0.000041
data\paderborn\extracted\K001\K001\N09_M07_F10_K001_17.mat,healthy,healthy,0.958309,0.040850,0.000711,0.000130
data\paderborn\extracted\K001\K001\N09_M07_F10_K001_17.mat,healthy,healthy,0.926815,0.071791,0.001322,0.000072
data\paderborn\extracted\K001\K001\N09_M07_F10_K001_17.mat,healthy,healthy,0.965288,0.034017,0.000671,0.000024
data\paderborn\extracted\K001\K001\N09_M07_F10_K001_18.mat,healthy,healthy,0.861388,0.133994,0.004468,0.000150
data\paderborn\extracted\K001\K001\N09_M07_F10_K001_18.mat,healthy,healthy,0.931304,0.065827,0.002684,0.000185
data\paderborn\extracted\K001\K001\N09_M07_F10_K001_18.mat,healthy,healthy,0.945720,0.052561,0.001535,0.000185
data\paderborn\extracted\K001\K001\N09_M07_F10_K001_18.mat,healthy,inner_race,0.452887,0.542190,0.003650,0.001272
data\paderborn\extracted\K001\K001\N09_M07_F10_K001_18.mat,healthy,healthy,0.961416,0.037169,0.001295,0.000120
data\paderborn\extracted\K001\K001\N09_M07_F10_K001_18.mat,healthy,healthy,0.958235,0.038661,0.002167,0.000937
data\paderborn\extracted\K001\K001\N09_M07_F10_K001_18.mat,healthy,healthy,0.970966,0.027652,0.001275,0.000107
data\paderborn\extracted\K001\K001\N09_M07_F10_K001_18.mat,healthy,healthy,0.984659,0.012685,0.002300,0.000355
data\paderborn\extracted\K001\K001\N09_M07_F10_K001_18.mat,healthy,healthy,0.956640,0.042560,0.000734,0.000067
data\paderborn\extracted\K001\K001\N09_M07_F10_K001_18.mat,healthy,healthy,0.803234,0.195295,0.001347,0.000124
data\paderborn\extracted\K001\K001\N09_M07_F10_K001_18.mat,healthy,healthy,0.970743,0.028632,0.000557,0.000067
data\paderborn\extracted\K001\K001\N09_M07_F10_K001_18.mat,healthy,healthy,0.877306,0.121694,0.000863,0.000137
data\paderborn\extracted\K001\K001\N09_M07_F10_K001_18.mat,healthy,healthy,0.899721,0.097752,0.002376,0.000151
data\paderborn\extracted\K001\K001\N09_M07_F10_K001_18.mat,healthy,healthy,0.969783,0.025482,0.004611,0.000124
data\paderborn\extracted\K001\K001\N09_M07_F10_K001_18.mat,healthy,healthy,0.979459,0.019357,0.001090,0.000093
data\paderborn\extracted\K001\K001\N09_M07_F10_K001_18.mat,healthy,healthy,0.973421,0.025617,0.000889,0.000073
data\paderborn\extracted\K001\K001\N09_M07_F10_K001_19.mat,healthy,healthy,0.833743,0.154136,0.011714,0.000407
data\paderborn\extracted\K001\K001\N09_M07_F10_K001_19.mat,healthy,healthy,0.723856,0.271805,0.004222,0.000117
data\paderborn\extracted\K001\K001\N09_M07_F10_K001_19.mat,healthy,healthy,0.722394,0.276206,0.001144,0.000256
data\paderborn\extracted\K001\K001\N09_M07_F10_K001_19.mat,healthy,healthy,0.927794,0.071353,0.000694,0.000159
data\paderborn\extracted\K001\K001\N09_M07_F10_K001_19.mat,healthy,healthy,0.930765,0.068498,0.000592,0.000145
data\paderborn\extracted\K001\K001\N09_M07_F10_K001_19.mat,healthy,healthy,0.870152,0.125092,0.003820,0.000936
data\paderborn\extracted\K001\K001\N09_M07_F10_K001_19.mat,healthy,healthy,0.972740,0.026270,0.000953,0.000037
data\paderborn\extracted\K001\K001\N09_M07_F10_K001_19.mat,healthy,healthy,0.730129,0.268344,0.001227,0.000300
data\paderborn\extracted\K001\K001\N09_M07_F10_K001_19.mat,healthy,healthy,0.880642,0.116099,0.003238,0.000021
data\paderborn\extracted\K001\K001\N09_M07_F10_K001_19.mat,healthy,healthy,0.894336,0.104820,0.000762,0.000081
data\paderborn\extracted\K001\K001\N09_M07_F10_K001_19.mat,healthy,healthy,0.991686,0.007917,0.000353,0.000045
data\paderborn\extracted\K001\K001\N09_M07_F10_K001_19.mat,healthy,healthy,0.884839,0.114224,0.000591,0.000347
data\paderborn\extracted\K001\K001\N09_M07_F10_K001_19.mat,healthy,healthy,0.983331,0.012160,0.004498,0.000011
data\paderborn\extracted\K001\K001\N09_M07_F10_K001_19.mat,healthy,healthy,0.965379,0.033120,0.001351,0.000151
data\paderborn\extracted\K001\K001\N09_M07_F10_K001_19.mat,healthy,healthy,0.961708,0.037728,0.000474,0.000090
data\paderborn\extracted\K001\K001\N09_M07_F10_K001_19.mat,healthy,healthy,0.984458,0.015196,0.000307,0.000039
data\paderborn\extracted\K001\K001\N09_M07_F10_K001_2.mat,healthy,healthy,0.894046,0.104701,0.001110,0.000143
data\paderborn\extracted\K001\K001\N09_M07_F10_K001_2.mat,healthy,healthy,0.979382,0.019634,0.000916,0.000067
data\paderborn\extracted\K001\K001\N09_M07_F10_K001_2.mat,healthy,healthy,0.771397,0.225412,0.002951,0.000240
data\paderborn\extracted\K001\K001\N09_M07_F10_K001_2.mat,healthy,healthy,0.879481,0.119446,0.000986,0.000086
data\paderborn\extracted\K001\K001\N09_M07_F10_K001_2.mat,healthy,healthy,0.916580,0.082626,0.000678,0.000115
data\paderborn\extracted\K001\K001\N09_M07_F10_K001_2.mat,healthy,healthy,0.942201,0.052423,0.005156,0.000220
data\paderborn\extracted\K001\K001\N09_M07_F10_K001_2.mat,healthy,healthy,0.936171,0.062463,0.001280,0.000086
data\paderborn\extracted\K001\K001\N09_M07_F10_K001_2.mat,healthy,healthy,0.904048,0.095002,0.000696,0.000253
data\paderborn\extracted\K001\K001\N09_M07_F10_K001_2.mat,healthy,healthy,0.986279,0.013390,0.000287,0.000045
data\paderborn\extracted\K001\K001\N09_M07_F10_K001_2.mat,healthy,healthy,0.947516,0.050663,0.001586,0.000235
data\paderborn\extracted\K001\K001\N09_M07_F10_K001_2.mat,healthy,healthy,0.796958,0.185912,0.015170,0.001960
data\paderborn\extracted\K001\K001\N09_M07_F10_K001_2.mat,healthy,healthy,0.987845,0.011104,0.001038,0.000013
data\paderborn\extracted\K001\K001\N09_M07_F10_K001_2.mat,healthy,healthy,0.963260,0.035903,0.000810,0.000028
data\paderborn\extracted\K001\K001\N09_M07_F10_K001_2.mat,healthy,healthy,0.908985,0.089604,0.001292,0.000119
data\paderborn\extracted\K001\K001\N09_M07_F10_K001_2.mat,healthy,healthy,0.932733,0.065738,0.001481,0.000047
data\paderborn\extracted\K001\K001\N09_M07_F10_K001_2.mat,healthy,healthy,0.981439,0.017540,0.000920,0.000101
data\paderborn\extracted\K001\K001\N09_M07_F10_K001_20.mat,healthy,healthy,0.747140,0.245150,0.002113,0.005597
data\paderborn\extracted\K001\K001\N09_M07_F10_K001_20.mat,healthy,healthy,0.966048,0.026350,0.006633,0.000968
data\paderborn\extracted\K001\K001\N09_M07_F10_K001_20.mat,healthy,healthy,0.979275,0.018700,0.001794,0.000232
data\paderborn\extracted\K001\K001\N09_M07_F10_K001_20.mat,healthy,healthy,0.945357,0.043400,0.010743,0.000500
data\paderborn\extracted\K001\K001\N09_M07_F10_K001_20.mat,healthy,healthy,0.973023,0.026357,0.000545,0.000074
data\paderborn\extracted\K001\K001\N09_M07_F10_K001_20.mat,healthy,healthy,0.961233,0.037620,0.001137,0.000010
data\paderborn\extracted\K001\K001\N09_M07_F10_K001_20.mat,healthy,healthy,0.950628,0.048288,0.000950,0.000133
data\paderborn\extracted\K001\K001\N09_M07_F10_K001_20.mat,healthy,healthy,0.981781,0.017402,0.000774,0.000043
data\paderborn\extracted\K001\K001\N09_M07_F10_K001_20.mat,healthy,healthy,0.859268,0.134672,0.005266,0.000795
data\paderborn\extracted\K001\K001\N09_M07_F10_K001_20.mat,healthy,healthy,0.975319,0.023505,0.001119,0.000058
data\paderborn\extracted\K001\K001\N09_M07_F10_K001_20.mat,healthy,healthy,0.982604,0.016519,0.000656,0.000221
data\paderborn\extracted\K001\K001\N09_M07_F10_K001_20.mat,healthy,healthy,0.963169,0.034789,0.002031,0.000011
data\paderborn\extracted\K001\K001\N09_M07_F10_K001_20.mat,healthy,healthy,0.961342,0.036575,0.002071,0.000012
data\paderborn\extracted\K001\K001\N09_M07_F10_K001_20.mat,healthy,healthy,0.672424,0.326434,0.000845,0.000297
data\paderborn\extracted\K001\K001\N09_M07_F10_K001_20.mat,healthy,healthy,0.867078,0.126240,0.002080,0.004602
data\paderborn\extracted\K001\K001\N09_M07_F10_K001_20.mat,healthy,healthy,0.927432,0.070977,0.001349,0.000241
data\paderborn\extracted\K001\K001\N09_M07_F10_K001_3.mat,healthy,healthy,0.956371,0.042191,0.000724,0.000714
data\paderborn\extracted\K001\K001\N09_M07_F10_K001_3.mat,healthy,healthy,0.725698,0.268352,0.004435,0.001516
data\paderborn\extracted\K001\K001\N09_M07_F10_K001_3.mat,healthy,healthy,0.894163,0.103840,0.001951,0.000046
data\paderborn\extracted\K001\K001\N09_M07_F10_K001_3.mat,healthy,healthy,0.948897,0.050280,0.000704,0.000119
data\paderborn\extracted\K001\K001\N09_M07_F10_K001_3.mat,healthy,healthy,0.971367,0.026807,0.001805,0.000021
data\paderborn\extracted\K001\K001\N09_M07_F10_K001_3.mat,healthy,healthy,0.978595,0.020855,0.000485,0.000065
data\paderborn\extracted\K001\K001\N09_M07_F10_K001_3.mat,healthy,healthy,0.939123,0.058747,0.001655,0.000475
data\paderborn\extracted\K001\K001\N09_M07_F10_K001_3.mat,healthy,healthy,0.666148,0.330707,0.002944,0.000201
data\paderborn\extracted\K001\K001\N09_M07_F10_K001_3.mat,healthy,healthy,0.831190,0.142212,0.026418,0.000180
data\paderborn\extracted\K001\K001\N09_M07_F10_K001_3.mat,healthy,healthy,0.927400,0.069201,0.003369,0.000030
data\paderborn\extracted\K001\K001\N09_M07_F10_K001_3.mat,healthy,healthy,0.901219,0.097840,0.000866,0.000075
data\paderborn\extracted\K001\K001\N09_M07_F10_K001_3.mat,healthy,healthy,0.986183,0.013501,0.000285,0.000031
data\paderborn\extracted\K001\K001\N09_M07_F10_K001_3.mat,healthy,healthy,0.965757,0.033417,0.000333,0.000492
data\paderborn\extracted\K001\K001\N09_M07_F10_K001_3.mat,healthy,healthy,0.829291,0.168777,0.001626,0.000305
data\paderborn\extracted\K001\K001\N09_M07_F10_K001_3.mat,healthy,healthy,0.936405,0.056424,0.007027,0.000144
data\paderborn\extracted\K001\K001\N09_M07_F10_K001_3.mat,healthy,healthy,0.939679,0.058271,0.002006,0.000043
data\paderborn\extracted\K001\K001\N09_M07_F10_K001_4.mat,healthy,healthy,0.881003,0.106292,0.011982,0.000722
data\paderborn\extracted\K001\K001\N09_M07_F10_K001_4.mat,healthy,healthy,0.958741,0.040764,0.000369,0.000126
data\paderborn\extracted\K001\K001\N09_M07_F10_K001_4.mat,healthy,healthy,0.971739,0.027399,0.000831,0.000030
data\paderborn\extracted\K001\K001\N09_M07_F10_K001_4.mat,healthy,healthy,0.976237,0.023236,0.000500,0.000026
data\paderborn\extracted\K001\K001\N09_M07_F10_K001_4.mat,healthy,healthy,0.969308,0.029759,0.000789,0.000145
data\paderborn\extracted\K001\K001\N09_M07_F10_K001_4.mat,healthy,healthy,0.823985,0.173240,0.002259,0.000516
data\paderborn\extracted\K001\K001\N09_M07_F10_K001_4.mat,healthy,healthy,0.748439,0.245293,0.006179,0.000088
data\paderborn\extracted\K001\K001\N09_M07_F10_K001_4.mat,healthy,healthy,0.989196,0.010230,0.000559,0.000014
data\paderborn\extracted\K001\K001\N09_M07_F10_K001_4.mat,healthy,healthy,0.977256,0.022393,0.000293,0.000058
data\paderborn\extracted\K001\K001\N09_M07_F10_K001_4.mat,healthy,healthy,0.934489,0.064808,0.000547,0.000157
data\paderborn\extracted\K001\K001\N09_M07_F10_K001_4.mat,healthy,healthy,0.930286,0.068850,0.000767,0.000098
data\paderborn\extracted\K001\K001\N09_M07_F10_K001_4.mat,healthy,healthy,0.656713,0.299106,0.041310,0.002871
data\paderborn\extracted\K001\K001\N09_M07_F10_K001_4.mat,healthy,healthy,0.926210,0.070754,0.002981,0.000055
data\paderborn\extracted\K001\K001\N09_M07_F10_K001_4.mat,healthy,healthy,0.957165,0.041538,0.001266,0.000030
data\paderborn\extracted\K001\K001\N09_M07_F10_K001_4.mat,healthy,healthy,0.876757,0.122100,0.000774,0.000369
data\paderborn\extracted\K001\K001\N09_M07_F10_K001_4.mat,healthy,healthy,0.839539,0.157739,0.002688,0.000033
data\paderborn\extracted\K001\K001\N09_M07_F10_K001_5.mat,healthy,healthy,0.966278,0.032969,0.000710,0.000043
data\paderborn\extracted\K001\K001\N09_M07_F10_K001_5.mat,healthy,healthy,0.898029,0.101132,0.000824,0.000015
data\paderborn\extracted\K001\K001\N09_M07_F10_K001_5.mat,healthy,healthy,0.982690,0.016551,0.000734,0.000025
data\paderborn\extracted\K001\K001\N09_M07_F10_K001_5.mat,healthy,healthy,0.983942,0.014940,0.001070,0.000048
data\paderborn\extracted\K001\K001\N09_M07_F10_K001_5.mat,healthy,healthy,0.961858,0.034773,0.003328,0.000041
data\paderborn\extracted\K001\K001\N09_M07_F10_K001_5.mat,healthy,healthy,0.935548,0.063402,0.000965,0.000085
data\paderborn\extracted\K001\K001\N09_M07_F10_K001_5.mat,healthy,healthy,0.940512,0.058820,0.000590,0.000079
data\paderborn\extracted\K001\K001\N09_M07_F10_K001_5.mat,healthy,healthy,0.974872,0.024653,0.000439,0.000037
data\paderborn\extracted\K001\K001\N09_M07_F10_K001_5.mat,healthy,healthy,0.990704,0.008721,0.000548,0.000028
data\paderborn\extracted\K001\K001\N09_M07_F10_K001_5.mat,healthy,healthy,0.975179,0.012756,0.011319,0.000746
data\paderborn\extracted\K001\K001\N09_M07_F10_K001_5.mat,healthy,healthy,0.982016,0.016987,0.000720,0.000277
data\paderborn\extracted\K001\K001\N09_M07_F10_K001_5.mat,healthy,healthy,0.988163,0.011265,0.000558,0.000014
data\paderborn\extracted\K001\K001\N09_M07_F10_K001_5.mat,healthy,healthy,0.963253,0.036424,0.000252,0.000071
data\paderborn\extracted\K001\K001\N09_M07_F10_K001_5.mat,healthy,healthy,0.993730,0.005902,0.000318,0.000050
data\paderborn\extracted\K001\K001\N09_M07_F10_K001_5.mat,healthy,healthy,0.988002,0.011484,0.000444,0.000070
data\paderborn\extracted\K001\K001\N09_M07_F10_K001_5.mat,healthy,healthy,0.945885,0.053262,0.000827,0.000026
data\paderborn\extracted\K001\K001\N09_M07_F10_K001_6.mat,healthy,healthy,0.935143,0.063099,0.001605,0.000152
data\paderborn\extracted\K001\K001\N09_M07_F10_K001_6.mat,healthy,healthy,0.971342,0.026724,0.001780,0.000154
data\paderborn\extracted\K001\K001\N09_M07_F10_K001_6.mat,healthy,healthy,0.922752,0.076668,0.000381,0.000199
data\paderborn\extracted\K001\K001\N09_M07_F10_K001_6.mat,healthy,healthy,0.963311,0.036006,0.000282,0.000402
data\paderborn\extracted\K001\K001\N09_M07_F10_K001_6.mat,healthy,healthy,0.972007,0.027576,0.000192,0.000224
data\paderborn\extracted\K001\K001\N09_M07_F10_K001_6.mat,healthy,healthy,0.917872,0.078899,0.002849,0.000379
data\paderborn\extracted\K001\K001\N09_M07_F10_K001_6.mat,healthy,inner_race,0.415695,0.553509,0.026505,0.004290
data\paderborn\extracted\K001\K001\N09_M07_F10_K001_6.mat,healthy,healthy,0.934080,0.062522,0.003381,0.000016
data\paderborn\extracted\K001\K001\N09_M07_F10_K001_6.mat,healthy,healthy,0.985261,0.014018,0.000694,0.000027
data\paderborn\extracted\K001\K001\N09_M07_F10_K001_6.mat,healthy,healthy,0.985202,0.014354,0.000350,0.000095
data\paderborn\extracted\K001\K001\N09_M07_F10_K001_6.mat,healthy,healthy,0.863572,0.135377,0.000957,0.000094
data\paderborn\extracted\K001\K001\N09_M07_F10_K001_6.mat,healthy,healthy,0.857844,0.138895,0.003190,0.000070
data\paderborn\extracted\K001\K001\N09_M07_F10_K001_6.mat,healthy,healthy,0.954677,0.041113,0.004096,0.000115
data\paderborn\extracted\K001\K001\N09_M07_F10_K001_6.mat,healthy,healthy,0.898189,0.100101,0.001447,0.000264
data\paderborn\extracted\K001\K001\N09_M07_F10_K001_6.mat,healthy,healthy,0.979733,0.019214,0.001046,0.000008
data\paderborn\extracted\K001\K001\N09_M07_F10_K001_6.mat,healthy,healthy,0.959626,0.039266,0.000877,0.000231
data\paderborn\extracted\K001\K001\N09_M07_F10_K001_7.mat,healthy,healthy,0.911108,0.084255,0.004540,0.000097
data\paderborn\extracted\K001\K001\N09_M07_F10_K001_7.mat,healthy,healthy,0.893724,0.103610,0.002613,0.000053
data\paderborn\extracted\K001\K001\N09_M07_F10_K001_7.mat,healthy,healthy,0.924197,0.074740,0.000877,0.000185
data\paderborn\extracted\K001\K001\N09_M07_F10_K001_7.mat,healthy,healthy,0.896494,0.101907,0.001134,0.000466
data\paderborn\extracted\K001\K001\N09_M07_F10_K001_7.mat,healthy,healthy,0.991641,0.008113,0.000198,0.000048
data\paderborn\extracted\K001\K001\N09_M07_F10_K001_7.mat,healthy,healthy,0.994263,0.005233,0.000460,0.000044
data\paderborn\extracted\K001\K001\N09_M07_F10_K001_7.mat,healthy,healthy,0.803419,0.182654,0.012247,0.001680
data\paderborn\extracted\K001\K001\N09_M07_F10_K001_7.mat,healthy,healthy,0.584707,0.408404,0.005180,0.001710
data\paderborn\extracted\K001\K001\N09_M07_F10_K001_7.mat,healthy,healthy,0.844311,0.154622,0.001052,0.000015
data\paderborn\extracted\K001\K001\N09_M07_F10_K001_7.mat,healthy,healthy,0.809585,0.188349,0.001951,0.000115
data\paderborn\extracted\K001\K001\N09_M07_F10_K001_7.mat,healthy,healthy,0.881805,0.116219,0.000960,0.001017
data\paderborn\extracted\K001\K001\N09_M07_F10_K001_7.mat,healthy,healthy,0.984162,0.015262,0.000402,0.000173
data\paderborn\extracted\K001\K001\N09_M07_F10_K001_7.mat,healthy,healthy,0.800793,0.196090,0.002730,0.000386
data\paderborn\extracted\K001\K001\N09_M07_F10_K001_7.mat,healthy,healthy,0.957418,0.030568,0.011857,0.000156
data\paderborn\extracted\K001\K001\N09_M07_F10_K001_7.mat,healthy,healthy,0.784902,0.211963,0.003110,0.000025
data\paderborn\extracted\K001\K001\N09_M07_F10_K001_7.mat,healthy,healthy,0.924711,0.074322,0.000741,0.000226
data\paderborn\extracted\K001\K001\N09_M07_F10_K001_8.mat,healthy,healthy,0.879607,0.116817,0.002597,0.000979
data\paderborn\extracted\K001\K001\N09_M07_F10_K001_8.mat,healthy,healthy,0.986249,0.013308,0.000404,0.000039
data\paderborn\extracted\K001\K001\N09_M07_F10_K001_8.mat,healthy,healthy,0.997421,0.002328,0.000239,0.000012
data\paderborn\extracted\K001\K001\N09_M07_F10_K001_8.mat,healthy,healthy,0.984527,0.014856,0.000529,0.000088
data\paderborn\extracted\K001\K001\N09_M07_F10_K001_8.mat,healthy,healthy,0.869408,0.121953,0.006275,0.002364
data\paderborn\extracted\K001\K001\N09_M07_F10_K001_8.mat,healthy,healthy,0.942007,0.051538,0.006238,0.000216
data\paderborn\extracted\K001\K001\N09_M07_F10_K001_8.mat,healthy,healthy,0.680439,0.313656,0.005675,0.000230
data\paderborn\extracted\K001\K001\N09_M07_F10_K001_8.mat,healthy,healthy,0.954567,0.041732,0.003426,0.000275
data\paderborn\extracted\K001\K001\N09_M07_F10_K001_8.mat,healthy,healthy,0.623436,0.373561,0.002331,0.000671
data\paderborn\extracted\K001\K001\N09_M07_F10_K001_8.mat,healthy,healthy,0.855139,0.141065,0.003713,0.000084
data\paderborn\extracted\K001\K001\N09_M07_F10_K001_8.mat,healthy,healthy,0.954512,0.043510,0.001845,0.000132
data\paderborn\extracted\K001\K001\N09_M07_F10_K001_8.mat,healthy,healthy,0.894470,0.101721,0.001980,0.001828
data\paderborn\extracted\K001\K001\N09_M07_F10_K001_8.mat,healthy,healthy,0.952927,0.044299,0.002575,0.000199
data\paderborn\extracted\K001\K001\N09_M07_F10_K001_8.mat,healthy,healthy,0.955386,0.044042,0.000550,0.000023
data\paderborn\extracted\K001\K001\N09_M07_F10_K001_8.mat,healthy,healthy,0.971762,0.026942,0.001014,0.000282
data\paderborn\extracted\K001\K001\N09_M07_F10_K001_8.mat,healthy,healthy,0.961522,0.036564,0.000433,0.001480
data\paderborn\extracted\K001\K001\N09_M07_F10_K001_9.mat,healthy,healthy,0.932540,0.066877,0.000433,0.000150
data\paderborn\extracted\K001\K001\N09_M07_F10_K001_9.mat,healthy,healthy,0.998516,0.001330,0.000144,0.000011
data\paderborn\extracted\K001\K001\N09_M07_F10_K001_9.mat,healthy,healthy,0.994834,0.005008,0.000130,0.000028
data\paderborn\extracted\K001\K001\N09_M07_F10_K001_9.mat,healthy,healthy,0.905683,0.092967,0.001159,0.000191
data\paderborn\extracted\K001\K001\N09_M07_F10_K001_9.mat,healthy,healthy,0.993393,0.005896,0.000697,0.000015
data\paderborn\extracted\K001\K001\N09_M07_F10_K001_9.mat,healthy,healthy,0.984539,0.014655,0.000781,0.000025
data\paderborn\extracted\K001\K001\N09_M07_F10_K001_9.mat,healthy,healthy,0.993016,0.006692,0.000273,0.000019
data\paderborn\extracted\K001\K001\N09_M07_F10_K001_9.mat,healthy,healthy,0.989648,0.009938,0.000273,0.000140
data\paderborn\extracted\K001\K001\N09_M07_F10_K001_9.mat,healthy,healthy,0.795997,0.202301,0.001375,0.000327
data\paderborn\extracted\K001\K001\N09_M07_F10_K001_9.mat,healthy,healthy,0.811006,0.187357,0.001472,0.000165
data\paderborn\extracted\K001\K001\N09_M07_F10_K001_9.mat,healthy,healthy,0.986630,0.012597,0.000729,0.000044
data\paderborn\extracted\K001\K001\N09_M07_F10_K001_9.mat,healthy,healthy,0.849920,0.147567,0.000935,0.001578
data\paderborn\extracted\K001\K001\N09_M07_F10_K001_9.mat,healthy,healthy,0.967232,0.032112,0.000556,0.000101
data\paderborn\extracted\K001\K001\N09_M07_F10_K001_9.mat,healthy,healthy,0.903216,0.096024,0.000726,0.000034
data\paderborn\extracted\K001\K001\N09_M07_F10_K001_9.mat,healthy,healthy,0.896746,0.099856,0.003001,0.000397
data\paderborn\extracted\K001\K001\N09_M07_F10_K001_9.mat,healthy,healthy,0.803196,0.195597,0.000844,0.000363
data\paderborn\extracted\K001\K001\N15_M01_F10_K001_1.mat,healthy,healthy,0.987565,0.012303,0.000131,0.000001
data\paderborn\extracted\K001\K001\N15_M01_F10_K001_1.mat,healthy,healthy,0.992419,0.007496,0.000084,0.000001
data\paderborn\extracted\K001\K001\N15_M01_F10_K001_1.mat,healthy,healthy,0.927461,0.072346,0.000070,0.000123
data\paderborn\extracted\K001\K001\N15_M01_F10_K001_1.mat,healthy,healthy,0.988181,0.011785,0.000014,0.000019
data\paderborn\extracted\K001\K001\N15_M01_F10_K001_1.mat,healthy,healthy,0.995307,0.004609,0.000057,0.000026
data\paderborn\extracted\K001\K001\N15_M01_F10_K001_1.mat,healthy,healthy,0.998047,0.001867,0.000079,0.000007
data\paderborn\extracted\K001\K001\N15_M01_F10_K001_1.mat,healthy,healthy,0.998636,0.001345,0.000016,0.000003
data\paderborn\extracted\K001\K001\N15_M01_F10_K001_1.mat,healthy,healthy,0.994609,0.005359,0.000023,0.000009
data\paderborn\extracted\K001\K001\N15_M01_F10_K001_1.mat,healthy,healthy,0.985908,0.013950,0.000111,0.000031
data\paderborn\extracted\K001\K001\N15_M01_F10_K001_1.mat,healthy,healthy,0.971261,0.028439,0.000077,0.000223
data\paderborn\extracted\K001\K001\N15_M01_F10_K001_1.mat,healthy,healthy,0.963256,0.036638,0.000044,0.000063
data\paderborn\extracted\K001\K001\N15_M01_F10_K001_1.mat,healthy,healthy,0.994431,0.005523,0.000043,0.000003
data\paderborn\extracted\K001\K001\N15_M01_F10_K001_1.mat,healthy,healthy,0.995756,0.004214,0.000026,0.000004
data\paderborn\extracted\K001\K001\N15_M01_F10_K001_1.mat,healthy,healthy,0.995445,0.004528,0.000016,0.000011
data\paderborn\extracted\K001\K001\N15_M01_F10_K001_1.mat,healthy,healthy,0.993579,0.006289,0.000020,0.000112
data\paderborn\extracted\K001\K001\N15_M01_F10_K001_1.mat,healthy,healthy,0.985005,0.014798,0.000018,0.000178
data\paderborn\extracted\K001\K001\N15_M01_F10_K001_10.mat,healthy,healthy,0.999305,0.000672,0.000020,0.000004
data\paderborn\extracted\K001\K001\N15_M01_F10_K001_10.mat,healthy,healthy,0.998569,0.001412,0.000009,0.000009
data\paderborn\extracted\K001\K001\N15_M01_F10_K001_10.mat,healthy,healthy,0.997503,0.002479,0.000008,0.000009
data\paderborn\extracted\K001\K001\N15_M01_F10_K001_10.mat,healthy,healthy,0.991969,0.008007,0.000018,0.000005
data\paderborn\extracted\K001\K001\N15_M01_F10_K001_10.mat,healthy,healthy,0.995624,0.004326,0.000047,0.000002
data\paderborn\extracted\K001\K001\N15_M01_F10_K001_10.mat,healthy,healthy,0.992109,0.007828,0.000041,0.000021
data\paderborn\extracted\K001\K001\N15_M01_F10_K001_10.mat,healthy,healthy,0.987584,0.012367,0.000031,0.000019
data\paderborn\extracted\K001\K001\N15_M01_F10_K001_10.mat,healthy,healthy,0.994768,0.005195,0.000022,0.000016
data\paderborn\extracted\K001\K001\N15_M01_F10_K001_10.mat,healthy,healthy,0.996803,0.003160,0.000017,0.000019
data\paderborn\extracted\K001\K001\N15_M01_F10_K001_10.mat,healthy,healthy,0.989464,0.010501,0.000027,0.000008
data\paderborn\extracted\K001\K001\N15_M01_F10_K001_10.mat,healthy,healthy,0.959902,0.039983,0.000109,0.000007
data\paderborn\extracted\K001\K001\N15_M01_F10_K001_10.mat,healthy,healthy,0.990970,0.008982,0.000039,0.000010
data\paderborn\extracted\K001\K001\N15_M01_F10_K001_10.mat,healthy,healthy,0.992101,0.007863,0.000017,0.000018
data\paderborn\extracted\K001\K001\N15_M01_F10_K001_10.mat,healthy,healthy,0.997623,0.002331,0.000033,0.000014
data\paderborn\extracted\K001\K001\N15_M01_F10_K001_10.mat,healthy,healthy,0.993751,0.006214,0.000012,0.000023
data\paderborn\extracted\K001\K001\N15_M01_F10_K001_10.mat,healthy,healthy,0.997418,0.002535,0.000031,0.000016
data\paderborn\extracted\K001\K001\N15_M01_F10_K001_11.mat,healthy,healthy,0.997722,0.002264,0.000008,0.000006
data\paderborn\extracted\K001\K001\N15_M01_F10_K001_11.mat,healthy,healthy,0.991283,0.008496,0.000052,0.000170
data\paderborn\extracted\K001\K001\N15_M01_F10_K001_11.mat,healthy,healthy,0.994433,0.005527,0.000025,0.000015
data\paderborn\extracted\K001\K001\N15_M01_F10_K001_11.mat,healthy,healthy,0.995871,0.004109,0.000015,0.000005
data\paderborn\extracted\K001\K001\N15_M01_F10_K001_11.mat,healthy,healthy,0.997385,0.002574,0.000032,0.000008
data\paderborn\extracted\K001\K001\N15_M01_F10_K001_11.mat,healthy,healthy,0.996109,0.003852,0.000025,0.000013
data\paderborn\extracted\K001\K001\N15_M01_F10_K001_11.mat,healthy,healthy,0.996181,0.003803,0.000010,0.000006
data\paderborn\extracted\K001\K001\N15_M01_F10_K001_11.mat,healthy,healthy,0.996629,0.003298,0.000063,0.000009
data\paderborn\extracted\K001\K001\N15_M01_F10_K001_11.mat,healthy,healthy,0.997498,0.002479,0.000014,0.000008
data\paderborn\extracted\K001\K001\N15_M01_F10_K001_11.mat,healthy,healthy,0.994144,0.005827,0.000013,0.000015
data\paderborn\extracted\K001\K001\N15_M01_F10_K001_11.mat,healthy,healthy,0.992313,0.007601,0.000078,0.000008
data\paderborn\extracted\K001\K001\N15_M01_F10_K001_11.mat,healthy,healthy,0.996626,0.003315,0.000058,0.000001
data\paderborn\extracted\K001\K001\N15_M01_F10_K001_11.mat,healthy,healthy,0.998450,0.001535,0.000014,0.000001
data\paderborn\extracted\K001\K001\N15_M01_F10_K001_11.mat,healthy,healthy,0.996900,0.003062,0.000030,0.000008
data\paderborn\extracted\K001\K001\N15_M01_F10_K001_11.mat,healthy,healthy,0.985747,0.014191,0.000025,0.000038
data\paderborn\extracted\K001\K001\N15_M01_F10_K001_11.mat,healthy,healthy,0.986622,0.013273,0.000023,0.000082
data\paderborn\extracted\K001\K001\N15_M01_F10_K001_12.mat,healthy,healthy,0.996893,0.003077,0.000029,0.000002
data\paderborn\extracted\K001\K001\N15_M01_F10_K001_12.mat,healthy,healthy,0.998705,0.001277,0.000012,0.000006
data\paderborn\extracted\K001\K001\N15_M01_F10_K001_12.mat,healthy,healthy,0.999015,0.000963,0.000007,0.000015
data\paderborn\extracted\K001\K001\N15_M01_F10_K001_12.mat,healthy,healthy,0.998646,0.001312,0.000017,0.000025
data\paderborn\extracted\K001\K001\N15_M01_F10_K001_12.mat,healthy,healthy,0.998528,0.001436,0.000032,0.000004
data\paderborn\extracted\K001\K001\N15_M01_F10_K001_12.mat,healthy,healthy,0.992397,0.007557,0.000042,0.000004
data\paderborn\extracted\K001\K001\N15_M01_F10_K001_12.mat,healthy,healthy,0.997199,0.002774,0.000019,0.000007
data\paderborn\extracted\K001\K001\N15_M01_F10_K001_12.mat,healthy,healthy,0.998383,0.001595,0.000018,0.000004
data\paderborn\extracted\K001\K001\N15_M01_F10_K001_12.mat,healthy,healthy,0.994328,0.005624,0.000028,0.000020
data\paderborn\extracted\K001\K001\N15_M01_F10_K001_12.mat,healthy,healthy,0.983425,0.016507,0.000038,0.000030
data\paderborn\extracted\K001\K001\N15_M01_F10_K001_12.mat,healthy,healthy,0.995072,0.004906,0.000018,0.000003
data\paderborn\extracted\K001\K001\N15_M01_F10_K001_12.mat,healthy,healthy,0.997395,0.002584,0.000011,0.000010
data\paderborn\extracted\K001\K001\N15_M01_F10_K001_12.mat,healthy,healthy,0.997908,0.002065,0.000007,0.000020
data\paderborn\extracted\K001\K001\N15_M01_F10_K001_12.mat,healthy,healthy,0.997931,0.002051,0.000011,0.000006
data\paderborn\extracted\K001\K001\N15_M01_F10_K001_12.mat,healthy,healthy,0.995887,0.004072,0.000013,0.000028
data\paderborn\extracted\K001\K001\N15_M01_F10_K001_12.mat,healthy,healthy,0.998982,0.000953,0.000017,0.000047
data\paderborn\extracted\K001\K001\N15_M01_F10_K001_13.mat,healthy,healthy,0.996612,0.003345,0.000023,0.000020
data\paderborn\extracted\K001\K001\N15_M01_F10_K001_13.mat,healthy,healthy,0.990793,0.009164,0.000034,0.000010
data\paderborn\extracted\K001\K001\N15_M01_F10_K001_13.mat,healthy,healthy,0.997432,0.002551,0.000012,0.000004
data\paderborn\extracted\K001\K001\N15_M01_F10_K001_13.mat,healthy,healthy,0.997704,0.002247,0.000041,0.000008
data\paderborn\extracted\K001\K001\N15_M01_F10_K001_13.mat,healthy,healthy,0.987019,0.012852,0.000046,0.000084
data\paderborn\extracted\K001\K001\N15_M01_F10_K001_13.mat,healthy,healthy,0.997484,0.002490,0.000018,0.000007
data\paderborn\extracted\K001\K001\N15_M01_F10_K001_13.mat,healthy,healthy,0.996659,0.003255,0.000080,0.000005
data\paderborn\extracted\K001\K001\N15_M01_F10_K001_13.mat,healthy,healthy,0.993787,0.005951,0.000259,0.000003
data\paderborn\extracted\K001\K001\N15_M01_F10_K001_13.mat,healthy,healthy,0.991260,0.008649,0.000087,0.000004
data\paderborn\extracted\K001\K001\N15_M01_F10_K001_13.mat,healthy,healthy,0.994155,0.005763,0.000016,0.000066
data\paderborn\extracted\K001\K001\N15_M01_F10_K001_13.mat,healthy,healthy,0.968729,0.030998,0.000014,0.000259
data\paderborn\extracted\K001\K001\N15_M01_F10_K001_13.mat,healthy,healthy,0.997532,0.002440,0.000012,0.000016
data\paderborn\extracted\K001\K001\N15_M01_F10_K001_13.mat,healthy,healthy,0.994128,0.005776,0.000053,0.000043
data\paderborn\extracted\K001\K001\N15_M01_F10_K001_13.mat,healthy,healthy,0.981791,0.018098,0.000095,0.000016
data\paderborn\extracted\K001\K001\N15_M01_F10_K001_13.mat,healthy,healthy,0.994880,0.005021,0.000097,0.000002
data\paderborn\extracted\K001\K001\N15_M01_F10_K001_13.mat,healthy,healthy,0.993219,0.006741,0.000017,0.000023
data\paderborn\extracted\K001\K001\N15_M01_F10_K001_14.mat,healthy,healthy,0.994369,0.005560,0.000052,0.000019
data\paderborn\extracted\K001\K001\N15_M01_F10_K001_14.mat,healthy,healthy,0.996328,0.003644,0.000025,0.000002
data\paderborn\extracted\K001\K001\N15_M01_F10_K001_14.mat,healthy,healthy,0.989987,0.009951,0.000054,0.000008
data\paderborn\extracted\K001\K001\N15_M01_F10_K001_14.mat,healthy,healthy,0.990799,0.009175,0.000021,0.000005
data\paderborn\extracted\K001\K001\N15_M01_F10_K001_14.mat,healthy,healthy,0.996041,0.003904,0.000051,0.000003
data\paderborn\extracted\K001\K001\N15_M01_F10_K001_14.mat,healthy,healthy,0.996558,0.003399,0.000014,0.000028
data\paderborn\extracted\K001\K001\N15_M01_F10_K001_14.mat,healthy,healthy,0.996212,0.003745,0.000019,0.000025
data\paderborn\extracted\K001\K001\N15_M01_F10_K001_14.mat,healthy,healthy,0.987001,0.012951,0.000043,0.000006
data\paderborn\extracted\K001\K001\N15_M01_F10_K001_14.mat,healthy,healthy,0.997225,0.002711,0.000063,0.000002
data\paderborn\extracted\K001\K001\N15_M01_F10_K001_14.mat,healthy,healthy,0.997032,0.002947,0.000018,0.000004
data\paderborn\extracted\K001\K001\N15_M01_F10_K001_14.mat,healthy,healthy,0.998710,0.001270,0.000016,0.000004
data\paderborn\extracted\K001\K001\N15_M01_F10_K001_14.mat,healthy,healthy,0.996942,0.003021,0.000010,0.000027
data\paderborn\extracted\K001\K001\N15_M01_F10_K001_14.mat,healthy,healthy,0.992231,0.007631,0.000041,0.000096
data\paderborn\extracted\K001\K001\N15_M01_F10_K001_14.mat,healthy,healthy,0.995284,0.004646,0.000044,0.000027
data\paderborn\extracted\K001\K001\N15_M01_F10_K001_14.mat,healthy,healthy,0.998851,0.001102,0.000026,0.000021
data\paderborn\extracted\K001\K001\N15_M01_F10_K001_14.mat,healthy,healthy,0.995635,0.004282,0.000021,0.000062
data\paderborn\extracted\K001\K001\N15_M01_F10_K001_15.mat,healthy,healthy,0.998090,0.001889,0.000017,0.000003
data\paderborn\extracted\K001\K001\N15_M01_F10_K001_15.mat,healthy,healthy,0.995642,0.004311,0.000033,0.000014
data\paderborn\extracted\K001\K001\N15_M01_F10_K001_15.mat,healthy,healthy,0.995561,0.004388,0.000024,0.000027
data\paderborn\extracted\K001\K001\N15_M01_F10_K001_15.mat,healthy,healthy,0.998916,0.001062,0.000019,0.000004
data\paderborn\extracted\K001\K001\N15_M01_F10_K001_15.mat,healthy,healthy,0.991853,0.008098,0.000036,0.000013
data\paderborn\extracted\K001\K001\N15_M01_F10_K001_15.mat,healthy,healthy,0.990229,0.009737,0.000028,0.000006
data\paderborn\extracted\K001\K001\N15_M01_F10_K001_15.mat,healthy,healthy,0.994084,0.005800,0.000111,0.000004
data\paderborn\extracted\K001\K001\N15_M01_F10_K001_15.mat,healthy,healthy,0.997935,0.002042,0.000015,0.000008
data\paderborn\extracted\K001\K001\N15_M01_F10_K001_15.mat,healthy,healthy,0.994366,0.005607,0.000018,0.000009
data\paderborn\extracted\K001\K001\N15_M01_F10_K001_15.mat,healthy,healthy,0.996059,0.003909,0.000030,0.000002
data\paderborn\extracted\K001\K001\N15_M01_F10_K001_15.mat,healthy,healthy,0.998524,0.001463,0.000010,0.000002
data\paderborn\extracted\K001\K001\N15_M01_F10_K001_15.mat,healthy,healthy,0.996610,0.003375,0.000012,0.000002
data\paderborn\extracted\K001\K001\N15_M01_F10_K001_15.mat,healthy,healthy,0.990338,0.009630,0.000023,0.000010
data\paderborn\extracted\K001\K001\N15_M01_F10_K001_15.mat,healthy,healthy,0.996641,0.003345,0.000008,0.000006
data\paderborn\extracted\K001\K001\N15_M01_F10_K001_15.mat,healthy,healthy,0.998194,0.001784,0.000015,0.000007
data\paderborn\extracted\K001\K001\N15_M01_F10_K001_15.mat,healthy,healthy,0.993523,0.006380,0.000091,0.000006
data\paderborn\extracted\K001\K001\N15_M01_F10_K001_16.mat,healthy,healthy,0.995556,0.004427,0.000014,0.000003
data\paderborn\extracted\K001\K001\N15_M01_F10_K001_16.mat,healthy,healthy,0.992930,0.007042,0.000019,0.000009
data\paderborn\extracted\K001\K001\N15_M01_F10_K001_16.mat,healthy,healthy,0.995719,0.004245,0.000013,0.000022
data\paderborn\extracted\K001\K001\N15_M01_F10_K001_16.mat,healthy,healthy,0.999368,0.000599,0.000023,0.000009
data\paderborn\extracted\K001\K001\N15_M01_F10_K001_16.mat,healthy,healthy,0.999026,0.000909,0.000061,0.000004
data\paderborn\extracted\K001\K001\N15_M01_F10_K001_16.mat,healthy,healthy,0.995522,0.004460,0.000013,0.000005
data\paderborn\extracted\K001\K001\N15_M01_F10_K001_16.mat,healthy,healthy,0.998737,0.001232,0.000021,0.000010
data\paderborn\extracted\K001\K001\N15_M01_F10_K001_16.mat,healthy,healthy,0.999189,0.000778,0.000015,0.000019
data\paderborn\extracted\K001\K001\N15_M01_F10_K001_16.mat,healthy,healthy,0.999075,0.000908,0.000010,0.000008
data\paderborn\extracted\K001\K001\N15_M01_F10_K001_16.mat,healthy,healthy,0.994976,0.004984,0.000035,0.000005
data\paderborn\extracted\K001\K001\N15_M01_F10_K001_16.mat,healthy,healthy,0.997569,0.002368,0.000060,0.000002
data\paderborn\extracted\K001\K001\N15_M01_F10_K001_16.mat,healthy,healthy,0.996600,0.003376,0.000020,0.000004
data\paderborn\extracted\K001\K001\N15_M01_F10_K001_16.mat,healthy,healthy,0.993202,0.006761,0.000022,0.000015
data\paderborn\extracted\K001\K001\N15_M01_F10_K001_16.mat,healthy,healthy,0.993170,0.006782,0.000020,0.000028
data\paderborn\extracted\K001\K001\N15_M01_F10_K001_16.mat,healthy,healthy,0.997162,0.002804,0.000011,0.000023
data\paderborn\extracted\K001\K001\N15_M01_F10_K001_16.mat,healthy,healthy,0.993880,0.006076,0.000010,0.000034
data\paderborn\extracted\K001\K001\N15_M01_F10_K001_17.mat,healthy,healthy,0.998067,0.001913,0.000011,0.000009
data\paderborn\extracted\K001\K001\N15_M01_F10_K001_17.mat,healthy,healthy,0.996553,0.003384,0.000048,0.000015
data\paderborn\extracted\K001\K001\N15_M01_F10_K001_17.mat,healthy,healthy,0.998805,0.001161,0.000032,0.000002
data\paderborn\extracted\K001\K001\N15_M01_F10_K001_17.mat,healthy,healthy,0.997949,0.002035,0.000007,0.000009
data\paderborn\extracted\K001\K001\N15_M01_F10_K001_17.mat,healthy,healthy,0.995622,0.004293,0.000013,0.000073
data\paderborn\extracted\K001\K001\N15_M01_F10_K001_17.mat,healthy,healthy,0.996248,0.003665,0.000025,0.000062
data\paderborn\extracted\K001\K001\N15_M01_F10_K001_17.mat,healthy,healthy,0.987568,0.012399,0.000027,0.000006
data\paderborn\extracted\K001\K001\N15_M01_F10_K001_17.mat,healthy,healthy,0.996286,0.003648,0.000064,0.000002
data\paderborn\extracted\K001\K001\N15_M01_F10_K001_17.mat,healthy,healthy,0.995422,0.004560,0.000016,0.000002
data\paderborn\extracted\K001\K001\N15_M01_F10_K001_17.mat,healthy,healthy,0.995357,0.004624,0.000013,0.000005
data\paderborn\extracted\K001\K001\N15_M01_F10_K001_17.mat,healthy,healthy,0.995764,0.004196,0.000026,0.000014
data\paderborn\extracted\K001\K001\N15_M01_F10_K001_17.mat,healthy,healthy,0.994637,0.005307,0.000033,0.000023
data\paderborn\extracted\K001\K001\N15_M01_F10_K001_17.mat,healthy,healthy,0.994350,0.005604,0.000019,0.000026
data\paderborn\extracted\K001\K001\N15_M01_F10_K001_17.mat,healthy,healthy,0.994578,0.005362,0.000058,0.000003
data\paderborn\extracted\K001\K001\N15_M01_F10_K001_17.mat,healthy,healthy,0.992250,0.007697,0.000047,0.000006
data\paderborn\extracted\K001\K001\N15_M01_F10_K001_17.mat,healthy,healthy,0.996855,0.003116,0.000016,0.000013
data\paderborn\extracted\K001\K001\N15_M01_F10_K001_18.mat,healthy,healthy,0.996488,0.003485,0.000026,0.000002
data\paderborn\extracted\K001\K001\N15_M01_F10_K001_18.mat,healthy,healthy,0.997086,0.002887,0.000017,0.000010
data\paderborn\extracted\K001\K001\N15_M01_F10_K001_18.mat,healthy,healthy,0.997049,0.002900,0.000022,0.000030
data\paderborn\extracted\K001\K001\N15_M01_F10_K001_18.mat,healthy,healthy,0.993052,0.006534,0.000031,0.000383
data\paderborn\extracted\K001\K001\N15_M01_F10_K001_18.mat,healthy,healthy,0.988146,0.011411,0.000057,0.000386
data\paderborn\extracted\K001\K001\N15_M01_F10_K001_18.mat,healthy,healthy,0.998581,0.001403,0.000009,0.000006
data\paderborn\extracted\K001\K001\N15_M01_F10_K001_18.mat,healthy,healthy,0.993853,0.006080,0.000060,0.000006
data\paderborn\extracted\K001\K001\N15_M01_F10_K001_18.mat,healthy,healthy,0.938948,0.060924,0.000096,0.000032
data\paderborn\extracted\K001\K001\N15_M01_F10_K001_18.mat,healthy,healthy,0.991249,0.008711,0.000028,0.000013
data\paderborn\extracted\K001\K001\N15_M01_F10_K001_18.mat,healthy,healthy,0.996345,0.003620,0.000018,0.000016
data\paderborn\extracted\K001\K001\N15_M01_F10_K001_18.mat,healthy,healthy,0.993520,0.006447,0.000017,0.000017
data\paderborn\extracted\K001\K001\N15_M01_F10_K001_18.mat,healthy,healthy,0.991658,0.008290,0.000042,0.000010
data\paderborn\extracted\K001\K001\N15_M01_F10_K001_18.mat,healthy,healthy,0.998573,0.001396,0.000027,0.000003
data\paderborn\extracted\K001\K001\N15_M01_F10_K001_18.mat,healthy,healthy,0.997796,0.002188,0.000010,0.000006
data\paderborn\extracted\K001\K001\N15_M01_F10_K001_18.mat,healthy,healthy,0.992168,0.007721,0.000034,0.000077
data\paderborn\extracted\K001\K001\N15_M01_F10_K001_18.mat,healthy,healthy,0.997455,0.002523,0.000010,0.000013
data\paderborn\extracted\K001\K001\N15_M01_F10_K001_19.mat,healthy,healthy,0.998583,0.001390,0.000026,0.000002
data\paderborn\extracted\K001\K001\N15_M01_F10_K001_19.mat,healthy,healthy,0.997975,0.002010,0.000011,0.000004
data\paderborn\extracted\K001\K001\N15_M01_F10_K001_19.mat,healthy,healthy,0.995358,0.004603,0.000025,0.000014
data\paderborn\extracted\K001\K001\N15_M01_F10_K001_19.mat,healthy,healthy,0.994881,0.005072,0.000017,0.000029
data\paderborn\extracted\K001\K001\N15_M01_F10_K001_19.mat,healthy,healthy,0.992459,0.007481,0.000042,0.000018
data\paderborn\extracted\K001\K001\N15_M01_F10_K001_19.mat,healthy,healthy,0.994946,0.004928,0.000124,0.000002
data\paderborn\extracted\K001\K001\N15_M01_F10_K001_19.mat,healthy,healthy,0.993246,0.006718,0.000028,0.000008
data\paderborn\extracted\K001\K001\N15_M01_F10_K001_19.mat,healthy,healthy,0.997455,0.002530,0.000009,0.000005
data\paderborn\extracted\K001\K001\N15_M01_F10_K001_19.mat,healthy,healthy,0.997942,0.002032,0.000020,0.000005
data\paderborn\extracted\K001\K001\N15_M01_F10_K001_19.mat,healthy,healthy,0.997542,0.002434,0.000012,0.000012
data\paderborn\extracted\K001\K001\N15_M01_F10_K001_19.mat,healthy,healthy,0.997324,0.002662,0.000009,0.000006
data\paderborn\extracted\K001\K001\N15_M01_F10_K001_19.mat,healthy,healthy,0.995838,0.004140,0.000018,0.000004
data\paderborn\extracted\K001\K001\N15_M01_F10_K001_19.mat,healthy,healthy,0.996652,0.003311,0.000032,0.000006
data\paderborn\extracted\K001\K001\N15_M01_F10_K001_19.mat,healthy,healthy,0.995396,0.004559,0.000032,0.000012
data\paderborn\extracted\K001\K001\N15_M01_F10_K001_19.mat,healthy,healthy,0.990625,0.009305,0.000020,0.000050
data\paderborn\extracted\K001\K001\N15_M01_F10_K001_19.mat,healthy,healthy,0.995978,0.003998,0.000009,0.000014
data\paderborn\extracted\K001\K001\N15_M01_F10_K001_2.mat,healthy,healthy,0.985478,0.014470,0.000012,0.000039
data\paderborn\extracted\K001\K001\N15_M01_F10_K001_2.mat,healthy,healthy,0.992910,0.006918,0.000035,0.000137
data\paderborn\extracted\K001\K001\N15_M01_F10_K001_2.mat,healthy,healthy,0.997290,0.002668,0.000014,0.000027
data\paderborn\extracted\K001\K001\N15_M01_F10_K001_2.mat,healthy,healthy,0.997570,0.002412,0.000015,0.000004
data\paderborn\extracted\K001\K001\N15_M01_F10_K001_2.mat,healthy,healthy,0.998118,0.001838,0.000040,0.000003
data\paderborn\extracted\K001\K001\N15_M01_F10_K001_2.mat,healthy,healthy,0.993991,0.005967,0.000035,0.000007
data\paderborn\extracted\K001\K001\N15_M01_F10_K001_2.mat,healthy,healthy,0.998438,0.001550,0.000011,0.000001
data\paderborn\extracted\K001\K001\N15_M01_F10_K001_2.mat,healthy,healthy,0.996387,0.003595,0.000014,0.000004
data\paderborn\extracted\K001\K001\N15_M01_F10_K001_2.mat,healthy,healthy,0.993859,0.006117,0.000014,0.000009
data\paderborn\extracted\K001\K001\N15_M01_F10_K001_2.mat,healthy,healthy,0.992788,0.007186,0.000022,0.000005
data\paderborn\extracted\K001\K001\N15_M01_F10_K001_2.mat,healthy,healthy,0.996604,0.003370,0.000025,0.000002
data\paderborn\extracted\K001\K001\N15_M01_F10_K001_2.mat,healthy,healthy,0.997466,0.002508,0.000021,0.000005
data\paderborn\extracted\K001\K001\N15_M01_F10_K001_2.mat,healthy,healthy,0.987101,0.012848,0.000021,0.000030
data\paderborn\extracted\K001\K001\N15_M01_F10_K001_2.mat,healthy,healthy,0.988652,0.011104,0.000141,0.000102
data\paderborn\extracted\K001\K001\N15_M01_F10_K001_2.mat,healthy,healthy,0.996263,0.003697,0.000033,0.000007
data\paderborn\extracted\K001\K001\N15_M01_F10_K001_2.mat,healthy,healthy,0.997966,0.001987,0.000043,0.000003
data\paderborn\extracted\K001\K001\N15_M01_F10_K001_20.mat,healthy,healthy,0.996034,0.003923,0.000040,0.000003
data\paderborn\extracted\K001\K001\N15_M01_F10_K001_20.mat,healthy,healthy,0.993372,0.006584,0.000036,0.000009
data\paderborn\extracted\K001\K001\N15_M01_F10_K001_20.mat,healthy,healthy,0.998028,0.001955,0.000010,0.000008
data\paderborn\extracted\K001\K001\N15_M01_F10_K001_20.mat,healthy,healthy,0.998947,0.000951,0.000062,0.000040
data\paderborn\extracted\K001\K001\N15_M01_F10_K001_20.mat,healthy,healthy,0.993235,0.006732,0.000017,0.000017
data\paderborn\extracted\K001\K001\N15_M01_F10_K001_20.mat,healthy,healthy,0.996054,0.003933,0.000011,0.000003
data\paderborn\extracted\K001\K001\N15_M01_F10_K001_20.mat,healthy,healthy,0.997456,0.002525,0.000016,0.000003
data\paderborn\extracted\K001\K001\N15_M01_F10_K001_20.mat,healthy,healthy,0.998187,0.001790,0.000016,0.000006
data\paderborn\extracted\K001\K001\N15_M01_F10_K001_20.mat,healthy,healthy,0.984492,0.015475,0.000019,0.000014
data\paderborn\extracted\K001\K001\N15_M01_F10_K001_20.mat,healthy,healthy,0.996209,0.003756,0.000021,0.000014
data\paderborn\extracted\K001\K001\N15_M01_F10_K001_20.mat,healthy,healthy,0.994069,0.005890,0.000016,0.000025
data\paderborn\extracted\K001\K001\N15_M01_F10_K001_20.mat,healthy,healthy,0.998762,0.001228,0.000007,0.000002
data\paderborn\extracted\K001\K001\N15_M01_F10_K001_20.mat,healthy,healthy,0.997768,0.002207,0.000021,0.000004
data\paderborn\extracted\K001\K001\N15_M01_F10_K001_20.mat,healthy,healthy,0.993656,0.006305,0.000028,0.000011
data\paderborn\extracted\K001\K001\N15_M01_F10_K001_20.mat,healthy,healthy,0.999113,0.000877,0.000007,0.000003
data\paderborn\extracted\K001\K001\N15_M01_F10_K001_20.mat,healthy,healthy,0.993454,0.006510,0.000023,0.000014
data\paderborn\extracted\K001\K001\N15_M01_F10_K001_3.mat,healthy,healthy,0.994613,0.005343,0.000040,0.000004
data\paderborn\extracted\K001\K001\N15_M01_F10_K001_3.mat,healthy,healthy,0.997504,0.002443,0.000050,0.000004
data\paderborn\extracted\K001\K001\N15_M01_F10_K001_3.mat,healthy,healthy,0.998788,0.001200,0.000010,0.000002
data\paderborn\extracted\K001\K001\N15_M01_F10_K001_3.mat,healthy,healthy,0.992669,0.007296,0.000024,0.000011
data\paderborn\extracted\K001\K001\N15_M01_F10_K001_3.mat,healthy,healthy,0.997219,0.002742,0.000015,0.000025
data\paderborn\extracted\K001\K001\N15_M01_F10_K001_3.mat,healthy,healthy,0.998341,0.001629,0.000026,0.000004
data\paderborn\extracted\K001\K001\N15_M01_F10_K001_3.mat,healthy,healthy,0.995316,0.004663,0.000013,0.000008
data\paderborn\extracted\K001\K001\N15_M01_F10_K001_3.mat,healthy,healthy,0.997861,0.002124,0.000007,0.000008
data\paderborn\extracted\K001\K001\N15_M01_F10_K001_3.mat,healthy,healthy,0.998474,0.001513,0.000007,0.000005
data\paderborn\extracted\K001\K001\N15_M01_F10_K001_3.mat,healthy,healthy,0.998056,0.001910,0.000011,0.000023
data\paderborn\extracted\K001\K001\N15_M01_F10_K001_3.mat,healthy,healthy,0.990286,0.009615,0.000036,0.000063
data\paderborn\extracted\K001\K001\N15_M01_F10_K001_3.mat,healthy,healthy,0.989057,0.010882,0.000042,0.000018
data\paderborn\extracted\K001\K001\N15_M01_F10_K001_3.mat,healthy,healthy,0.997802,0.002173,0.000014,0.000011
data\paderborn\extracted\K001\K001\N15_M01_F10_K001_3.mat,healthy,healthy,0.998415,0.001563,0.000015,0.000007
data\paderborn\extracted\K001\K001\N15_M01_F10_K001_3.mat,healthy,healthy,0.998539,0.001442,0.000017,0.000002
data\paderborn\extracted\K001\K001\N15_M01_F10_K001_3.mat,healthy,healthy,0.997701,0.002270,0.000021,0.000008
data\paderborn\extracted\K001\K001\N15_M01_F10_K001_4.mat,healthy,healthy,0.998903,0.001065,0.000019,0.000013
data\paderborn\extracted\K001\K001\N15_M01_F10_K001_4.mat,healthy,healthy,0.998346,0.001628,0.000016,0.000010
data\paderborn\extracted\K001\K001\N15_M01_F10_K001_4.mat,healthy,healthy,0.994538,0.005431,0.000017,0.000015
data\paderborn\extracted\K001\K001\N15_M01_F10_K001_4.mat,healthy,healthy,0.997812,0.002128,0.000054,0.000006
data\paderborn\extracted\K001\K001\N15_M01_F10_K001_4.mat,healthy,healthy,0.994128,0.005800,0.000068,0.000004
data\paderborn\extracted\K001\K001\N15_M01_F10_K001_4.mat,healthy,healthy,0.998401,0.001572,0.000025,0.000002
data\paderborn\extracted\K001\K001\N15_M01_F10_K001_4.mat,healthy,healthy,0.998506,0.001473,0.000012,0.000009
data\paderborn\extracted\K001\K001\N15_M01_F10_K001_4.mat,healthy,healthy,0.998571,0.001409,0.000012,0.000008
data\paderborn\extracted\K001\K001\N15_M01_F10_K001_4.mat,healthy,healthy,0.998291,0.001687,0.000020,0.000001
data\paderborn\extracted\K001\K001\N15_M01_F10_K001_4.mat,healthy,healthy,0.989045,0.010919,0.000030,0.000005
data\paderborn\extracted\K001\K001\N15_M01_F10_K001_4.mat,healthy,healthy,0.996656,0.003317,0.000019,0.000008
data\paderborn\extracted\K001\K001\N15_M01_F10_K001_4.mat,healthy,healthy,0.995908,0.004067,0.000016,0.000009
data\paderborn\extracted\K001\K001\N15_M01_F10_K001_4.mat,healthy,healthy,0.997358,0.002617,0.000010,0.000015
data\paderborn\extracted\K001\K001\N15_M01_F10_K001_4.mat,healthy,healthy,0.997428,0.002539,0.000022,0.000011
data\paderborn\extracted\K001\K001\N15_M01_F10_K001_4.mat,healthy,healthy,0.998869,0.001120,0.000007,0.000004
data\paderborn\extracted\K001\K001\N15_M01_F10_K001_4.mat,healthy,healthy,0.997895,0.002081,0.000008,0.000016
data\paderborn\extracted\K001\K001\N15_M01_F10_K001_5.mat,healthy,healthy,0.997441,0.002397,0.000098,0.000064
data\paderborn\extracted\K001\K001\N15_M01_F10_K001_5.mat,healthy,healthy,0.997532,0.002399,0.000052,0.000017
data\paderborn\extracted\K001\K001\N15_M01_F10_K001_5.mat,healthy,healthy,0.995850,0.004121,0.000025,0.000004
data\paderborn\extracted\K001\K001\N15_M01_F10_K001_5.mat,healthy,healthy,0.996244,0.003693,0.000058,0.000006
data\paderborn\extracted\K001\K001\N15_M01_F10_K001_5.mat,healthy,healthy,0.998407,0.001575,0.000016,0.000002
data\paderborn\extracted\K001\K001\N15_M01_F10_K001_5.mat,healthy,healthy,0.995639,0.004344,0.000009,0.000009
data\paderborn\extracted\K001\K001\N15_M01_F10_K001_5.mat,healthy,healthy,0.986743,0.013180,0.000043,0.000034
data\paderborn\extracted\K001\K001\N15_M01_F10_K001_5.mat,healthy,healthy,0.998019,0.001959,0.000008,0.000014
data\paderborn\extracted\K001\K001\N15_M01_F10_K001_5.mat,healthy,healthy,0.995915,0.004062,0.000014,0.000009
data\paderborn\extracted\K001\K001\N15_M01_F10_K001_5.mat,healthy,healthy,0.994323,0.005584,0.000089,0.000004
data\paderborn\extracted\K001\K001\N15_M01_F10_K001_5.mat,healthy,healthy,0.993384,0.006582,0.000031,0.000002
data\paderborn\extracted\K001\K001\N15_M01_F10_K001_5.mat,healthy,healthy,0.998047,0.001932,0.000017,0.000004
data\paderborn\extracted\K001\K001\N15_M01_F10_K001_5.mat,healthy,healthy,0.987727,0.011973,0.000195,0.000105
data\paderborn\extracted\K001\K001\N15_M01_F10_K001_5.mat,healthy,healthy,0.995494,0.004461,0.000033,0.000012
data\paderborn\extracted\K001\K001\N15_M01_F10_K001_5.mat,healthy,healthy,0.987358,0.012592,0.000045,0.000006
data\paderborn\extracted\K001\K001\N15_M01_F10_K001_5.mat,healthy,healthy,0.986295,0.013623,0.000077,0.000005
data\paderborn\extracted\K001\K001\N15_M01_F10_K001_6.mat,healthy,healthy,0.994492,0.005450,0.000053,0.000005
data\paderborn\extracted\K001\K001\N15_M01_F10_K001_6.mat,healthy,healthy,0.991824,0.008079,0.000092,0.000006
data\paderborn\extracted\K001\K001\N15_M01_F10_K001_6.mat,healthy,healthy,0.992783,0.007109,0.000093,0.000014
data\paderborn\extracted\K001\K001\N15_M01_F10_K001_6.mat,healthy,healthy,0.996034,0.003890,0.000074,0.000002
data\paderborn\extracted\K001\K001\N15_M01_F10_K001_6.mat,healthy,healthy,0.994085,0.005875,0.000026,0.000015
data\paderborn\extracted\K001\K001\N15_M01_F10_K001_6.mat,healthy,healthy,0.992342,0.007630,0.000014,0.000014
data\paderborn\extracted\K001\K001\N15_M01_F10_K001_6.mat,healthy,healthy,0.987334,0.012625,0.000035,0.000006
data\paderborn\extracted\K001\K001\N15_M01_F10_K001_6.mat,healthy,healthy,0.992393,0.007586,0.000019,0.000002
data\paderborn\extracted\K001\K001\N15_M01_F10_K001_6.mat,healthy,healthy,0.998406,0.001575,0.000018,0.000001
data\paderborn\extracted\K001\K001\N15_M01_F10_K001_6.mat,healthy,healthy,0.997642,0.002334,0.000011,0.000013
data\paderborn\extracted\K001\K001\N15_M01_F10_K001_6.mat,healthy,healthy,0.991427,0.008346,0.000124,0.000103
data\paderborn\extracted\K001\K001\N15_M01_F10_K001_6.mat,healthy,healthy,0.986600,0.013325,0.000032,0.000043
data\paderborn\extracted\K001\K001\N15_M01_F10_K001_6.mat,healthy,healthy,0.995240,0.004703,0.000036,0.000021
data\paderborn\extracted\K001\K001\N15_M01_F10_K001_6.mat,healthy,healthy,0.998997,0.000988,0.000011,0.000004
data\paderborn\extracted\K001\K001\N15_M01_F10_K001_6.mat,healthy,healthy,0.997966,0.002017,0.000013,0.000004
data\paderborn\extracted\K001\K001\N15_M01_F10_K001_6.mat,healthy,healthy,0.996067,0.003892,0.000017,0.000025
data\paderborn\extracted\K001\K001\N15_M01_F10_K001_7.mat,healthy,healthy,0.997365,0.002620,0.000011,0.000004
data\paderborn\extracted\K001\K001\N15_M01_F10_K001_7.mat,healthy,healthy,0.998323,0.001624,0.000050,0.000004
data\paderborn\extracted\K001\K001\N15_M01_F10_K001_7.mat,healthy,healthy,0.988289,0.011662,0.000027,0.000022
data\paderborn\extracted\K001\K001\N15_M01_F10_K001_7.mat,healthy,healthy,0.997567,0.002411,0.000016,0.000006
data\paderborn\extracted\K001\K001\N15_M01_F10_K001_7.mat,healthy,healthy,0.996645,0.003309,0.000037,0.000009
data\paderborn\extracted\K001\K001\N15_M01_F10_K001_7.mat,healthy,healthy,0.997720,0.002260,0.000018,0.000002
data\paderborn\extracted\K001\K001\N15_M01_F10_K001_7.mat,healthy,healthy,0.986998,0.012973,0.000024,0.000005
data\paderborn\extracted\K001\K001\N15_M01_F10_K001_7.mat,healthy,healthy,0.986116,0.013828,0.000027,0.000028
data\paderborn\extracted\K001\K001\N15_M01_F10_K001_7.mat,healthy,healthy,0.995374,0.004563,0.000027,0.000036
data\paderborn\extracted\K001\K001\N15_M01_F10_K001_7.mat,healthy,healthy,0.997895,0.002081,0.000007,0.000016
data\paderborn\extracted\K001\K001\N15_M01_F10_K001_7.mat,healthy,healthy,0.994393,0.005563,0.000023,0.000021
data\paderborn\extracted\K001\K001\N15_M01_F10_K001_7.mat,healthy,healthy,0.994117,0.005774,0.000106,0.000003
data\paderborn\extracted\K001\K001\N15_M01_F10_K001_7.mat,healthy,healthy,0.997394,0.002557,0.000047,0.000001
data\paderborn\extracted\K001\K001\N15_M01_F10_K001_7.mat,healthy,healthy,0.981481,0.018416,0.000094,0.000009
data\paderborn\extracted\K001\K001\N15_M01_F10_K001_7.mat,healthy,healthy,0.970157,0.029752,0.000073,0.000018
data\paderborn\extracted\K001\K001\N15_M01_F10_K001_7.mat,healthy,healthy,0.998559,0.001416,0.000022,0.000003
data\paderborn\extracted\K001\K001\N15_M01_F10_K001_8.mat,healthy,healthy,0.985851,0.014074,0.000065,0.000010
data\paderborn\extracted\K001\K001\N15_M01_F10_K001_8.mat,healthy,healthy,0.997358,0.002611,0.000027,0.000004
data\paderborn\extracted\K001\K001\N15_M01_F10_K001_8.mat,healthy,healthy,0.997121,0.002848,0.000016,0.000014
data\paderborn\extracted\K001\K001\N15_M01_F10_K001_8.mat,healthy,healthy,0.996821,0.003132,0.000037,0.000010
data\paderborn\extracted\K001\K001\N15_M01_F10_K001_8.mat,healthy,healthy,0.997317,0.002578,0.000063,0.000042
data\paderborn\extracted\K001\K001\N15_M01_F10_K001_8.mat,healthy,healthy,0.997679,0.002262,0.000052,0.000007
data\paderborn\extracted\K001\K001\N15_M01_F10_K001_8.mat,healthy,healthy,0.995123,0.004841,0.000033,0.000003
data\paderborn\extracted\K001\K001\N15_M01_F10_K001_8.mat,healthy,healthy,0.996713,0.003260,0.000024,0.000003
data\paderborn\extracted\K001\K001\N15_M01_F10_K001_8.mat,healthy,healthy,0.998932,0.001040,0.000017,0.000010
data\paderborn\extracted\K001\K001\N15_M01_F10_K001_8.mat,healthy,healthy,0.997806,0.002174,0.000015,0.000005
data\paderborn\extracted\K001\K001\N15_M01_F10_K001_8.mat,healthy,healthy,0.995402,0.004539,0.000046,0.000013
data\paderborn\extracted\K001\K001\N15_M01_F10_K001_8.mat,healthy,healthy,0.998229,0.001754,0.000015,0.000002
data\paderborn\extracted\K001\K001\N15_M01_F10_K001_8.mat,healthy,healthy,0.994524,0.005447,0.000024,0.000004
data\paderborn\extracted\K001\K001\N15_M01_F10_K001_8.mat,healthy,healthy,0.996530,0.003436,0.000028,0.000006
data\paderborn\extracted\K001\K001\N15_M01_F10_K001_8.mat,healthy,healthy,0.967310,0.032565,0.000064,0.000062
data\paderborn\extracted\K001\K001\N15_M01_F10_K001_8.mat,healthy,healthy,0.967186,0.032740,0.000043,0.000030
data\paderborn\extracted\K001\K001\N15_M01_F10_K001_9.mat,healthy,healthy,0.994704,0.005173,0.000119,0.000004
data\paderborn\extracted\K001\K001\N15_M01_F10_K001_9.mat,healthy,healthy,0.993167,0.006614,0.000216,0.000004
data\paderborn\extracted\K001\K001\N15_M01_F10_K001_9.mat,healthy,healthy,0.998366,0.001619,0.000012,0.000003
data\paderborn\extracted\K001\K001\N15_M01_F10_K001_9.mat,healthy,healthy,0.998532,0.001445,0.000013,0.000009
data\paderborn\extracted\K001\K001\N15_M01_F10_K001_9.mat,healthy,healthy,0.990112,0.009725,0.000026,0.000137
data\paderborn\extracted\K001\K001\N15_M01_F10_K001_9.mat,healthy,healthy,0.995943,0.003999,0.000007,0.000051
data\paderborn\extracted\K001\K001\N15_M01_F10_K001_9.mat,healthy,healthy,0.998580,0.001398,0.000012,0.000010
data\paderborn\extracted\K001\K001\N15_M01_F10_K001_9.mat,healthy,healthy,0.997601,0.002380,0.000016,0.000002
data\paderborn\extracted\K001\K001\N15_M01_F10_K001_9.mat,healthy,healthy,0.996833,0.003125,0.000040,0.000002
data\paderborn\extracted\K001\K001\N15_M01_F10_K001_9.mat,healthy,healthy,0.978462,0.021482,0.000030,0.000026
data\paderborn\extracted\K001\K001\N15_M01_F10_K001_9.mat,healthy,healthy,0.993060,0.006905,0.000010,0.000025
data\paderborn\extracted\K001\K001\N15_M01_F10_K001_9.mat,healthy,healthy,0.994772,0.005188,0.000025,0.000015
data\paderborn\extracted\K001\K001\N15_M01_F10_K001_9.mat,healthy,healthy,0.997872,0.002070,0.000049,0.000009
data\paderborn\extracted\K001\K001\N15_M01_F10_K001_9.mat,healthy,healthy,0.997938,0.002011,0.000048,0.000003
data\paderborn\extracted\K001\K001\N15_M01_F10_K001_9.mat,healthy,healthy,0.996804,0.003178,0.000013,0.000005
data\paderborn\extracted\K001\K001\N15_M01_F10_K001_9.mat,healthy,healthy,0.987554,0.012365,0.000036,0.000046
data\paderborn\extracted\K001\K001\N15_M07_F04_K001_1.mat,healthy,healthy,0.992349,0.007625,0.000023,0.000003
data\paderborn\extracted\K001\K001\N15_M07_F04_K001_1.mat,healthy,healthy,0.998104,0.001878,0.000016,0.000002
data\paderborn\extracted\K001\K001\N15_M07_F04_K001_1.mat,healthy,healthy,0.995126,0.004852,0.000016,0.000006
data\paderborn\extracted\K001\K001\N15_M07_F04_K001_1.mat,healthy,healthy,0.988336,0.011627,0.000012,0.000025
data\paderborn\extracted\K001\K001\N15_M07_F04_K001_1.mat,healthy,healthy,0.992899,0.007065,0.000012,0.000024
data\paderborn\extracted\K001\K001\N15_M07_F04_K001_1.mat,healthy,healthy,0.995586,0.004402,0.000007,0.000005
data\paderborn\extracted\K001\K001\N15_M07_F04_K001_1.mat,healthy,healthy,0.994023,0.005943,0.000033,0.000001
data\paderborn\extracted\K001\K001\N15_M07_F04_K001_1.mat,healthy,healthy,0.987224,0.012729,0.000045,0.000002
data\paderborn\extracted\K001\K001\N15_M07_F04_K001_1.mat,healthy,healthy,0.996473,0.003510,0.000014,0.000003
data\paderborn\extracted\K001\K001\N15_M07_F04_K001_1.mat,healthy,healthy,0.988317,0.011658,0.000021,0.000005
data\paderborn\extracted\K001\K001\N15_M07_F04_K001_1.mat,healthy,healthy,0.991734,0.008248,0.000015,0.000004
data\paderborn\extracted\K001\K001\N15_M07_F04_K001_1.mat,healthy,healthy,0.993074,0.006908,0.000010,0.000008
data\paderborn\extracted\K001\K001\N15_M07_F04_K001_1.mat,healthy,healthy,0.997526,0.002456,0.000013,0.000005
data\paderborn\extracted\K001\K001\N15_M07_F04_K001_1.mat,healthy,healthy,0.997752,0.002234,0.000009,0.000005
data\paderborn\extracted\K001\K001\N15_M07_F04_K001_1.mat,healthy,healthy,0.992891,0.007090,0.000011,0.000008
data\paderborn\extracted\K001\K001\N15_M07_F04_K001_1.mat,healthy,healthy,0.992903,0.007070,0.000013,0.000014
data\paderborn\extracted\K001\K001\N15_M07_F04_K001_10.mat,healthy,healthy,0.994004,0.005774,0.000069,0.000153
data\paderborn\extracted\K001\K001\N15_M07_F04_K001_10.mat,healthy,healthy,0.990422,0.009400,0.000040,0.000139
data\paderborn\extracted\K001\K001\N15_M07_F04_K001_10.mat,healthy,healthy,0.996612,0.003374,0.000007,0.000008
data\paderborn\extracted\K001\K001\N15_M07_F04_K001_10.mat,healthy,healthy,0.978884,0.021083,0.000024,0.000009
data\paderborn\extracted\K001\K001\N15_M07_F04_K001_10.mat,healthy,healthy,0.990792,0.009152,0.000048,0.000008
data\paderborn\extracted\K001\K001\N15_M07_F04_K001_10.mat,healthy,healthy,0.985137,0.014836,0.000018,0.000009
data\paderborn\extracted\K001\K001\N15_M07_F04_K001_10.mat,healthy,healthy,0.976391,0.023170,0.000035,0.000404
data\paderborn\extracted\K001\K001\N15_M07_F04_K001_10.mat,healthy,healthy,0.990862,0.009072,0.000017,0.000050
data\paderborn\extracted\K001\K001\N15_M07_F04_K001_10.mat,healthy,healthy,0.998024,0.001907,0.000066,0.000003
data\paderborn\extracted\K001\K001\N15_M07_F04_K001_10.mat,healthy,healthy,0.993836,0.006126,0.000020,0.000017
data\paderborn\extracted\K001\K001\N15_M07_F04_K001_10.mat,healthy,healthy,0.988434,0.011531,0.000022,0.000013
data\paderborn\extracted\K001\K001\N15_M07_F04_K001_10.mat,healthy,healthy,0.973206,0.026633,0.000018,0.000143
data\paderborn\extracted\K001\K001\N15_M07_F04_K001_10.mat,healthy,healthy,0.985022,0.014806,0.000059,0.000114
data\paderborn\extracted\K001\K001\N15_M07_F04_K001_10.mat,healthy,healthy,0.979978,0.019957,0.000055,0.000011
data\paderborn\extracted\K001\K001\N15_M07_F04_K001_10.mat,healthy,healthy,0.993705,0.006230,0.000063,0.000002
data\paderborn\extracted\K001\K001\N15_M07_F04_K001_10.mat,healthy,healthy,0.997717,0.002258,0.000024,0.000001
data\paderborn\extracted\K001\K001\N15_M07_F04_K001_11.mat,healthy,healthy,0.990280,0.009698,0.000017,0.000004
data\paderborn\extracted\K001\K001\N15_M07_F04_K001_11.mat,healthy,healthy,0.992367,0.007612,0.000009,0.000012
data\paderborn\extracted\K001\K001\N15_M07_F04_K001_11.mat,healthy,healthy,0.990945,0.009031,0.000010,0.000013
data\paderborn\extracted\K001\K001\N15_M07_F04_K001_11.mat,healthy,healthy,0.997977,0.002006,0.000011,0.000005
data\paderborn\extracted\K001\K001\N15_M07_F04_K001_11.mat,healthy,healthy,0.996381,0.003592,0.000011,0.000015
data\paderborn\extracted\K001\K001\N15_M07_F04_K001_11.mat,healthy,healthy,0.988696,0.011278,0.000015,0.000011
data\paderborn\extracted\K001\K001\N15_M07_F04_K001_11.mat,healthy,healthy,0.990639,0.009340,0.000018,0.000004
data\paderborn\extracted\K001\K001\N15_M07_F04_K001_11.mat,healthy,healthy,0.983966,0.015924,0.000036,0.000074
data\paderborn\extracted\K001\K001\N15_M07_F04_K001_11.mat,healthy,healthy,0.994976,0.004964,0.000019,0.000042
data\paderborn\extracted\K001\K001\N15_M07_F04_K001_11.mat,healthy,healthy,0.996948,0.003039,0.000008,0.000005
data\paderborn\extracted\K001\K001\N15_M07_F04_K001_11.mat,healthy,healthy,0.988720,0.011250,0.000025,0.000005
data\paderborn\extracted\K001\K001\N15_M07_F04_K001_11.mat,healthy,healthy,0.993233,0.006736,0.000030,0.000002
data\paderborn\extracted\K001\K001\N15_M07_F04_K001_11.mat,healthy,healthy,0.987347,0.012622,0.000021,0.000010
data\paderborn\extracted\K001\K001\N15_M07_F04_K001_11.mat,healthy,healthy,0.983850,0.016093,0.000015,0.000042
data\paderborn\extracted\K001\K001\N15_M07_F04_K001_11.mat,healthy,healthy,0.989317,0.010663,0.000009,0.000011
data\paderborn\extracted\K001\K001\N15_M07_F04_K001_11.mat,healthy,healthy,0.993475,0.006489,0.000033,0.000003
data\paderborn\extracted\K001\K001\N15_M07_F04_K001_12.mat,healthy,healthy,0.996339,0.003531,0.000129,0.000001
data\paderborn\extracted\K001\K001\N15_M07_F04_K001_12.mat,healthy,healthy,0.991301,0.008670,0.000013,0.000015
data\paderborn\extracted\K001\K001\N15_M07_F04_K001_12.mat,healthy,healthy,0.967907,0.031997,0.000027,0.000069
data\paderborn\extracted\K001\K001\N15_M07_F04_K001_12.mat,healthy,healthy,0.989640,0.010336,0.000013,0.000010
data\paderborn\extracted\K001\K001\N15_M07_F04_K001_12.mat,healthy,healthy,0.991687,0.008285,0.000024,0.000004
data\paderborn\extracted\K001\K001\N15_M07_F04_K001_12.mat,healthy,healthy,0.995115,0.004838,0.000045,0.000002
data\paderborn\extracted\K001\K001\N15_M07_F04_K001_12.mat,healthy,healthy,0.997521,0.002435,0.000044,0.000001
data\paderborn\extracted\K001\K001\N15_M07_F04_K001_12.mat,healthy,healthy,0.986109,0.013836,0.000049,0.000005
data\paderborn\extracted\K001\K001\N15_M07_F04_K001_12.mat,healthy,healthy,0.982164,0.017714,0.000090,0.000032
data\paderborn\extracted\K001\K001\N15_M07_F04_K001_12.mat,healthy,healthy,0.974325,0.025595,0.000025,0.000055
data\paderborn\extracted\K001\K001\N15_M07_F04_K001_12.mat,healthy,healthy,0.995728,0.004247,0.000022,0.000003
data\paderborn\extracted\K001\K001\N15_M07_F04_K001_12.mat,healthy,healthy,0.997677,0.002295,0.000028,0.000001
data\paderborn\extracted\K001\K001\N15_M07_F04_K001_12.mat,healthy,healthy,0.997787,0.002168,0.000045,0.000000
data\paderborn\extracted\K001\K001\N15_M07_F04_K001_12.mat,healthy,healthy,0.993793,0.006187,0.000018,0.000002
data\paderborn\extracted\K001\K001\N15_M07_F04_K001_12.mat,healthy,healthy,0.992504,0.007448,0.000043,0.000006
data\paderborn\extracted\K001\K001\N15_M07_F04_K001_12.mat,healthy,healthy,0.983407,0.016558,0.000011,0.000024
data\paderborn\extracted\K001\K001\N15_M07_F04_K001_13.mat,healthy,healthy,0.998142,0.001840,0.000014,0.000004
data\paderborn\extracted\K001\K001\N15_M07_F04_K001_13.mat,healthy,healthy,0.988348,0.011600,0.000012,0.000041
data\paderborn\extracted\K001\K001\N15_M07_F04_K001_13.mat,healthy,healthy,0.989710,0.010250,0.000011,0.000028
data\paderborn\extracted\K001\K001\N15_M07_F04_K001_13.mat,healthy,healthy,0.970397,0.029556,0.000018,0.000029
data\paderborn\extracted\K001\K001\N15_M07_F04_K001_13.mat,healthy,healthy,0.994846,0.005106,0.000044,0.000003
data\paderborn\extracted\K001\K001\N15_M07_F04_K001_13.mat,healthy,healthy,0.996751,0.003214,0.000027,0.000008
data\paderborn\extracted\K001\K001\N15_M07_F04_K001_13.mat,healthy,healthy,0.996180,0.003807,0.000008,0.000005
data\paderborn\extracted\K001\K001\N15_M07_F04_K001_13.mat,healthy,healthy,0.992257,0.007727,0.000010,0.000006
data\paderborn\extracted\K001\K001\N15_M07_F04_K001_13.mat,healthy,healthy,0.997265,0.002724,0.000008,0.000003
data\paderborn\extracted\K001\K001\N15_M07_F04_K001_13.mat,healthy,healthy,0.935045,0.064817,0.000020,0.000118
data\paderborn\extracted\K001\K001\N15_M07_F04_K001_13.mat,healthy,healthy,0.997421,0.002538,0.000035,0.000007
data\paderborn\extracted\K001\K001\N15_M07_F04_K001_13.mat,healthy,healthy,0.996931,0.002985,0.000082,0.000002
data\paderborn\extracted\K001\K001\N15_M07_F04_K001_13.mat,healthy,healthy,0.991756,0.008220,0.000022,0.000002
data\paderborn\extracted\K001\K001\N15_M07_F04_K001_13.mat,healthy,healthy,0.983545,0.016408,0.000043,0.000004
data\paderborn\extracted\K001\K001\N15_M07_F04_K001_13.mat,healthy,healthy,0.985113,0.014828,0.000031,0.000028
data\paderborn\extracted\K001\K001\N15_M07_F04_K001_13.mat,healthy,healthy,0.997975,0.001991,0.000012,0.000022
data\paderborn\extracted\K001\K001\N15_M07_F04_K001_14.mat,healthy,healthy,0.998913,0.001056,0.000029,0.000001
data\paderborn\extracted\K001\K001\N15_M07_F04_K001_14.mat,healthy,healthy,0.988886,0.011075,0.000036,0.000004
data\paderborn\extracted\K001\K001\N15_M07_F04_K001_14.mat,healthy,healthy,0.992066,0.007903,0.000028,0.000003
data\paderborn\extracted\K001\K001\N15_M07_F04_K001_14.mat,healthy,healthy,0.986552,0.013416,0.000021,0.000011
data\paderborn\extracted\K001\K001\N15_M07_F04_K001_14.mat,healthy,healthy,0.997105,0.002879,0.000015,0.000001
data\paderborn\extracted\K001\K001\N15_M07_F04_K001_14.mat,healthy,healthy,0.983062,0.016849,0.000072,0.000017
data\paderborn\extracted\K001\K001\N15_M07_F04_K001_14.mat,healthy,healthy,0.986477,0.013374,0.000142,0.000008
data\paderborn\extracted\K001\K001\N15_M07_F04_K001_14.mat,healthy,healthy,0.989984,0.009966,0.000047,0.000002
data\paderborn\extracted\K001\K001\N15_M07_F04_K001_14.mat,healthy,healthy,0.981338,0.018583,0.000041,0.000038
data\paderborn\extracted\K001\K001\N15_M07_F04_K001_14.mat,healthy,healthy,0.994247,0.005726,0.000014,0.000013
data\paderborn\extracted\K001\K001\N15_M07_F04_K001_14.mat,healthy,healthy,0.991762,0.008206,0.000024,0.000007
data\paderborn\extracted\K001\K001\N15_M07_F04_K001_14.mat,healthy,healthy,0.994534,0.005439,0.000018,0.000010
data\paderborn\extracted\K001\K001\N15_M07_F04_K001_14.mat,healthy,healthy,0.996569,0.003407,0.000021,0.000003
data\paderborn\extracted\K001\K001\N15_M07_F04_K001_14.mat,healthy,healthy,0.997129,0.002842,0.000028,0.000002
data\paderborn\extracted\K001\K001\N15_M07_F04_K001_14.mat,healthy,healthy,0.986266,0.013698,0.000026,0.000010
data\paderborn\extracted\K001\K001\N15_M07_F04_K001_14.mat,healthy,healthy,0.960580,0.039352,0.000019,0.000049
data\paderborn\extracted\K001\K001\N15_M07_F04_K001_15.mat,healthy,healthy,0.992839,0.007145,0.000009,0.000007
data\paderborn\extracted\K001\K001\N15_M07_F04_K001_15.mat,healthy,healthy,0.995091,0.004898,0.000008,0.000004
data\paderborn\extracted\K001\K001\N15_M07_F04_K001_15.mat,healthy,healthy,0.971957,0.027989,0.000023,0.000031
data\paderborn\extracted\K001\K001\N15_M07_F04_K001_15.mat,healthy,healthy,0.997639,0.002344,0.000008,0.000010
data\paderborn\extracted\K001\K001\N15_M07_F04_K001_15.mat,healthy,healthy,0.997710,0.002239,0.000048,0.000003
data\paderborn\extracted\K001\K001\N15_M07_F04_K001_15.mat,healthy,healthy,0.996826,0.003137,0.000033,0.000004
data\paderborn\extracted\K001\K001\N15_M07_F04_K001_15.mat,healthy,healthy,0.993413,0.006554,0.000006,0.000027
data\paderborn\extracted\K001\K001\N15_M07_F04_K001_15.mat,healthy,healthy,0.987595,0.012360,0.000008,0.000037
data\paderborn\extracted\K001\K001\N15_M07_F04_K001_15.mat,healthy,healthy,0.969568,0.030375,0.000030,0.000028
data\paderborn\extracted\K001\K001\N15_M07_F04_K001_15.mat,healthy,healthy,0.908163,0.091670,0.000040,0.000127
data\paderborn\extracted\K001\K001\N15_M07_F04_K001_15.mat,healthy,healthy,0.984565,0.015413,0.000014,0.000008
data\paderborn\extracted\K001\K001\N15_M07_F04_K001_15.mat,healthy,healthy,0.986164,0.013791,0.000042,0.000003
data\paderborn\extracted\K001\K001\N15_M07_F04_K001_15.mat,healthy,healthy,0.992771,0.007201,0.000025,0.000003
data\paderborn\extracted\K001\K001\N15_M07_F04_K001_15.mat,healthy,healthy,0.994600,0.005376,0.000020,0.000004
data\paderborn\extracted\K001\K001\N15_M07_F04_K001_15.mat,healthy,healthy,0.981192,0.018761,0.000015,0.000032
data\paderborn\extracted\K001\K001\N15_M07_F04_K001_15.mat,healthy,healthy,0.986288,0.013683,0.000022,0.000006
data\paderborn\extracted\K001\K001\N15_M07_F04_K001_16.mat,healthy,healthy,0.977035,0.022890,0.000041,0.000034
data\paderborn\extracted\K001\K001\N15_M07_F04_K001_16.mat,healthy,healthy,0.993527,0.006424,0.000047,0.000001
data\paderborn\extracted\K001\K001\N15_M07_F04_K001_16.mat,healthy,healthy,0.994891,0.004973,0.000135,0.000001
data\paderborn\extracted\K001\K001\N15_M07_F04_K001_16.mat,healthy,healthy,0.978592,0.021377,0.000023,0.000008
data\paderborn\extracted\K001\K001\N15_M07_F04_K001_16.mat,healthy,healthy,0.997348,0.002630,0.000013,0.000008
data\paderborn\extracted\K001\K001\N15_M07_F04_K001_16.mat,healthy,healthy,0.993542,0.006428,0.000024,0.000006
data\paderborn\extracted\K001\K001\N15_M07_F04_K001_16.mat,healthy,healthy,0.989664,0.010284,0.000040,0.000011
data\paderborn\extracted\K001\K001\N15_M07_F04_K001_16.mat,healthy,healthy,0.998709,0.001259,0.000032,0.000000
data\paderborn\extracted\K001\K001\N15_M07_F04_K001_16.mat,healthy,healthy,0.997614,0.002371,0.000014,0.000001
data\paderborn\extracted\K001\K001\N15_M07_F04_K001_16.mat,healthy,healthy,0.997314,0.002664,0.000012,0.000011
data\paderborn\extracted\K001\K001\N15_M07_F04_K001_16.mat,healthy,healthy,0.975729,0.024219,0.000022,0.000030
data\paderborn\extracted\K001\K001\N15_M07_F04_K001_16.mat,healthy,healthy,0.990608,0.009369,0.000015,0.000007
data\paderborn\extracted\K001\K001\N15_M07_F04_K001_16.mat,healthy,healthy,0.995068,0.004878,0.000051,0.000003
data\paderborn\extracted\K001\K001\N15_M07_F04_K001_16.mat,healthy,healthy,0.886920,0.112757,0.000319,0.000004
data\paderborn\extracted\K001\K001\N15_M07_F04_K001_16.mat,healthy,healthy,0.989027,0.010902,0.000068,0.000003
data\paderborn\extracted\K001\K001\N15_M07_F04_K001_16.mat,healthy,healthy,0.997796,0.002188,0.000010,0.000007
data\paderborn\extracted\K001\K001\N15_M07_F04_K001_17.mat,healthy,healthy,0.901114,0.098780,0.000076,0.000030
data\paderborn\extracted\K001\K001\N15_M07_F04_K001_17.mat,healthy,healthy,0.997212,0.002770,0.000015,0.000004
data\paderborn\extracted\K001\K001\N15_M07_F04_K001_17.mat,healthy,healthy,0.956415,0.043515,0.000032,0.000038
data\paderborn\extracted\K001\K001\N15_M07_F04_K001_17.mat,healthy,healthy,0.991772,0.008195,0.000031,0.000002
data\paderborn\extracted\K001\K001\N15_M07_F04_K001_17.mat,healthy,healthy,0.981766,0.018174,0.000025,0.000035
data\paderborn\extracted\K001\K001\N15_M07_F04_K001_17.mat,healthy,healthy,0.963827,0.035977,0.000037,0.000159
data\paderborn\extracted\K001\K001\N15_M07_F04_K001_17.mat,healthy,healthy,0.954959,0.044952,0.000080,0.000009
data\paderborn\extracted\K001\K001\N15_M07_F04_K001_17.mat,healthy,healthy,0.979804,0.020086,0.000097,0.000014
data\paderborn\extracted\K001\K001\N15_M07_F04_K001_17.mat,healthy,healthy,0.996991,0.002978,0.000022,0.000009
data\paderborn\extracted\K001\K001\N15_M07_F04_K001_17.mat,healthy,healthy,0.999498,0.000489,0.000013,0.000000
data\paderborn\extracted\K001\K001\N15_M07_F04_K001_17.mat,healthy,healthy,0.995875,0.004109,0.000007,0.000009
data\paderborn\extracted\K001\K001\N15_M07_F04_K001_17.mat,healthy,healthy,0.995063,0.004895,0.000034,0.000008
data\paderborn\extracted\K001\K001\N15_M07_F04_K001_17.mat,healthy,healthy,0.982475,0.017496,0.000021,0.000008
data\paderborn\extracted\K001\K001\N15_M07_F04_K001_17.mat,healthy,healthy,0.989134,0.010802,0.000059,0.000004
data\paderborn\extracted\K001\K001\N15_M07_F04_K001_17.mat,healthy,healthy,0.995830,0.004080,0.000089,0.000001
data\paderborn\extracted\K001\K001\N15_M07_F04_K001_17.mat,healthy,healthy,0.994968,0.004995,0.000036,0.000001
data\paderborn\extracted\K001\K001\N15_M07_F04_K001_18.mat,healthy,healthy,0.992275,0.007704,0.000015,0.000006
data\paderborn\extracted\K001\K001\N15_M07_F04_K001_18.mat,healthy,healthy,0.992254,0.007722,0.000018,0.000007
data\paderborn\extracted\K001\K001\N15_M07_F04_K001_18.mat,healthy,healthy,0.993871,0.006085,0.000010,0.000034
data\paderborn\extracted\K001\K001\N15_M07_F04_K001_18.mat,healthy,healthy,0.997775,0.002216,0.000005,0.000004
data\paderborn\extracted\K001\K001\N15_M07_F04_K001_18.mat,healthy,healthy,0.999462,0.000529,0.000008,0.000002
data\paderborn\extracted\K001\K001\N15_M07_F04_K001_18.mat,healthy,healthy,0.993151,0.006833,0.000009,0.000007
data\paderborn\extracted\K001\K001\N15_M07_F04_K001_18.mat,healthy,healthy,0.995129,0.004857,0.000010,0.000004
data\paderborn\extracted\K001\K001\N15_M07_F04_K001_18.mat,healthy,healthy,0.994006,0.005972,0.000017,0.000005
data\paderborn\extracted\K001\K001\N15_M07_F04_K001_18.mat,healthy,healthy,0.996972,0.003015,0.000012,0.000002
data\paderborn\extracted\K001\K001\N15_M07_F04_K001_18.mat,healthy,healthy,0.996151,0.003837,0.000011,0.000001
data\paderborn\extracted\K001\K001\N15_M07_F04_K001_18.mat,healthy,healthy,0.996822,0.003124,0.000054,0.000001
data\paderborn\extracted\K001\K001\N15_M07_F04_K001_18.mat,healthy,healthy,0.990024,0.009934,0.000041,0.000001
data\paderborn\extracted\K001\K001\N15_M07_F04_K001_18.mat,healthy,healthy,0.994188,0.005793,0.000014,0.000005
data\paderborn\extracted\K001\K001\N15_M07_F04_K001_18.mat,healthy,healthy,0.972698,0.027246,0.000029,0.000028
data\paderborn\extracted\K001\K001\N15_M07_F04_K001_18.mat,healthy,healthy,0.982534,0.017428,0.000017,0.000020
data\paderborn\extracted\K001\K001\N15_M07_F04_K001_18.mat,healthy,healthy,0.993320,0.006659,0.000013,0.000008
data\paderborn\extracted\K001\K001\N15_M07_F04_K001_19.mat,healthy,healthy,0.992963,0.007012,0.000012,0.000012
data\paderborn\extracted\K001\K001\N15_M07_F04_K001_19.mat,healthy,healthy,0.959471,0.040455,0.000025,0.000050
data\paderborn\extracted\K001\K001\N15_M07_F04_K001_19.mat,healthy,healthy,0.990065,0.009889,0.000016,0.000030
data\paderborn\extracted\K001\K001\N15_M07_F04_K001_19.mat,healthy,healthy,0.994357,0.005625,0.000014,0.000004
data\paderborn\extracted\K001\K001\N15_M07_F04_K001_19.mat,healthy,healthy,0.994163,0.005822,0.000011,0.000004
data\paderborn\extracted\K001\K001\N15_M07_F04_K001_19.mat,healthy,healthy,0.998225,0.001761,0.000010,0.000005
data\paderborn\extracted\K001\K001\N15_M07_F04_K001_19.mat,healthy,healthy,0.991830,0.008147,0.000012,0.000011
data\paderborn\extracted\K001\K001\N15_M07_F04_K001_19.mat,healthy,healthy,0.954614,0.045306,0.000020,0.000060
data\paderborn\extracted\K001\K001\N15_M07_F04_K001_19.mat,healthy,healthy,0.991178,0.008786,0.000020,0.000015
data\paderborn\extracted\K001\K001\N15_M07_F04_K001_19.mat,healthy,healthy,0.995860,0.004117,0.000019,0.000004
data\paderborn\extracted\K001\K001\N15_M07_F04_K001_19.mat,healthy,healthy,0.998397,0.001584,0.000018,0.000001
data\paderborn\extracted\K001\K001\N15_M07_F04_K001_19.mat,healthy,healthy,0.995009,0.004971,0.000015,0.000005
data\paderborn\extracted\K001\K001\N15_M07_F04_K001_19.mat,healthy,healthy,0.994789,0.005195,0.000013,0.000003
data\paderborn\extracted\K001\K001\N15_M07_F04_K001_19.mat,healthy,healthy,0.964544,0.035408,0.000021,0.000027
data\paderborn\extracted\K001\K001\N15_M07_F04_K001_19.mat,healthy,healthy,0.995860,0.004120,0.000008,0.000012
data\paderborn\extracted\K001\K001\N15_M07_F04_K001_19.mat,healthy,healthy,0.997957,0.002033,0.000008,0.000002
data\paderborn\extracted\K001\K001\N15_M07_F04_K001_2.mat,healthy,healthy,0.996861,0.003120,0.000016,0.000003
data\paderborn\extracted\K001\K001\N15_M07_F04_K001_2.mat,healthy,healthy,0.992132,0.007760,0.000100,0.000008
data\paderborn\extracted\K001\K001\N15_M07_F04_K001_2.mat,healthy,healthy,0.998994,0.000979,0.000025,0.000002
data\paderborn\extracted\K001\K001\N15_M07_F04_K001_2.mat,healthy,healthy,0.996452,0.003528,0.000016,0.000004
data\paderborn\extracted\K001\K001\N15_M07_F04_K001_2.mat,healthy,healthy,0.965122,0.034816,0.000050,0.000013
data\paderborn\extracted\K001\K001\N15_M07_F04_K001_2.mat,healthy,healthy,0.930953,0.068945,0.000072,0.000030
data\paderborn\extracted\K001\K001\N15_M07_F04_K001_2.mat,healthy,healthy,0.970549,0.029406,0.000038,0.000007
data\paderborn\extracted\K001\K001\N15_M07_F04_K001_2.mat,healthy,healthy,0.961169,0.038786,0.000024,0.000020
data\paderborn\extracted\K001\K001\N15_M07_F04_K001_2.mat,healthy,healthy,0.993072,0.006895,0.000032,0.000002
data\paderborn\extracted\K001\K001\N15_M07_F04_K001_2.mat,healthy,healthy,0.989041,0.010927,0.000029,0.000004
data\paderborn\extracted\K001\K001\N15_M07_F04_K001_2.mat,healthy,healthy,0.965897,0.034003,0.000034,0.000065
data\paderborn\extracted\K001\K001\N15_M07_F04_K001_2.mat,healthy,healthy,0.986528,0.013423,0.000027,0.000022
data\paderborn\extracted\K001\K001\N15_M07_F04_K001_2.mat,healthy,healthy,0.995150,0.004817,0.000024,0.000010
data\paderborn\extracted\K001\K001\N15_M07_F04_K001_2.mat,healthy,healthy,0.995782,0.004166,0.000050,0.000001
data\paderborn\extracted\K001\K001\N15_M07_F04_K001_2.mat,healthy,healthy,0.993883,0.006094,0.000022,0.000001
data\paderborn\extracted\K001\K001\N15_M07_F04_K001_2.mat,healthy,healthy,0.986762,0.013222,0.000013,0.000003
data\paderborn\extracted\K001\K001\N15_M07_F04_K001_20.mat,healthy,healthy,0.989288,0.010690,0.000017,0.000004
data\paderborn\extracted\K001\K001\N15_M07_F04_K001_20.mat,healthy,healthy,0.985572,0.014385,0.000031,0.000012
data\paderborn\extracted\K001\K001\N15_M07_F04_K001_20.mat,healthy,healthy,0.992782,0.007185,0.000030,0.000003
data\paderborn\extracted\K001\K001\N15_M07_F04_K001_20.mat,healthy,healthy,0.997688,0.002237,0.000075,0.000001
data\paderborn\extracted\K001\K001\N15_M07_F04_K001_20.mat,healthy,healthy,0.996467,0.003499,0.000033,0.000001
data\paderborn\extracted\K001\K001\N15_M07_F04_K001_20.mat,healthy,healthy,0.969265,0.030664,0.000036,0.000036
data\paderborn\extracted\K001\K001\N15_M07_F04_K001_20.mat,healthy,healthy,0.980277,0.019653,0.000062,0.000008
data\paderborn\extracted\K001\K001\N15_M07_F04_K001_20.mat,healthy,healthy,0.991031,0.008920,0.000047,0.000002
data\paderborn\extracted\K001\K001\N15_M07_F04_K001_20.mat,healthy,healthy,0.990305,0.009655,0.000023,0.000017
data\paderborn\extracted\K001\K001\N15_M07_F04_K001_20.mat,healthy,healthy,0.992704,0.007194,0.000098,0.000004
data\paderborn\extracted\K001\K001\N15_M07_F04_K001_20.mat,healthy,healthy,0.989486,0.010444,0.000046,0.000023
data\paderborn\extracted\K001\K001\N15_M07_F04_K001_20.mat,healthy,healthy,0.998525,0.001444,0.000024,0.000008
data\paderborn\extracted\K001\K001\N15_M07_F04_K001_20.mat,healthy,healthy,0.989073,0.010897,0.000015,0.000015
data\paderborn\extracted\K001\K001\N15_M07_F04_K001_20.mat,healthy,healthy,0.996672,0.003309,0.000008,0.000011
data\paderborn\extracted\K001\K001\N15_M07_F04_K001_20.mat,healthy,healthy,0.996568,0.003409,0.000018,0.000005
data\paderborn\extracted\K001\K001\N15_M07_F04_K001_20.mat,healthy,healthy,0.996663,0.003302,0.000035,0.000001
data\paderborn\extracted\K001\K001\N15_M07_F04_K001_3.mat,healthy,healthy,0.995872,0.004108,0.000016,0.000004
data\paderborn\extracted\K001\K001\N15_M07_F04_K001_3.mat,healthy,healthy,0.995312,0.004668,0.000010,0.000010
data\paderborn\extracted\K001\K001\N15_M07_F04_K001_3.mat,healthy,healthy,0.983709,0.016197,0.000033,0.000060
data\paderborn\extracted\K001\K001\N15_M07_F04_K001_3.mat,healthy,healthy,0.992313,0.007664,0.000008,0.000015
data\paderborn\extracted\K001\K001\N15_M07_F04_K001_3.mat,healthy,healthy,0.997417,0.002563,0.000008,0.000013
data\paderborn\extracted\K001\K001\N15_M07_F04_K001_3.mat,healthy,healthy,0.986182,0.013776,0.000026,0.000016
data\paderborn\extracted\K001\K001\N15_M07_F04_K001_3.mat,healthy,healthy,0.957225,0.042735,0.000037,0.000004
data\paderborn\extracted\K001\K001\N15_M07_F04_K001_3.mat,healthy,healthy,0.995067,0.004844,0.000087,0.000001
data\paderborn\extracted\K001\K001\N15_M07_F04_K001_3.mat,healthy,healthy,0.993430,0.006527,0.000036,0.000006
data\paderborn\extracted\K001\K001\N15_M07_F04_K001_3.mat,healthy,healthy,0.981269,0.018704,0.000016,0.000012
data\paderborn\extracted\K001\K001\N15_M07_F04_K001_3.mat,healthy,healthy,0.898561,0.101335,0.000033,0.000071
data\paderborn\extracted\K001\K001\N15_M07_F04_K001_3.mat,healthy,healthy,0.996189,0.003799,0.000009,0.000003
data\paderborn\extracted\K001\K001\N15_M07_F04_K001_3.mat,healthy,healthy,0.994493,0.005479,0.000009,0.000020
data\paderborn\extracted\K001\K001\N15_M07_F04_K001_3.mat,healthy,healthy,0.986039,0.013924,0.000017,0.000020
data\paderborn\extracted\K001\K001\N15_M07_F04_K001_3.mat,healthy,healthy,0.997197,0.002786,0.000013,0.000003
data\paderborn\extracted\K001\K001\N15_M07_F04_K001_3.mat,healthy,healthy,0.997556,0.002426,0.000013,0.000005
data\paderborn\extracted\K001\K001\N15_M07_F04_K001_4.mat,healthy,healthy,0.996094,0.003878,0.000023,0.000005
data\paderborn\extracted\K001\K001\N15_M07_F04_K001_4.mat,healthy,healthy,0.875653,0.124190,0.000037,0.000120
data\paderborn\extracted\K001\K001\N15_M07_F04_K001_4.mat,healthy,healthy,0.936613,0.063235,0.000032,0.000121
data\paderborn\extracted\K001\K001\N15_M07_F04_K001_4.mat,healthy,healthy,0.862547,0.137284,0.000023,0.000146
data\paderborn\extracted\K001\K001\N15_M07_F04_K001_4.mat,healthy,healthy,0.997091,0.002896,0.000011,0.000002
data\paderborn\extracted\K001\K001\N15_M07_F04_K001_4.mat,healthy,healthy,0.998293,0.001699,0.000006,0.000002
data\paderborn\extracted\K001\K001\N15_M07_F04_K001_4.mat,healthy,healthy,0.996464,0.003521,0.000009,0.000007
data\paderborn\extracted\K001\K001\N15_M07_F04_K001_4.mat,healthy,healthy,0.995439,0.004545,0.000011,0.000006
data\paderborn\extracted\K001\K001\N15_M07_F04_K001_4.mat,healthy,healthy,0.974228,0.025739,0.000014,0.000019
data\paderborn\extracted\K001\K001\N15_M07_F04_K001_4.mat,healthy,healthy,0.981873,0.018098,0.000017,0.000012
data\paderborn\extracted\K001\K001\N15_M07_F04_K001_4.mat,healthy,healthy,0.999129,0.000859,0.000009,0.000003
data\paderborn\extracted\K001\K001\N15_M07_F04_K001_4.mat,healthy,healthy,0.998353,0.001636,0.000009,0.000002
data\paderborn\extracted\K001\K001\N15_M07_F04_K001_4.mat,healthy,healthy,0.994255,0.005719,0.000019,0.000007
data\paderborn\extracted\K001\K001\N15_M07_F04_K001_4.mat,healthy,healthy,0.981298,0.018654,0.000016,0.000032
data\paderborn\extracted\K001\K001\N15_M07_F04_K001_4.mat,healthy,healthy,0.972017,0.027946,0.000018,0.000020
data\paderborn\extracted\K001\K001\N15_M07_F04_K001_4.mat,healthy,healthy,0.973673,0.026272,0.000047,0.000007
data\paderborn\extracted\K001\K001\N15_M07_F04_K001_5.mat,healthy,healthy,0.986296,0.013665,0.000021,0.000018
data\paderborn\extracted\K001\K001\N15_M07_F04_K001_5.mat,healthy,healthy,0.987159,0.012814,0.000020,0.000007
data\paderborn\extracted\K001\K001\N15_M07_F04_K001_5.mat,healthy,healthy,0.994436,0.005503,0.000057,0.000005
data\paderborn\extracted\K001\K001\N15_M07_F04_K001_5.mat,healthy,healthy,0.991285,0.008676,0.000038,0.000001
data\paderborn\extracted\K001\K001\N15_M07_F04_K001_5.mat,healthy,healthy,0.998330,0.001640,0.000030,0.000000
data\paderborn\extracted\K001\K001\N15_M07_F04_K001_5.mat,healthy,healthy,0.998065,0.001912,0.000012,0.000011
data\paderborn\extracted\K001\K001\N15_M07_F04_K001_5.mat,healthy,healthy,0.997055,0.002918,0.000011,0.000015
data\paderborn\extracted\K001\K001\N15_M07_F04_K001_5.mat,healthy,healthy,0.998495,0.001482,0.000022,0.000001
data\paderborn\extracted\K001\K001\N15_M07_F04_K001_5.mat,healthy,healthy,0.978399,0.021462,0.000134,0.000005
data\paderborn\extracted\K001\K001\N15_M07_F04_K001_5.mat,healthy,healthy,0.990690,0.009247,0.000060,0.000003
data\paderborn\extracted\K001\K001\N15_M07_F04_K001_5.mat,healthy,healthy,0.996230,0.003742,0.000026,0.000001
data\paderborn\extracted\K001\K001\N15_M07_F04_K001_5.mat,healthy,healthy,0.995082,0.004891,0.000026,0.000001
data\paderborn\extracted\K001\K001\N15_M07_F04_K001_5.mat,healthy,healthy,0.988517,0.011433,0.000048,0.000002
data\paderborn\extracted\K001\K001\N15_M07_F04_K001_5.mat,healthy,healthy,0.982529,0.017411,0.000049,0.000010
data\paderborn\extracted\K001\K001\N15_M07_F04_K001_5.mat,healthy,healthy,0.962402,0.037471,0.000117,0.000010
data\paderborn\extracted\K001\K001\N15_M07_F04_K001_5.mat,healthy,healthy,0.960654,0.039234,0.000091,0.000021
data\paderborn\extracted\K001\K001\N15_M07_F04_K001_6.mat,healthy,healthy,0.994317,0.005645,0.000034,0.000004
data\paderborn\extracted\K001\K001\N15_M07_F04_K001_6.mat,healthy,healthy,0.990361,0.009609,0.000013,0.000016
data\paderborn\extracted\K001\K001\N15_M07_F04_K001_6.mat,healthy,healthy,0.993306,0.006677,0.000015,0.000002
data\paderborn\extracted\K001\K001\N15_M07_F04_K001_6.mat,healthy,healthy,0.990697,0.009260,0.000041,0.000002
data\paderborn\extracted\K001\K001\N15_M07_F04_K001_6.mat,healthy,healthy,0.995609,0.004374,0.000015,0.000002
data\paderborn\extracted\K001\K001\N15_M07_F04_K001_6.mat,healthy,healthy,0.996076,0.003905,0.000017,0.000002
data\paderborn\extracted\K001\K001\N15_M07_F04_K001_6.mat,healthy,healthy,0.990631,0.009343,0.000016,0.000010
data\paderborn\extracted\K001\K001\N15_M07_F04_K001_6.mat,healthy,healthy,0.917702,0.082161,0.000060,0.000077
data\paderborn\extracted\K001\K001\N15_M07_F04_K001_6.mat,healthy,healthy,0.980735,0.019215,0.000025,0.000025
data\paderborn\extracted\K001\K001\N15_M07_F04_K001_6.mat,healthy,healthy,0.996733,0.003194,0.000073,0.000001
data\paderborn\extracted\K001\K001\N15_M07_F04_K001_6.mat,healthy,healthy,0.994009,0.005968,0.000020,0.000002
data\paderborn\extracted\K001\K001\N15_M07_F04_K001_6.mat,healthy,healthy,0.995377,0.004599,0.000022,0.000002
data\paderborn\extracted\K001\K001\N15_M07_F04_K001_6.mat,healthy,healthy,0.993208,0.006772,0.000015,0.000005
data\paderborn\extracted\K001\K001\N15_M07_F04_K001_6.mat,healthy,healthy,0.987932,0.012040,0.000013,0.000014
data\paderborn\extracted\K001\K001\N15_M07_F04_K001_6.mat,healthy,healthy,0.988988,0.010961,0.000048,0.000004
data\paderborn\extracted\K001\K001\N15_M07_F04_K001_6.mat,healthy,healthy,0.997306,0.002664,0.000029,0.000001
data\paderborn\extracted\K001\K001\N15_M07_F04_K001_7.mat,healthy,healthy,0.986134,0.013835,0.000026,0.000005
data\paderborn\extracted\K001\K001\N15_M07_F04_K001_7.mat,healthy,healthy,0.979051,0.020919,0.000019,0.000011
data\paderborn\extracted\K001\K001\N15_M07_F04_K001_7.mat,healthy,healthy,0.942062,0.057877,0.000034,0.000028
data\paderborn\extracted\K001\K001\N15_M07_F04_K001_7.mat,healthy,healthy,0.982778,0.017167,0.000024,0.000030
data\paderborn\extracted\K001\K001\N15_M07_F04_K001_7.mat,healthy,healthy,0.996968,0.003019,0.000008,0.000005
data\paderborn\extracted\K001\K001\N15_M07_F04_K001_7.mat,healthy,healthy,0.998226,0.001753,0.000016,0.000004
data\paderborn\extracted\K001\K001\N15_M07_F04_K001_7.mat,healthy,healthy,0.993761,0.006215,0.000020,0.000003
data\paderborn\extracted\K001\K001\N15_M07_F04_K001_7.mat,healthy,healthy,0.987561,0.012414,0.000012,0.000013
data\paderborn\extracted\K001\K001\N15_M07_F04_K001_7.mat,healthy,healthy,0.991545,0.008438,0.000010,0.000008
data\paderborn\extracted\K001\K001\N15_M07_F04_K001_7.mat,healthy,healthy,0.987994,0.011974,0.000010,0.000022
data\paderborn\extracted\K001\K001\N15_M07_F04_K001_7.mat,healthy,healthy,0.993837,0.006144,0.000007,0.000012
data\paderborn\extracted\K001\K001\N15_M07_F04_K001_7.mat,healthy,healthy,0.997314,0.002664,0.000020,0.000002
data\paderborn\extracted\K001\K001\N15_M07_F04_K001_7.mat,healthy,healthy,0.993066,0.006915,0.000016,0.000003
data\paderborn\extracted\K001\K001\N15_M07_F04_K001_7.mat,healthy,healthy,0.996271,0.003713,0.000011,0.000005
data\paderborn\extracted\K001\K001\N15_M07_F04_K001_7.mat,healthy,healthy,0.992151,0.007802,0.000021,0.000026
data\paderborn\extracted\K001\K001\N15_M07_F04_K001_7.mat,healthy,healthy,0.997579,0.002394,0.000017,0.000010
data\paderborn\extracted\K001\K001\N15_M07_F04_K001_8.mat,healthy,healthy,0.980722,0.019151,0.000124,0.000003
data\paderborn\extracted\K001\K001\N15_M07_F04_K001_8.mat,healthy,healthy,0.998735,0.001242,0.000021,0.000002
data\paderborn\extracted\K001\K001\N15_M07_F04_K001_8.mat,healthy,healthy,0.958625,0.041301,0.000021,0.000053
data\paderborn\extracted\K001\K001\N15_M07_F04_K001_8.mat,healthy,healthy,0.992216,0.007750,0.000026,0.000008
data\paderborn\extracted\K001\K001\N15_M07_F04_K001_8.mat,healthy,healthy,0.992335,0.007644,0.000016,0.000006
data\paderborn\extracted\K001\K001\N15_M07_F04_K001_8.mat,healthy,healthy,0.997003,0.002947,0.000037,0.000012
data\paderborn\extracted\K001\K001\N15_M07_F04_K001_8.mat,healthy,healthy,0.998652,0.001298,0.000048,0.000001
data\paderborn\extracted\K001\K001\N15_M07_F04_K001_8.mat,healthy,healthy,0.998212,0.001758,0.000029,0.000002
data\paderborn\extracted\K001\K001\N15_M07_F04_K001_8.mat,healthy,healthy,0.985503,0.014423,0.000028,0.000046
data\paderborn\extracted\K001\K001\N15_M07_F04_K001_8.mat,healthy,healthy,0.940511,0.059381,0.000022,0.000086
data\paderborn\extracted\K001\K001\N15_M07_F04_K001_8.mat,healthy,healthy,0.995144,0.004839,0.000006,0.000011
data\paderborn\extracted\K001\K001\N15_M07_F04_K001_8.mat,healthy,healthy,0.993424,0.006547,0.000027,0.000002
data\paderborn\extracted\K001\K001\N15_M07_F04_K001_8.mat,healthy,healthy,0.997345,0.002635,0.000018,0.000001
data\paderborn\extracted\K001\K001\N15_M07_F04_K001_8.mat,healthy,healthy,0.998312,0.001668,0.000015,0.000005
data\paderborn\extracted\K001\K001\N15_M07_F04_K001_8.mat,healthy,healthy,0.996005,0.003974,0.000008,0.000013
data\paderborn\extracted\K001\K001\N15_M07_F04_K001_8.mat,healthy,healthy,0.940935,0.058920,0.000034,0.000110
data\paderborn\extracted\K001\K001\N15_M07_F04_K001_9.mat,healthy,healthy,0.876291,0.123341,0.000212,0.000155
data\paderborn\extracted\K001\K001\N15_M07_F04_K001_9.mat,healthy,healthy,0.992704,0.007266,0.000023,0.000006
data\paderborn\extracted\K001\K001\N15_M07_F04_K001_9.mat,healthy,healthy,0.996175,0.003784,0.000040,0.000002
data\paderborn\extracted\K001\K001\N15_M07_F04_K001_9.mat,healthy,healthy,0.990042,0.009929,0.000024,0.000005
data\paderborn\extracted\K001\K001\N15_M07_F04_K001_9.mat,healthy,healthy,0.997791,0.002184,0.000024,0.000001
data\paderborn\extracted\K001\K001\N15_M07_F04_K001_9.mat,healthy,healthy,0.992645,0.007316,0.000037,0.000002
data\paderborn\extracted\K001\K001\N15_M07_F04_K001_9.mat,healthy,healthy,0.982525,0.017445,0.000021,0.000009
data\paderborn\extracted\K001\K001\N15_M07_F04_K001_9.mat,healthy,healthy,0.988245,0.011708,0.000038,0.000009
data\paderborn\extracted\K001\K001\N15_M07_F04_K001_9.mat,healthy,healthy,0.982656,0.017295,0.000012,0.000037
data\paderborn\extracted\K001\K001\N15_M07_F04_K001_9.mat,healthy,healthy,0.997777,0.002204,0.000011,0.000007
data\paderborn\extracted\K001\K001\N15_M07_F04_K001_9.mat,healthy,healthy,0.986641,0.013278,0.000079,0.000002
data\paderborn\extracted\K001\K001\N15_M07_F04_K001_9.mat,healthy,healthy,0.992212,0.007745,0.000041,0.000001
data\paderborn\extracted\K001\K001\N15_M07_F04_K001_9.mat,healthy,healthy,0.990789,0.009191,0.000017,0.000002
data\paderborn\extracted\K001\K001\N15_M07_F04_K001_9.mat,healthy,healthy,0.982432,0.017539,0.000016,0.000013
data\paderborn\extracted\K001\K001\N15_M07_F04_K001_9.mat,healthy,healthy,0.983986,0.015981,0.000020,0.000012
data\paderborn\extracted\K001\K001\N15_M07_F04_K001_9.mat,healthy,healthy,0.993355,0.006626,0.000009,0.000010
data\paderborn\extracted\K001\K001\N15_M07_F10_K001_1.mat,healthy,healthy,0.991837,0.008099,0.000056,0.000009
data\paderborn\extracted\K001\K001\N15_M07_F10_K001_1.mat,healthy,healthy,0.997163,0.002814,0.000019,0.000004
data\paderborn\extracted\K001\K001\N15_M07_F10_K001_1.mat,healthy,healthy,0.995651,0.004293,0.000049,0.000007
data\paderborn\extracted\K001\K001\N15_M07_F10_K001_1.mat,healthy,healthy,0.994691,0.005273,0.000029,0.000007
data\paderborn\extracted\K001\K001\N15_M07_F10_K001_1.mat,healthy,healthy,0.997468,0.002509,0.000010,0.000013
data\paderborn\extracted\K001\K001\N15_M07_F10_K001_1.mat,healthy,healthy,0.999087,0.000892,0.000011,0.000009
data\paderborn\extracted\K001\K001\N15_M07_F10_K001_1.mat,healthy,healthy,0.999354,0.000628,0.000013,0.000005
data\paderborn\extracted\K001\K001\N15_M07_F10_K001_1.mat,healthy,healthy,0.998930,0.001057,0.000008,0.000005
data\paderborn\extracted\K001\K001\N15_M07_F10_K001_1.mat,healthy,healthy,0.992440,0.007530,0.000020,0.000010
data\paderborn\extracted\K001\K001\N15_M07_F10_K001_1.mat,healthy,healthy,0.987103,0.012826,0.000048,0.000024
data\paderborn\extracted\K001\K001\N15_M07_F10_K001_1.mat,healthy,healthy,0.998010,0.001969,0.000015,0.000006
data\paderborn\extracted\K001\K001\N15_M07_F10_K001_1.mat,healthy,healthy,0.995368,0.004605,0.000021,0.000006
data\paderborn\extracted\K001\K001\N15_M07_F10_K001_1.mat,healthy,healthy,0.995147,0.004805,0.000046,0.000002
data\paderborn\extracted\K001\K001\N15_M07_F10_K001_1.mat,healthy,healthy,0.995774,0.004201,0.000022,0.000003
data\paderborn\extracted\K001\K001\N15_M07_F10_K001_1.mat,healthy,healthy,0.990807,0.009123,0.000054,0.000016
data\paderborn\extracted\K001\K001\N15_M07_F10_K001_1.mat,healthy,healthy,0.995622,0.004355,0.000017,0.000006
data\paderborn\extracted\K001\K001\N15_M07_F10_K001_10.mat,healthy,healthy,0.997560,0.002420,0.000011,0.000009
data\paderborn\extracted\K001\K001\N15_M07_F10_K001_10.mat,healthy,healthy,0.998791,0.001195,0.000009,0.000005
data\paderborn\extracted\K001\K001\N15_M07_F10_K001_10.mat,healthy,healthy,0.996301,0.003684,0.000009,0.000006
data\paderborn\extracted\K001\K001\N15_M07_F10_K001_10.mat,healthy,healthy,0.998650,0.001340,0.000008,0.000002
data\paderborn\extracted\K001\K001\N15_M07_F10_K001_10.mat,healthy,healthy,0.997576,0.002401,0.000018,0.000004
data\paderborn\extracted\K001\K001\N15_M07_F10_K001_10.mat,healthy,healthy,0.947357,0.052482,0.000087,0.000074
data\paderborn\extracted\K001\K001\N15_M07_F10_K001_10.mat,healthy,healthy,0.997958,0.002021,0.000012,0.000009
data\paderborn\extracted\K001\K001\N15_M07_F10_K001_10.mat,healthy,healthy,0.998639,0.001343,0.000016,0.000003
data\paderborn\extracted\K001\K001\N15_M07_F10_K001_10.mat,healthy,healthy,0.998522,0.001444,0.000031,0.000003
data\paderborn\extracted\K001\K001\N15_M07_F10_K001_10.mat,healthy,healthy,0.997008,0.002960,0.000025,0.000007
data\paderborn\extracted\K001\K001\N15_M07_F10_K001_10.mat,healthy,healthy,0.993625,0.006318,0.000029,0.000028
data\paderborn\extracted\K001\K001\N15_M07_F10_K001_10.mat,healthy,healthy,0.994170,0.005582,0.000063,0.000185
data\paderborn\extracted\K001\K001\N15_M07_F10_K001_10.mat,healthy,healthy,0.971627,0.028258,0.000054,0.000061
data\paderborn\extracted\K001\K001\N15_M07_F10_K001_10.mat,healthy,healthy,0.991124,0.008849,0.000022,0.000005
data\paderborn\extracted\K001\K001\N15_M07_F10_K001_10.mat,healthy,healthy,0.997404,0.002554,0.000040,0.000002
data\paderborn\extracted\K001\K001\N15_M07_F10_K001_10.mat,healthy,healthy,0.998679,0.001313,0.000006,0.000003
data\paderborn\extracted\K001\K001\N15_M07_F10_K001_11.mat,healthy,healthy,0.996363,0.003595,0.000020,0.000021
data\paderborn\extracted\K001\K001\N15_M07_F10_K001_11.mat,healthy,healthy,0.994930,0.005024,0.000020,0.000026
data\paderborn\extracted\K001\K001\N15_M07_F10_K001_11.mat,healthy,healthy,0.995331,0.004627,0.000027,0.000015
data\paderborn\extracted\K001\K001\N15_M07_F10_K001_11.mat,healthy,healthy,0.997181,0.002797,0.000017,0.000005
data\paderborn\extracted\K001\K001\N15_M07_F10_K001_11.mat,healthy,healthy,0.995742,0.004222,0.000025,0.000012
data\paderborn\extracted\K001\K001\N15_M07_F10_K001_11.mat,healthy,healthy,0.997671,0.002285,0.000023,0.000021
data\paderborn\extracted\K001\K001\N15_M07_F10_K001_11.mat,healthy,healthy,0.998025,0.001952,0.000017,0.000006
data\paderborn\extracted\K001\K001\N15_M07_F10_K001_11.mat,healthy,healthy,0.995825,0.004155,0.000015,0.000004
data\paderborn\extracted\K001\K001\N15_M07_F10_K001_11.mat,healthy,healthy,0.996704,0.003276,0.000013,0.000007
data\paderborn\extracted\K001\K001\N15_M07_F10_K001_11.mat,healthy,healthy,0.959940,0.039953,0.000031,0.000076
data\paderborn\extracted\K001\K001\N15_M07_F10_K001_11.mat,healthy,healthy,0.996245,0.003721,0.000020,0.000015
data\paderborn\extracted\K001\K001\N15_M07_F10_K001_11.mat,healthy,healthy,0.997290,0.002660,0.000011,0.000038
data\paderborn\extracted\K001\K001\N15_M07_F10_K001_11.mat,healthy,healthy,0.968601,0.031172,0.000029,0.000198
data\paderborn\extracted\K001\K001\N15_M07_F10_K001_11.mat,healthy,healthy,0.989126,0.010827,0.000030,0.000017
data\paderborn\extracted\K001\K001\N15_M07_F10_K001_11.mat,healthy,healthy,0.998342,0.001624,0.000028,0.000006
data\paderborn\extracted\K001\K001\N15_M07_F10_K001_11.mat,healthy,healthy,0.998542,0.001421,0.000026,0.000010
data\paderborn\extracted\K001\K001\N15_M07_F10_K001_12.mat,healthy,healthy,0.990951,0.008864,0.000102,0.000083
data\paderborn\extracted\K001\K001\N15_M07_F10_K001_12.mat,healthy,healthy,0.995941,0.003992,0.000028,0.000038
data\paderborn\extracted\K001\K001\N15_M07_F10_K001_12.mat,healthy,healthy,0.997915,0.002067,0.000011,0.000008
data\paderborn\extracted\K001\K001\N15_M07_F10_K001_12.mat,healthy,healthy,0.955508,0.044169,0.000113,0.000210
data\paderborn\extracted\K001\K001\N15_M07_F10_K001_12.mat,healthy,healthy,0.984630,0.015264,0.000072,0.000034
data\paderborn\extracted\K001\K001\N15_M07_F10_K001_12.mat,healthy,healthy,0.997796,0.002173,0.000012,0.000020
data\paderborn\extracted\K001\K001\N15_M07_F10_K001_12.mat,healthy,healthy,0.999376,0.000597,0.000017,0.000010
data\paderborn\extracted\K001\K001\N15_M07_F10_K001_12.mat,healthy,healthy,0.997984,0.001967,0.000047,0.000003
data\paderborn\extracted\K001\K001\N15_M07_F10_K001_12.mat,healthy,healthy,0.977093,0.022742,0.000145,0.000020
data\paderborn\extracted\K001\K001\N15_M07_F10_K001_12.mat,healthy,healthy,0.997711,0.001849,0.000396,0.000045
data\paderborn\extracted\K001\K001\N15_M07_F10_K001_12.mat,healthy,healthy,0.991126,0.008821,0.000018,0.000035
data\paderborn\extracted\K001\K001\N15_M07_F10_K001_12.mat,healthy,healthy,0.974179,0.025643,0.000095,0.000084
data\paderborn\extracted\K001\K001\N15_M07_F10_K001_12.mat,healthy,healthy,0.973294,0.026593,0.000059,0.000054
data\paderborn\extracted\K001\K001\N15_M07_F10_K001_12.mat,healthy,healthy,0.998269,0.001718,0.000011,0.000003
data\paderborn\extracted\K001\K001\N15_M07_F10_K001_12.mat,healthy,healthy,0.998901,0.001082,0.000013,0.000005
data\paderborn\extracted\K001\K001\N15_M07_F10_K001_12.mat,healthy,healthy,0.994270,0.005674,0.000034,0.000022
data\paderborn\extracted\K001\K001\N15_M07_F10_K001_13.mat,healthy,healthy,0.997592,0.002342,0.000057,0.000009
data\paderborn\extracted\K001\K001\N15_M07_F10_K001_13.mat,healthy,healthy,0.967328,0.032499,0.000053,0.000120
data\paderborn\extracted\K001\K001\N15_M07_F10_K001_13.mat,healthy,healthy,0.995107,0.004833,0.000038,0.000021
data\paderborn\extracted\K001\K001\N15_M07_F10_K001_13.mat,healthy,healthy,0.993057,0.006918,0.000020,0.000005
data\paderborn\extracted\K001\K001\N15_M07_F10_K001_13.mat,healthy,healthy,0.995287,0.004696,0.000014,0.000004
data\paderborn\extracted\K001\K001\N15_M07_F10_K001_13.mat,healthy,healthy,0.997657,0.002328,0.000011,0.000004
data\paderborn\extracted\K001\K001\N15_M07_F10_K001_13.mat,healthy,healthy,0.998772,0.001207,0.000015,0.000005
data\paderborn\extracted\K001\K001\N15_M07_F10_K001_13.mat,healthy,healthy,0.995688,0.004116,0.000112,0.000084
data\paderborn\extracted\K001\K001\N15_M07_F10_K001_13.mat,healthy,healthy,0.995068,0.004850,0.000072,0.000010
data\paderborn\extracted\K001\K001\N15_M07_F10_K001_13.mat,healthy,healthy,0.998019,0.001946,0.000034,0.000002
data\paderborn\extracted\K001\K001\N15_M07_F10_K001_13.mat,healthy,healthy,0.997025,0.002949,0.000023,0.000003
data\paderborn\extracted\K001\K001\N15_M07_F10_K001_13.mat,healthy,healthy,0.997342,0.002634,0.000019,0.000005
data\paderborn\extracted\K001\K001\N15_M07_F10_K001_13.mat,healthy,healthy,0.989673,0.010297,0.000023,0.000007
data\paderborn\extracted\K001\K001\N15_M07_F10_K001_13.mat,healthy,healthy,0.983226,0.016691,0.000042,0.000041
data\paderborn\extracted\K001\K001\N15_M07_F10_K001_13.mat,healthy,healthy,0.993305,0.006585,0.000056,0.000054
data\paderborn\extracted\K001\K001\N15_M07_F10_K001_13.mat,healthy,healthy,0.998105,0.001865,0.000026,0.000004
data\paderborn\extracted\K001\K001\N15_M07_F10_K001_14.mat,healthy,healthy,0.992000,0.007954,0.000039,0.000007
data\paderborn\extracted\K001\K001\N15_M07_F10_K001_14.mat,healthy,healthy,0.998117,0.001858,0.000022,0.000003
data\paderborn\extracted\K001\K001\N15_M07_F10_K001_14.mat,healthy,healthy,0.993836,0.006119,0.000028,0.000017
data\paderborn\extracted\K001\K001\N15_M07_F10_K001_14.mat,healthy,healthy,0.997814,0.002162,0.000015,0.000009
data\paderborn\extracted\K001\K001\N15_M07_F10_K001_14.mat,healthy,healthy,0.993929,0.006048,0.000012,0.000011
data\paderborn\extracted\K001\K001\N15_M07_F10_K001_14.mat,healthy,healthy,0.995461,0.004496,0.000025,0.000019
data\paderborn\extracted\K001\K001\N15_M07_F10_K001_14.mat,healthy,healthy,0.997318,0.002604,0.000051,0.000027
data\paderborn\extracted\K001\K001\N15_M07_F10_K001_14.mat,healthy,healthy,0.998387,0.001598,0.000009,0.000006
data\paderborn\extracted\K001\K001\N15_M07_F10_K001_14.mat,healthy,healthy,0.996500,0.003473,0.000012,0.000015
data\paderborn\extracted\K001\K001\N15_M07_F10_K001_14.mat,healthy,healthy,0.997601,0.002346,0.000038,0.000015
data\paderborn\extracted\K001\K001\N15_M07_F10_K001_14.mat,healthy,healthy,0.997901,0.002055,0.000016,0.000028
data\paderborn\extracted\K001\K001\N15_M07_F10_K001_14.mat,healthy,healthy,0.992700,0.007261,0.000026,0.000014
data\paderborn\extracted\K001\K001\N15_M07_F10_K001_14.mat,healthy,healthy,0.999288,0.000674,0.000035,0.000002
data\paderborn\extracted\K001\K001\N15_M07_F10_K001_14.mat,healthy,healthy,0.999010,0.000976,0.000009,0.000005
data\paderborn\extracted\K001\K001\N15_M07_F10_K001_14.mat,healthy,healthy,0.996276,0.003677,0.000008,0.000039
data\paderborn\extracted\K001\K001\N15_M07_F10_K001_14.mat,healthy,healthy,0.992162,0.007722,0.000011,0.000104
data\paderborn\extracted\K001\K001\N15_M07_F10_K001_15.mat,healthy,healthy,0.997505,0.002480,0.000007,0.000008
data\paderborn\extracted\K001\K001\N15_M07_F10_K001_15.mat,healthy,healthy,0.998243,0.001730,0.000019,0.000009
data\paderborn\extracted\K001\K001\N15_M07_F10_K001_15.mat,healthy,healthy,0.998014,0.001912,0.000029,0.000045
data\paderborn\extracted\K001\K001\N15_M07_F10_K001_15.mat,healthy,healthy,0.999469,0.000520,0.000005,0.000005
data\paderborn\extracted\K001\K001\N15_M07_F10_K001_15.mat,healthy,healthy,0.998842,0.001143,0.000012,0.000003
data\paderborn\extracted\K001\K001\N15_M07_F10_K001_15.mat,healthy,healthy,0.993916,0.006057,0.000023,0.000004
data\paderborn\extracted\K001\K001\N15_M07_F10_K001_15.mat,healthy,healthy,0.998391,0.001595,0.000009,0.000006
data\paderborn\extracted\K001\K001\N15_M07_F10_K001_15.mat,healthy,healthy,0.998139,0.001820,0.000026,0.000014
data\paderborn\extracted\K001\K001\N15_M07_F10_K001_15.mat,healthy,healthy,0.982250,0.017646,0.000023,0.000081
data\paderborn\extracted\K001\K001\N15_M07_F10_K001_15.mat,healthy,healthy,0.929362,0.070176,0.000095,0.000367
data\paderborn\extracted\K001\K001\N15_M07_F10_K001_15.mat,healthy,healthy,0.990922,0.008993,0.000036,0.000048
data\paderborn\extracted\K001\K001\N15_M07_F10_K001_15.mat,healthy,healthy,0.998228,0.001755,0.000013,0.000005
data\paderborn\extracted\K001\K001\N15_M07_F10_K001_15.mat,healthy,healthy,0.998142,0.001842,0.000008,0.000008
data\paderborn\extracted\K001\K001\N15_M07_F10_K001_15.mat,healthy,healthy,0.997314,0.002625,0.000026,0.000035
data\paderborn\extracted\K001\K001\N15_M07_F10_K001_15.mat,healthy,healthy,0.995553,0.004416,0.000016,0.000015
data\paderborn\extracted\K001\K001\N15_M07_F10_K001_15.mat,healthy,healthy,0.998961,0.001026,0.000005,0.000008
data\paderborn\extracted\K001\K001\N15_M07_F10_K001_16.mat,healthy,healthy,0.996715,0.003262,0.000019,0.000005
data\paderborn\extracted\K001\K001\N15_M07_F10_K001_16.mat,healthy,healthy,0.995972,0.003983,0.000043,0.000002
data\paderborn\extracted\K001\K001\N15_M07_F10_K001_16.mat,healthy,healthy,0.989149,0.010808,0.000032,0.000011
data\paderborn\extracted\K001\K001\N15_M07_F10_K001_16.mat,healthy,healthy,0.997777,0.002166,0.000040,0.000016
data\paderborn\extracted\K001\K001\N15_M07_F10_K001_16.mat,healthy,healthy,0.997851,0.002088,0.000052,0.000009
data\paderborn\extracted\K001\K001\N15_M07_F10_K001_16.mat,healthy,healthy,0.996853,0.003109,0.000033,0.000005
data\paderborn\extracted\K001\K001\N15_M07_F10_K001_16.mat,healthy,healthy,0.997750,0.002199,0.000023,0.000027
data\paderborn\extracted\K001\K001\N15_M07_F10_K001_16.mat,healthy,healthy,0.997249,0.002726,0.000020,0.000006
data\paderborn\extracted\K001\K001\N15_M07_F10_K001_16.mat,healthy,healthy,0.988194,0.011763,0.000022,0.000020
data\paderborn\extracted\K001\K001\N15_M07_F10_K001_16.mat,healthy,healthy,0.996366,0.003594,0.000032,0.000008
data\paderborn\extracted\K001\K001\N15_M07_F10_K001_16.mat,healthy,healthy,0.995070,0.004878,0.000047,0.000005
data\paderborn\extracted\K001\K001\N15_M07_F10_K001_16.mat,healthy,healthy,0.983704,0.016261,0.000025,0.000010
data\paderborn\extracted\K001\K001\N15_M07_F10_K001_16.mat,healthy,healthy,0.999453,0.000536,0.000009,0.000002
data\paderborn\extracted\K001\K001\N15_M07_F10_K001_16.mat,healthy,healthy,0.997420,0.002556,0.000012,0.000012
data\paderborn\extracted\K001\K001\N15_M07_F10_K001_16.mat,healthy,healthy,0.995421,0.004536,0.000036,0.000006
data\paderborn\extracted\K001\K001\N15_M07_F10_K001_16.mat,healthy,healthy,0.990917,0.008993,0.000036,0.000054
data\paderborn\extracted\K001\K001\N15_M07_F10_K001_17.mat,healthy,healthy,0.994858,0.005063,0.000037,0.000043
data\paderborn\extracted\K001\K001\N15_M07_F10_K001_17.mat,healthy,healthy,0.995756,0.004195,0.000032,0.000018
data\paderborn\extracted\K001\K001\N15_M07_F10_K001_17.mat,healthy,healthy,0.997232,0.002743,0.000010,0.000015
data\paderborn\extracted\K001\K001\N15_M07_F10_K001_17.mat,healthy,healthy,0.998435,0.001549,0.000009,0.000007
data\paderborn\extracted\K001\K001\N15_M07_F10_K001_17.mat,healthy,healthy,0.995024,0.004940,0.000029,0.000007
data\paderborn\extracted\K001\K001\N15_M07_F10_K001_17.mat,healthy,healthy,0.949407,0.050451,0.000051,0.000091
data\paderborn\extracted\K001\K001\N15_M07_F10_K001_17.mat,healthy,healthy,0.993051,0.006912,0.000017,0.000020
data\paderborn\extracted\K001\K001\N15_M07_F10_K001_17.mat,healthy,healthy,0.997678,0.002289,0.000024,0.000009
data\paderborn\extracted\K001\K001\N15_M07_F10_K001_17.mat,healthy,healthy,0.990003,0.009929,0.000049,0.000019
data\paderborn\extracted\K001\K001\N15_M07_F10_K001_17.mat,healthy,healthy,0.987590,0.012340,0.000055,0.000014
data\paderborn\extracted\K001\K001\N15_M07_F10_K001_17.mat,healthy,healthy,0.983098,0.016822,0.000066,0.000014
data\paderborn\extracted\K001\K001\N15_M07_F10_K001_17.mat,healthy,healthy,0.994855,0.005101,0.000024,0.000019
data\paderborn\extracted\K001\K001\N15_M07_F10_K001_17.mat,healthy,healthy,0.999220,0.000754,0.000009,0.000017
data\paderborn\extracted\K001\K001\N15_M07_F10_K001_17.mat,healthy,healthy,0.997641,0.002310,0.000008,0.000042
data\paderborn\extracted\K001\K001\N15_M07_F10_K001_17.mat,healthy,healthy,0.992648,0.007245,0.000041,0.000066
data\paderborn\extracted\K001\K001\N15_M07_F10_K001_17.mat,healthy,healthy,0.991216,0.008745,0.000033,0.000007
data\paderborn\extracted\K001\K001\N15_M07_F10_K001_18.mat,healthy,healthy,0.998499,0.001478,0.000015,0.000007
data\paderborn\extracted\K001\K001\N15_M07_F10_K001_18.mat,healthy,healthy,0.997483,0.002500,0.000014,0.000003
data\paderborn\extracted\K001\K001\N15_M07_F10_K001_18.mat,healthy,healthy,0.993219,0.006684,0.000089,0.000008
data\paderborn\extracted\K001\K001\N15_M07_F10_K001_18.mat,healthy,healthy,0.997937,0.001943,0.000101,0.000018
data\paderborn\extracted\K001\K001\N15_M07_F10_K001_18.mat,healthy,healthy,0.994468,0.005508,0.000009,0.000015
data\paderborn\extracted\K001\K001\N15_M07_F10_K001_18.mat,healthy,healthy,0.996540,0.003412,0.000014,0.000035
data\paderborn\extracted\K001\K001\N15_M07_F10_K001_18.mat,healthy,healthy,0.997783,0.002195,0.000011,0.000010
data\paderborn\extracted\K001\K001\N15_M07_F10_K001_18.mat,healthy,healthy,0.995980,0.003996,0.000012,0.000012
data\paderborn\extracted\K001\K001\N15_M07_F10_K001_18.mat,healthy,healthy,0.992942,0.007022,0.000014,0.000022
data\paderborn\extracted\K001\K001\N15_M07_F10_K001_18.mat,healthy,healthy,0.997484,0.002494,0.000016,0.000007
data\paderborn\extracted\K001\K001\N15_M07_F10_K001_18.mat,healthy,healthy,0.996243,0.003668,0.000016,0.000072
data\paderborn\extracted\K001\K001\N15_M07_F10_K001_18.mat,healthy,healthy,0.996527,0.003411,0.000031,0.000032
data\paderborn\extracted\K001\K001\N15_M07_F10_K001_18.mat,healthy,healthy,0.998262,0.001714,0.000010,0.000014
data\paderborn\extracted\K001\K001\N15_M07_F10_K001_18.mat,healthy,healthy,0.998472,0.001511,0.000012,0.000005
data\paderborn\extracted\K001\K001\N15_M07_F10_K001_18.mat,healthy,healthy,0.998776,0.001201,0.000022,0.000002
data\paderborn\extracted\K001\K001\N15_M07_F10_K001_18.mat,healthy,healthy,0.996978,0.002977,0.000038,0.000006
data\paderborn\extracted\K001\K001\N15_M07_F10_K001_19.mat,healthy,healthy,0.998940,0.001041,0.000014,0.000005
data\paderborn\extracted\K001\K001\N15_M07_F10_K001_19.mat,healthy,healthy,0.998759,0.001225,0.000012,0.000003
data\paderborn\extracted\K001\K001\N15_M07_F10_K001_19.mat,healthy,healthy,0.999011,0.000964,0.000020,0.000005
data\paderborn\extracted\K001\K001\N15_M07_F10_K001_19.mat,healthy,healthy,0.998019,0.001959,0.000012,0.000010
data\paderborn\extracted\K001\K001\N15_M07_F10_K001_19.mat,healthy,healthy,0.994521,0.005370,0.000061,0.000048
data\paderborn\extracted\K001\K001\N15_M07_F10_K001_19.mat,healthy,healthy,0.998138,0.001846,0.000011,0.000006
data\paderborn\extracted\K001\K001\N15_M07_F10_K001_19.mat,healthy,healthy,0.998433,0.001543,0.000022,0.000002
data\paderborn\extracted\K001\K001\N15_M07_F10_K001_19.mat,healthy,healthy,0.997876,0.002105,0.000016,0.000003
data\paderborn\extracted\K001\K001\N15_M07_F10_K001_19.mat,healthy,healthy,0.997376,0.002581,0.000039,0.000004
data\paderborn\extracted\K001\K001\N15_M07_F10_K001_19.mat,healthy,healthy,0.987764,0.012200,0.000013,0.000023
data\paderborn\extracted\K001\K001\N15_M07_F10_K001_19.mat,healthy,healthy,0.994677,0.005286,0.000024,0.000013
data\paderborn\extracted\K001\K001\N15_M07_F10_K001_19.mat,healthy,healthy,0.985711,0.014243,0.000033,0.000013
data\paderborn\extracted\K001\K001\N15_M07_F10_K001_19.mat,healthy,healthy,0.998560,0.001427,0.000009,0.000003
data\paderborn\extracted\K001\K001\N15_M07_F10_K001_19.mat,healthy,healthy,0.998068,0.001917,0.000006,0.000010
data\paderborn\extracted\K001\K001\N15_M07_F10_K001_19.mat,healthy,healthy,0.995408,0.004532,0.000013,0.000047
data\paderborn\extracted\K001\K001\N15_M07_F10_K001_19.mat,healthy,healthy,0.986201,0.013713,0.000061,0.000025
data\paderborn\extracted\K001\K001\N15_M07_F10_K001_2.mat,healthy,healthy,0.997290,0.002667,0.000014,0.000029
data\paderborn\extracted\K001\K001\N15_M07_F10_K001_2.mat,healthy,healthy,0.993558,0.006352,0.000044,0.000046
data\paderborn\extracted\K001\K001\N15_M07_F10_K001_2.mat,healthy,healthy,0.998636,0.001346,0.000012,0.000006
data\paderborn\extracted\K001\K001\N15_M07_F10_K001_2.mat,healthy,healthy,0.997351,0.002592,0.000049,0.000008
data\paderborn\extracted\K001\K001\N15_M07_F10_K001_2.mat,healthy,healthy,0.973321,0.026579,0.000086,0.000013
data\paderborn\extracted\K001\K001\N15_M07_F10_K001_2.mat,healthy,healthy,0.991805,0.008145,0.000042,0.000007
data\paderborn\extracted\K001\K001\N15_M07_F10_K001_2.mat,healthy,healthy,0.939070,0.060426,0.000171,0.000333
data\paderborn\extracted\K001\K001\N15_M07_F10_K001_2.mat,healthy,healthy,0.988490,0.011426,0.000023,0.000061
data\paderborn\extracted\K001\K001\N15_M07_F10_K001_2.mat,healthy,healthy,0.998852,0.001116,0.000014,0.000018
data\paderborn\extracted\K001\K001\N15_M07_F10_K001_2.mat,healthy,healthy,0.998561,0.001407,0.000010,0.000022
data\paderborn\extracted\K001\K001\N15_M07_F10_K001_2.mat,healthy,healthy,0.999062,0.000920,0.000012,0.000007
data\paderborn\extracted\K001\K001\N15_M07_F10_K001_2.mat,healthy,healthy,0.998090,0.001889,0.000014,0.000007
data\paderborn\extracted\K001\K001\N15_M07_F10_K001_2.mat,healthy,healthy,0.996913,0.003039,0.000029,0.000019
data\paderborn\extracted\K001\K001\N15_M07_F10_K001_2.mat,healthy,healthy,0.929900,0.069736,0.000046,0.000318
data\paderborn\extracted\K001\K001\N15_M07_F10_K001_2.mat,healthy,healthy,0.983529,0.016424,0.000019,0.000027
data\paderborn\extracted\K001\K001\N15_M07_F10_K001_2.mat,healthy,healthy,0.996550,0.003397,0.000025,0.000027
data\paderborn\extracted\K001\K001\N15_M07_F10_K001_20.mat,healthy,healthy,0.994251,0.005603,0.000020,0.000127
data\paderborn\extracted\K001\K001\N15_M07_F10_K001_20.mat,healthy,healthy,0.994785,0.005098,0.000040,0.000077
data\paderborn\extracted\K001\K001\N15_M07_F10_K001_20.mat,healthy,healthy,0.981085,0.018850,0.000044,0.000021
data\paderborn\extracted\K001\K001\N15_M07_F10_K001_20.mat,healthy,healthy,0.986303,0.013586,0.000040,0.000071
data\paderborn\extracted\K001\K001\N15_M07_F10_K001_20.mat,healthy,healthy,0.997898,0.002081,0.000011,0.000010
data\paderborn\extracted\K001\K001\N15_M07_F10_K001_20.mat,healthy,healthy,0.993673,0.006298,0.000015,0.000014
data\paderborn\extracted\K001\K001\N15_M07_F10_K001_20.mat,healthy,healthy,0.990163,0.009788,0.000030,0.000020
data\paderborn\extracted\K001\K001\N15_M07_F10_K001_20.mat,healthy,healthy,0.996272,0.003696,0.000012,0.000020
data\paderborn\extracted\K001\K001\N15_M07_F10_K001_20.mat,healthy,healthy,0.989444,0.010489,0.000016,0.000051
data\paderborn\extracted\K001\K001\N15_M07_F10_K001_20.mat,healthy,healthy,0.985216,0.014712,0.000035,0.000037
data\paderborn\extracted\K001\K001\N15_M07_F10_K001_20.mat,healthy,healthy,0.991968,0.008004,0.000014,0.000014
data\paderborn\extracted\K001\K001\N15_M07_F10_K001_20.mat,healthy,healthy,0.991467,0.008455,0.000064,0.000013
data\paderborn\extracted\K001\K001\N15_M07_F10_K001_20.mat,healthy,healthy,0.996752,0.003226,0.000010,0.000012
data\paderborn\extracted\K001\K001\N15_M07_F10_K001_20.mat,healthy,healthy,0.998977,0.001010,0.000008,0.000005
data\paderborn\extracted\K001\K001\N15_M07_F10_K001_20.mat,healthy,healthy,0.998402,0.001572,0.000020,0.000006
data\paderborn\extracted\K001\K001\N15_M07_F10_K001_20.mat,healthy,healthy,0.990497,0.009434,0.000050,0.000018
data\paderborn\extracted\K001\K001\N15_M07_F10_K001_3.mat,healthy,healthy,0.992716,0.007068,0.000214,0.000003
data\paderborn\extracted\K001\K001\N15_M07_F10_K001_3.mat,healthy,healthy,0.955523,0.044355,0.000105,0.000016
data\paderborn\extracted\K001\K001\N15_M07_F10_K001_3.mat,healthy,healthy,0.997720,0.002256,0.000021,0.000002
data\paderborn\extracted\K001\K001\N15_M07_F10_K001_3.mat,healthy,healthy,0.994058,0.005915,0.000023,0.000004
data\paderborn\extracted\K001\K001\N15_M07_F10_K001_3.mat,healthy,healthy,0.998167,0.001784,0.000019,0.000030
data\paderborn\extracted\K001\K001\N15_M07_F10_K001_3.mat,healthy,healthy,0.998237,0.001681,0.000017,0.000065
data\paderborn\extracted\K001\K001\N15_M07_F10_K001_3.mat,healthy,healthy,0.986912,0.012859,0.000144,0.000084
data\paderborn\extracted\K001\K001\N15_M07_F10_K001_3.mat,healthy,healthy,0.970665,0.028889,0.000370,0.000076
data\paderborn\extracted\K001\K001\N15_M07_F10_K001_3.mat,healthy,healthy,0.997199,0.002788,0.000009,0.000004
data\paderborn\extracted\K001\K001\N15_M07_F10_K001_3.mat,healthy,healthy,0.998020,0.001958,0.000018,0.000005
data\paderborn\extracted\K001\K001\N15_M07_F10_K001_3.mat,healthy,healthy,0.987052,0.012822,0.000050,0.000076
data\paderborn\extracted\K001\K001\N15_M07_F10_K001_3.mat,healthy,healthy,0.996396,0.003524,0.000046,0.000034
data\paderborn\extracted\K001\K001\N15_M07_F10_K001_3.mat,healthy,healthy,0.998346,0.001634,0.000010,0.000009
data\paderborn\extracted\K001\K001\N15_M07_F10_K001_3.mat,healthy,healthy,0.994617,0.005327,0.000016,0.000040
data\paderborn\extracted\K001\K001\N15_M07_F10_K001_3.mat,healthy,healthy,0.992185,0.007713,0.000034,0.000068
data\paderborn\extracted\K001\K001\N15_M07_F10_K001_3.mat,healthy,healthy,0.992581,0.007393,0.000014,0.000011
data\paderborn\extracted\K001\K001\N15_M07_F10_K001_4.mat,healthy,healthy,0.988727,0.011182,0.000018,0.000073
data\paderborn\extracted\K001\K001\N15_M07_F10_K001_4.mat,healthy,healthy,0.990448,0.009507,0.000023,0.000021
data\paderborn\extracted\K001\K001\N15_M07_F10_K001_4.mat,healthy,healthy,0.988007,0.011877,0.000085,0.000031
data\paderborn\extracted\K001\K001\N15_M07_F10_K001_4.mat,healthy,healthy,0.992462,0.007313,0.000216,0.000009
data\paderborn\extracted\K001\K001\N15_M07_F10_K001_4.mat,healthy,healthy,0.997255,0.002703,0.000039,0.000002
data\paderborn\extracted\K001\K001\N15_M07_F10_K001_4.mat,healthy,healthy,0.996492,0.003485,0.000019,0.000004
data\paderborn\extracted\K001\K001\N15_M07_F10_K001_4.mat,healthy,healthy,0.993739,0.006217,0.000029,0.000015
data\paderborn\extracted\K001\K001\N15_M07_F10_K001_4.mat,healthy,healthy,0.974656,0.025300,0.000024,0.000021
data\paderborn\extracted\K001\K001\N15_M07_F10_K001_4.mat,healthy,healthy,0.990773,0.009153,0.000052,0.000021
data\paderborn\extracted\K001\K001\N15_M07_F10_K001_4.mat,healthy,healthy,0.996981,0.002993,0.000020,0.000006
data\paderborn\extracted\K001\K001\N15_M07_F10_K001_4.mat,healthy,healthy,0.996428,0.003553,0.000011,0.000008
data\paderborn\extracted\K001\K001\N15_M07_F10_K001_4.mat,healthy,healthy,0.998185,0.001796,0.000006,0.000013
data\paderborn\extracted\K001\K001\N15_M07_F10_K001_4.mat,healthy,healthy,0.985195,0.014717,0.000029,0.000059
data\paderborn\extracted\K001\K001\N15_M07_F10_K001_4.mat,healthy,healthy,0.992058,0.007910,0.000013,0.000018
data\paderborn\extracted\K001\K001\N15_M07_F10_K001_4.mat,healthy,healthy,0.998589,0.001344,0.000024,0.000044
data\paderborn\extracted\K001\K001\N15_M07_F10_K001_4.mat,healthy,healthy,0.998284,0.001692,0.000017,0.000007
data\paderborn\extracted\K001\K001\N15_M07_F10_K001_5.mat,healthy,healthy,0.992625,0.007318,0.000048,0.000009
data\paderborn\extracted\K001\K001\N15_M07_F10_K001_5.mat,healthy,healthy,0.992864,0.007095,0.000024,0.000018
data\paderborn\extracted\K001\K001\N15_M07_F10_K001_5.mat,healthy,healthy,0.996746,0.003232,0.000014,0.000008
data\paderborn\extracted\K001\K001\N15_M07_F10_K001_5.mat,healthy,healthy,0.993825,0.006152,0.000013,0.000010
data\paderborn\extracted\K001\K001\N15_M07_F10_K001_5.mat,healthy,healthy,0.995919,0.004025,0.000044,0.000012
data\paderborn\extracted\K001\K001\N15_M07_F10_K001_5.mat,healthy,healthy,0.974730,0.025204,0.000058,0.000009
data\paderborn\extracted\K001\K001\N15_M07_F10_K001_5.mat,healthy,healthy,0.991248,0.008709,0.000036,0.000007
data\paderborn\extracted\K001\K001\N15_M07_F10_K001_5.mat,healthy,healthy,0.989054,0.010868,0.000018,0.000059
data\paderborn\extracted\K001\K001\N15_M07_F10_K001_5.mat,healthy,healthy,0.990104,0.009866,0.000018,0.000012
data\paderborn\extracted\K001\K001\N15_M07_F10_K001_5.mat,healthy,healthy,0.994636,0.005329,0.000019,0.000016
data\paderborn\extracted\K001\K001\N15_M07_F10_K001_5.mat,healthy,healthy,0.996461,0.003510,0.000013,0.000016
data\paderborn\extracted\K001\K001\N15_M07_F10_K001_5.mat,healthy,healthy,0.998558,0.001430,0.000010,0.000003
data\paderborn\extracted\K001\K001\N15_M07_F10_K001_5.mat,healthy,healthy,0.995743,0.004231,0.000019,0.000007
data\paderborn\extracted\K001\K001\N15_M07_F10_K001_5.mat,healthy,healthy,0.993516,0.006430,0.000034,0.000020
data\paderborn\extracted\K001\K001\N15_M07_F10_K001_5.mat,healthy,healthy,0.996784,0.003147,0.000040,0.000030
data\paderborn\extracted\K001\K001\N15_M07_F10_K001_5.mat,healthy,healthy,0.985594,0.014250,0.000134,0.000021
data\paderborn\extracted\K001\K001\N15_M07_F10_K001_6.mat,healthy,healthy,0.996773,0.003208,0.000010,0.000009
data\paderborn\extracted\K001\K001\N15_M07_F10_K001_6.mat,healthy,healthy,0.991577,0.008386,0.000020,0.000017
data\paderborn\extracted\K001\K001\N15_M07_F10_K001_6.mat,healthy,healthy,0.992732,0.007245,0.000013,0.000010
data\paderborn\extracted\K001\K001\N15_M07_F10_K001_6.mat,healthy,healthy,0.993101,0.006856,0.000034,0.000009
data\paderborn\extracted\K001\K001\N15_M07_F10_K001_6.mat,healthy,healthy,0.995123,0.004844,0.000014,0.000019
data\paderborn\extracted\K001\K001\N15_M07_F10_K001_6.mat,healthy,healthy,0.996672,0.003311,0.000013,0.000004
data\paderborn\extracted\K001\K001\N15_M07_F10_K001_6.mat,healthy,healthy,0.973474,0.026412,0.000087,0.000027
data\paderborn\extracted\K001\K001\N15_M07_F10_K001_6.mat,healthy,healthy,0.997414,0.002550,0.000028,0.000007
data\paderborn\extracted\K001\K001\N15_M07_F10_K001_6.mat,healthy,healthy,0.991150,0.008827,0.000017,0.000006
data\paderborn\extracted\K001\K001\N15_M07_F10_K001_6.mat,healthy,healthy,0.984204,0.015769,0.000017,0.000010
data\paderborn\extracted\K001\K001\N15_M07_F10_K001_6.mat,healthy,healthy,0.998948,0.001040,0.000010,0.000002
data\paderborn\extracted\K001\K001\N15_M07_F10_K001_6.mat,healthy,healthy,0.998393,0.001593,0.000011,0.000002
data\paderborn\extracted\K001\K001\N15_M07_F10_K001_6.mat,healthy,healthy,0.994606,0.005364,0.000018,0.000012
data\paderborn\extracted\K001\K001\N15_M07_F10_K001_6.mat,healthy,healthy,0.991550,0.008409,0.000032,0.000010
data\paderborn\extracted\K001\K001\N15_M07_F10_K001_6.mat,healthy,healthy,0.997069,0.002919,0.000009,0.000003
data\paderborn\extracted\K001\K001\N15_M07_F10_K001_6.mat,healthy,healthy,0.995049,0.004930,0.000017,0.000004
data\paderborn\extracted\K001\K001\N15_M07_F10_K001_7.mat,healthy,healthy,0.996922,0.003057,0.000014,0.000007
data\paderborn\extracted\K001\K001\N15_M07_F10_K001_7.mat,healthy,healthy,0.997360,0.002607,0.000011,0.000022
data\paderborn\extracted\K001\K001\N15_M07_F10_K001_7.mat,healthy,healthy,0.999613,0.000378,0.000007,0.000003
data\paderborn\extracted\K001\K001\N15_M07_F10_K001_7.mat,healthy,healthy,0.998956,0.001029,0.000007,0.000007
data\paderborn\extracted\K001\K001\N15_M07_F10_K001_7.mat,healthy,healthy,0.997739,0.002241,0.000010,0.000010
data\paderborn\extracted\K001\K001\N15_M07_F10_K001_7.mat,healthy,healthy,0.995177,0.004779,0.000026,0.000018
data\paderborn\extracted\K001\K001\N15_M07_F10_K001_7.mat,healthy,healthy,0.965748,0.034045,0.000092,0.000114
data\paderborn\extracted\K001\K001\N15_M07_F10_K001_7.mat,healthy,healthy,0.995574,0.004378,0.000029,0.000019
data\paderborn\extracted\K001\K001\N15_M07_F10_K001_7.mat,healthy,healthy,0.995403,0.004581,0.000009,0.000007
data\paderborn\extracted\K001\K001\N15_M07_F10_K001_7.mat,healthy,healthy,0.998884,0.001089,0.000024,0.000002
data\paderborn\extracted\K001\K001\N15_M07_F10_K001_7.mat,healthy,healthy,0.996745,0.003235,0.000011,0.000009
data\paderborn\extracted\K001\K001\N15_M07_F10_K001_7.mat,healthy,healthy,0.995232,0.004745,0.000013,0.000009
data\paderborn\extracted\K001\K001\N15_M07_F10_K001_7.mat,healthy,healthy,0.995244,0.004732,0.000015,0.000008
data\paderborn\extracted\K001\K001\N15_M07_F10_K001_7.mat,healthy,healthy,0.992705,0.007257,0.000014,0.000024
data\paderborn\extracted\K001\K001\N15_M07_F10_K001_7.mat,healthy,healthy,0.998258,0.001725,0.000013,0.000004
data\paderborn\extracted\K001\K001\N15_M07_F10_K001_7.mat,healthy,healthy,0.987708,0.012202,0.000084,0.000006
data\paderborn\extracted\K001\K001\N15_M07_F10_K001_8.mat,healthy,healthy,0.993844,0.006132,0.000015,0.000009
data\paderborn\extracted\K001\K001\N15_M07_F10_K001_8.mat,healthy,healthy,0.992878,0.007034,0.000078,0.000010
data\paderborn\extracted\K001\K001\N15_M07_F10_K001_8.mat,healthy,healthy,0.987585,0.012357,0.000048,0.000011
data\paderborn\extracted\K001\K001\N15_M07_F10_K001_8.mat,healthy,healthy,0.993016,0.006936,0.000025,0.000022
data\paderborn\extracted\K001\K001\N15_M07_F10_K001_8.mat,healthy,healthy,0.985104,0.014690,0.000106,0.000100
data\paderborn\extracted\K001\K001\N15_M07_F10_K001_8.mat,healthy,healthy,0.980545,0.019353,0.000041,0.000061
data\paderborn\extracted\K001\K001\N15_M07_F10_K001_8.mat,healthy,healthy,0.995682,0.004231,0.000078,0.000009
data\paderborn\extracted\K001\K001\N15_M07_F10_K001_8.mat,healthy,healthy,0.990691,0.009235,0.000070,0.000004
data\paderborn\extracted\K001\K001\N15_M07_F10_K001_8.mat,healthy,healthy,0.998962,0.001013,0.000018,0.000007
data\paderborn\extracted\K001\K001\N15_M07_F10_K001_8.mat,healthy,healthy,0.999167,0.000807,0.000010,0.000016
data\paderborn\extracted\K001\K001\N15_M07_F10_K001_8.mat,healthy,healthy,0.996964,0.002971,0.000034,0.000030
data\paderborn\extracted\K001\K001\N15_M07_F10_K001_8.mat,healthy,healthy,0.998097,0.001847,0.000045,0.000011
data\paderborn\extracted\K001\K001\N15_M07_F10_K001_8.mat,healthy,healthy,0.996055,0.003883,0.000055,0.000007
data\paderborn\extracted\K001\K001\N15_M07_F10_K001_8.mat,healthy,healthy,0.991088,0.008864,0.000036,0.000012
data\paderborn\extracted\K001\K001\N15_M07_F10_K001_8.mat,healthy,healthy,0.994899,0.005016,0.000048,0.000038
data\paderborn\extracted\K001\K001\N15_M07_F10_K001_8.mat,healthy,healthy,0.988180,0.011696,0.000067,0.000056
data\paderborn\extracted\K001\K001\N15_M07_F10_K001_9.mat,healthy,healthy,0.997135,0.002799,0.000042,0.000025
data\paderborn\extracted\K001\K001\N15_M07_F10_K001_9.mat,healthy,healthy,0.970367,0.029430,0.000068,0.000136
data\paderborn\extracted\K001\K001\N15_M07_F10_K001_9.mat,healthy,healthy,0.983415,0.016507,0.000028,0.000050
data\paderborn\extracted\K001\K001\N15_M07_F10_K001_9.mat,healthy,healthy,0.989087,0.010872,0.000017,0.000024
data\paderborn\extracted\K001\K001\N15_M07_F10_K001_9.mat,healthy,healthy,0.997248,0.002737,0.000010,0.000004
data\paderborn\extracted\K001\K001\N15_M07_F10_K001_9.mat,healthy,healthy,0.997114,0.002847,0.000031,0.000007
data\paderborn\extracted\K001\K001\N15_M07_F10_K001_9.mat,healthy,healthy,0.998548,0.001443,0.000006,0.000004
data\paderborn\extracted\K001\K001\N15_M07_F10_K001_9.mat,healthy,healthy,0.990756,0.009216,0.000010,0.000018
data\paderborn\extracted\K001\K001\N15_M07_F10_K001_9.mat,healthy,healthy,0.996595,0.003358,0.000029,0.000017
data\paderborn\extracted\K001\K001\N15_M07_F10_K001_9.mat,healthy,healthy,0.997133,0.002848,0.000012,0.000007
data\paderborn\extracted\K001\K001\N15_M07_F10_K001_9.mat,healthy,healthy,0.997847,0.002138,0.000013,0.000002
data\paderborn\extracted\K001\K001\N15_M07_F10_K001_9.mat,healthy,healthy,0.998934,0.001044,0.000020,0.000003
data\paderborn\extracted\K001\K001\N15_M07_F10_K001_9.mat,healthy,healthy,0.967030,0.032809,0.000044,0.000117
data\paderborn\extracted\K001\K001\N15_M07_F10_K001_9.mat,healthy,healthy,0.989781,0.010151,0.000025,0.000043
data\paderborn\extracted\K001\K001\N15_M07_F10_K001_9.mat,healthy,healthy,0.988657,0.011222,0.000024,0.000097
data\paderborn\extracted\K001\K001\N15_M07_F10_K001_9.mat,healthy,healthy,0.907308,0.092186,0.000058,0.000447
data\paderborn\extracted\KA01\KA01\N09_M07_F10_KA01_1.mat,outer_race,outer_race,0.000026,0.000007,0.991894,0.008073
data\paderborn\extracted\KA01\KA01\N09_M07_F10_KA01_1.mat,outer_race,outer_race,0.000241,0.000020,0.988449,0.011289
data\paderborn\extracted\KA01\KA01\N09_M07_F10_KA01_1.mat,outer_race,outer_race,0.000062,0.000007,0.988872,0.011060
data\paderborn\extracted\KA01\KA01\N09_M07_F10_KA01_1.mat,outer_race,outer_race,0.000071,0.000004,0.995346,0.004579
data\paderborn\extracted\KA01\KA01\N09_M07_F10_KA01_1.mat,outer_race,outer_race,0.000040,0.000003,0.994035,0.005923
data\paderborn\extracted\KA01\KA01\N09_M07_F10_KA01_1.mat,outer_race,outer_race,0.000030,0.000011,0.990421,0.009538
data\paderborn\extracted\KA01\KA01\N09_M07_F10_KA01_1.mat,outer_race,outer_race,0.000043,0.000007,0.991674,0.008277
data\paderborn\extracted\KA01\KA01\N09_M07_F10_KA01_1.mat,outer_race,outer_race,0.000085,0.000026,0.993120,0.006769
data\paderborn\extracted\KA01\KA01\N09_M07_F10_KA01_1.mat,outer_race,outer_race,0.000231,0.000044,0.991409,0.008317
data\paderborn\extracted\KA01\KA01\N09_M07_F10_KA01_1.mat,outer_race,outer_race,0.000071,0.000041,0.995912,0.003976
data\paderborn\extracted\KA01\KA01\N09_M07_F10_KA01_1.mat,outer_race,outer_race,0.000022,0.000004,0.994667,0.005307
data\paderborn\extracted\KA01\KA01\N09_M07_F10_KA01_1.mat,outer_race,outer_race,0.000021,0.000012,0.993807,0.006160
data\paderborn\extracted\KA01\KA01\N09_M07_F10_KA01_1.mat,outer_race,outer_race,0.000042,0.000006,0.995576,0.004377
data\paderborn\extracted\KA01\KA01\N09_M07_F10_KA01_1.mat,outer_race,outer_race,0.000057,0.000017,0.990304,0.009623
data\paderborn\extracted\KA01\KA01\N09_M07_F10_KA01_1.mat,outer_race,outer_race,0.000048,0.000007,0.993677,0.006268
data\paderborn\extracted\KA01\KA01\N09_M07_F10_KA01_1.mat,outer_race,outer_race,0.000036,0.000013,0.994112,0.005839
data\paderborn\extracted\KA01\KA01\N09_M07_F10_KA01_10.mat,outer_race,outer_race,0.000033,0.000009,0.991520,0.008437
data\paderborn\extracted\KA01\KA01\N09_M07_F10_KA01_10.mat,outer_race,outer_race,0.000152,0.000039,0.992401,0.007408
data\paderborn\extracted\KA01\KA01\N09_M07_F10_KA01_10.mat,outer_race,outer_race,0.000037,0.000006,0.991884,0.008073
data\paderborn\extracted\KA01\KA01\N09_M07_F10_KA01_10.mat,outer_race,outer_race,0.000027,0.000028,0.984689,0.015256
data\paderborn\extracted\KA01\KA01\N09_M07_F10_KA01_10.mat,outer_race,outer_race,0.000048,0.000003,0.989998,0.009951
data\paderborn\extracted\KA01\KA01\N09_M07_F10_KA01_10.mat,outer_race,outer_race,0.000036,0.000013,0.994738,0.005213
data\paderborn\extracted\KA01\KA01\N09_M07_F10_KA01_10.mat,outer_race,outer_race,0.000047,0.000004,0.995588,0.004361
data\paderborn\extracted\KA01\KA01\N09_M07_F10_KA01_10.mat,outer_race,outer_race,0.000334,0.000480,0.992157,0.007028
data\paderborn\extracted\KA01\KA01\N09_M07_F10_KA01_10.mat,outer_race,outer_race,0.000052,0.000006,0.984748,0.015193
data\paderborn\extracted\KA01\KA01\N09_M07_F10_KA01_10.mat,outer_race,outer_race,0.000027,0.000009,0.993356,0.006608
data\paderborn\extracted\KA01\KA01\N09_M07_F10_KA01_10.mat,outer_race,outer_race,0.000058,0.000003,0.995293,0.004646
data\paderborn\extracted\KA01\KA01\N09_M07_F10_KA01_10.mat,outer_race,outer_race,0.000066,0.000055,0.981363,0.018516
data\paderborn\extracted\KA01\KA01\N09_M07_F10_KA01_10.mat,outer_race,outer_race,0.000080,0.000003,0.991694,0.008222
data\paderborn\extracted\KA01\KA01\N09_M07_F10_KA01_10.mat,outer_race,outer_race,0.000045,0.000069,0.979255,0.020631
data\paderborn\extracted\KA01\KA01\N09_M07_F10_KA01_10.mat,outer_race,outer_race,0.000054,0.000007,0.992875,0.007064
data\paderborn\extracted\KA01\KA01\N09_M07_F10_KA01_10.mat,outer_race,outer_race,0.000038,0.000013,0.994197,0.005752
data\paderborn\extracted\KA01\KA01\N09_M07_F10_KA01_11.mat,outer_race,outer_race,0.000159,0.000021,0.982719,0.017101
data\paderborn\extracted\KA01\KA01\N09_M07_F10_KA01_11.mat,outer_race,outer_race,0.000048,0.000002,0.991570,0.008379
data\paderborn\extracted\KA01\KA01\N09_M07_F10_KA01_11.mat,outer_race,outer_race,0.000027,0.000045,0.982701,0.017226
data\paderborn\extracted\KA01\KA01\N09_M07_F10_KA01_11.mat,outer_race,outer_race,0.000028,0.000004,0.992408,0.007560
data\paderborn\extracted\KA01\KA01\N09_M07_F10_KA01_11.mat,outer_race,outer_race,0.000024,0.000026,0.989551,0.010400
data\paderborn\extracted\KA01\KA01\N09_M07_F10_KA01_11.mat,outer_race,outer_race,0.000128,0.000013,0.995443,0.004416
data\paderborn\extracted\KA01\KA01\N09_M07_F10_KA01_11.mat,outer_race,outer_race,0.000068,0.000077,0.972566,0.027290
data\paderborn\extracted\KA01\KA01\N09_M07_F10_KA01_11.mat,outer_race,outer_race,0.000035,0.000009,0.993895,0.006061
data\paderborn\extracted\KA01\KA01\N09_M07_F10_KA01_11.mat,outer_race,outer_race,0.000046,0.000029,0.980930,0.018995
data\paderborn\extracted\KA01\KA01\N09_M07_F10_KA01_11.mat,outer_race,outer_race,0.000039,0.000006,0.994321,0.005634
data\paderborn\extracted\KA01\KA01\N09_M07_F10_KA01_11.mat,outer_race,outer_race,0.000026,0.000043,0.987296,0.012635
data\paderborn\extracted\KA01\KA01\N09_M07_F10_KA01_11.mat,outer_race,outer_race,0.000042,0.000004,0.993413,0.006541
data\paderborn\extracted\KA01\KA01\N09_M07_F10_KA01_11.mat,outer_race,outer_race,0.000080,0.000036,0.976105,0.023779
data\paderborn\extracted\KA01\KA01\N09_M07_F10_KA01_11.mat,outer_race,outer_race,0.000181,0.000170,0.965688,0.033961
data\paderborn\extracted\KA01\KA01\N09_M07_F10_KA01_11.mat,outer_race,outer_race,0.000023,0.000025,0.990478,0.009474
data\paderborn\extracted\KA01\KA01\N09_M07_F10_KA01_11.mat,outer_race,outer_race,0.000023,0.000005,0.987896,0.012076
data\paderborn\extracted\KA01\KA01\N09_M07_F10_KA01_12.mat,outer_race,outer_race,0.000140,0.000009,0.993531,0.006320
data\paderborn\extracted\KA01\KA01\N09_M07_F10_KA01_12.mat,outer_race,outer_race,0.000046,0.000005,0.991406,0.008543
data\paderborn\extracted\KA01\KA01\N09_M07_F10_KA01_12.mat,outer_race,outer_race,0.000139,0.000599,0.969807,0.029455
data\paderborn\extracted\KA01\KA01\N09_M07_F10_KA01_12.mat,outer_race,outer_race,0.000026,0.000022,0.987083,0.012870
data\paderborn\extracted\KA01\KA01\N09_M07_F10_KA01_12.mat,outer_race,outer_race,0.000035,0.000053,0.989606,0.010306
data\paderborn\extracted\KA01\KA01\N09_M07_F10_KA01_12.mat,outer_race,outer_race,0.000034,0.000004,0.996665,0.003297
data\paderborn\extracted\KA01\KA01\N09_M07_F10_KA01_12.mat,outer_race,outer_race,0.000035,0.000008,0.990199,0.009759
data\paderborn\extracted\KA01\KA01\N09_M07_F10_KA01_12.mat,outer_race,outer_race,0.000052,0.000008,0.986554,0.013386
data\paderborn\extracted\KA01\KA01\N09_M07_F10_KA01_12.mat,outer_race,outer_race,0.000094,0.000082,0.910981,0.088843
data\paderborn\extracted\KA01\KA01\N09_M07_F10_KA01_12.mat,outer_race,outer_race,0.000028,0.000005,0.993685,0.006283
data\paderborn\extracted\KA01\KA01\N09_M07_F10_KA01_12.mat,outer_race,outer_race,0.000024,0.000003,0.992577,0.007396
data\paderborn\extracted\KA01\KA01\N09_M07_F10_KA01_12.mat,outer_race,outer_race,0.000029,0.000021,0.978487,0.021463
data\paderborn\extracted\KA01\KA01\N09_M07_F10_KA01_12.mat,outer_race,outer_race,0.000037,0.000003,0.992633,0.007328
data\paderborn\extracted\KA01\KA01\N09_M07_F10_KA01_12.mat,outer_race,outer_race,0.000131,0.000497,0.942577,0.056794
data\paderborn\extracted\KA01\KA01\N09_M07_F10_KA01_12.mat,outer_race,outer_race,0.000085,0.000008,0.988843,0.011063
data\paderborn\extracted\KA01\KA01\N09_M07_F10_KA01_12.mat,outer_race,outer_race,0.000071,0.000026,0.990318,0.009585
data\paderborn\extracted\KA01\KA01\N09_M07_F10_KA01_13.mat,outer_race,outer_race,0.000022,0.000006,0.996097,0.003874
data\paderborn\extracted\KA01\KA01\N09_M07_F10_KA01_13.mat,outer_race,outer_race,0.000054,0.000004,0.996627,0.003314
data\paderborn\extracted\KA01\KA01\N09_M07_F10_KA01_13.mat,outer_race,outer_race,0.000071,0.000007,0.990137,0.009786
data\paderborn\extracted\KA01\KA01\N09_M07_F10_KA01_13.mat,outer_race,outer_race,0.000053,0.000023,0.991840,0.008085
data\paderborn\extracted\KA01\KA01\N09_M07_F10_KA01_13.mat,outer_race,outer_race,0.000307,0.000163,0.944816,0.054715
data\paderborn\extracted\KA01\KA01\N09_M07_F10_KA01_13.mat,outer_race,outer_race,0.000038,0.000018,0.988375,0.011569
data\paderborn\extracted\KA01\KA01\N09_M07_F10_KA01_13.mat,outer_race,outer_race,0.000030,0.000003,0.992763,0.007204
data\paderborn\extracted\KA01\KA01\N09_M07_F10_KA01_13.mat,outer_race,outer_race,0.000045,0.000004,0.990612,0.009339
data\paderborn\extracted\KA01\KA01\N09_M07_F10_KA01_13.mat,outer_race,outer_race,0.000044,0.000011,0.983001,0.016943
data\paderborn\extracted\KA01\KA01\N09_M07_F10_KA01_13.mat,outer_race,outer_race,0.000043,0.000012,0.994123,0.005823
data\paderborn\extracted\KA01\KA01\N09_M07_F10_KA01_13.mat,outer_race,outer_race,0.000049,0.000009,0.995186,0.004756
data\paderborn\extracted\KA01\KA01\N09_M07_F10_KA01_13.mat,outer_race,outer_race,0.000037,0.000022,0.992843,0.007099
data\paderborn\extracted\KA01\KA01\N09_M07_F10_KA01_13.mat,outer_race,outer_race,0.000091,0.000004,0.992965,0.006940
data\paderborn\extracted\KA01\KA01\N09_M07_F10_KA01_13.mat,outer_race,outer_race,0.000048,0.000015,0.995670,0.004267
data\paderborn\extracted\KA01\KA01\N09_M07_F10_KA01_13.mat,outer_race,outer_race,0.000048,0.000003,0.993993,0.005955
data\paderborn\extracted\KA01\KA01\N09_M07_F10_KA01_13.mat,outer_race,outer_race,0.000161,0.000132,0.964659,0.035048
data\paderborn\extracted\KA01\KA01\N09_M07_F10_KA01_14.mat,outer_race,outer_race,0.000025,0.000045,0.994813,0.005117
data\paderborn\extracted\KA01\KA01\N09_M07_F10_KA01_14.mat,outer_race,outer_race,0.000030,0.000005,0.994184,0.005782
data\paderborn\extracted\KA01\KA01\N09_M07_F10_KA01_14.mat,outer_race,outer_race,0.000078,0.000042,0.990754,0.009126
data\paderborn\extracted\KA01\KA01\N09_M07_F10_KA01_14.mat,outer_race,outer_race,0.000125,0.000008,0.993605,0.006261
data\paderborn\extracted\KA01\KA01\N09_M07_F10_KA01_14.mat,outer_race,outer_race,0.000043,0.000023,0.993536,0.006397
data\paderborn\extracted\KA01\KA01\N09_M07_F10_KA01_14.mat,outer_race,outer_race,0.000049,0.000006,0.995435,0.004510
data\paderborn\extracted\KA01\KA01\N09_M07_F10_KA01_14.mat,outer_race,outer_race,0.000026,0.000004,0.987734,0.012235
data\paderborn\extracted\KA01\KA01\N09_M07_F10_KA01_14.mat,outer_race,outer_race,0.000034,0.000004,0.993185,0.006777
data\paderborn\extracted\KA01\KA01\N09_M07_F10_KA01_14.mat,outer_race,outer_race,0.000038,0.000009,0.994201,0.005752
data\paderborn\extracted\KA01\KA01\N09_M07_F10_KA01_14.mat,outer_race,outer_race,0.000064,0.000036,0.991882,0.008018
data\paderborn\extracted\KA01\KA01\N09_M07_F10_KA01_14.mat,outer_race,outer_race,0.000020,0.000007,0.986497,0.013476
data\paderborn\extracted\KA01\KA01\N09_M07_F10_KA01_14.mat,outer_race,outer_race,0.000034,0.000006,0.996048,0.003912
data\paderborn\extracted\KA01\KA01\N09_M07_F10_KA01_14.mat,outer_race,outer_race,0.000072,0.000010,0.989525,0.010393
data\paderborn\extracted\KA01\KA01\N09_M07_F10_KA01_14.mat,outer_race,outer_race,0.000044,0.000024,0.992378,0.007554
data\paderborn\extracted\KA01\KA01\N09_M07_F10_KA01_14.mat,outer_race,outer_race,0.000029,0.000009,0.989438,0.010523
data\paderborn\extracted\KA01\KA01\N09_M07_F10_KA01_14.mat,outer_race,outer_race,0.000141,0.000019,0.980566,0.019274
data\paderborn\extracted\KA01\KA01\N09_M07_F10_KA01_15.mat,outer_race,outer_race,0.000088,0.000023,0.967751,0.032138
data\paderborn\extracted\KA01\KA01\N09_M07_F10_KA01_15.mat,outer_race,outer_race,0.000031,0.000044,0.990435,0.009491
data\paderborn\extracted\KA01\KA01\N09_M07_F10_KA01_15.mat,outer_race,outer_race,0.000035,0.000006,0.993178,0.006781
data\paderborn\extracted\KA01\KA01\N09_M07_F10_KA01_15.mat,outer_race,outer_race,0.000028,0.000039,0.968719,0.031215
data\paderborn\extracted\KA01\KA01\N09_M07_F10_KA01_15.mat,outer_race,outer_race,0.000039,0.000002,0.990859,0.009100
data\paderborn\extracted\KA01\KA01\N09_M07_F10_KA01_15.mat,outer_race,outer_race,0.000021,0.000010,0.988791,0.011178
data\paderborn\extracted\KA01\KA01\N09_M07_F10_KA01_15.mat,outer_race,outer_race,0.000039,0.000009,0.980533,0.019419
data\paderborn\extracted\KA01\KA01\N09_M07_F10_KA01_15.mat,outer_race,outer_race,0.000052,0.000066,0.971679,0.028203
data\paderborn\extracted\KA01\KA01\N09_M07_F10_KA01_15.mat,outer_race,outer_race,0.000088,0.000008,0.989117,0.010787
data\paderborn\extracted\KA01\KA01\N09_M07_F10_KA01_15.mat,outer_race,outer_race,0.000047,0.000026,0.982607,0.017320
data\paderborn\extracted\KA01\KA01\N09_M07_F10_KA01_15.mat,outer_race,outer_race,0.000034,0.000006,0.992952,0.007007
data\paderborn\extracted\KA01\KA01\N09_M07_F10_KA01_15.mat,outer_race,outer_race,0.000026,0.000027,0.989193,0.010754
data\paderborn\extracted\KA01\KA01\N09_M07_F10_KA01_15.mat,outer_race,outer_race,0.000042,0.000016,0.994171,0.005772
data\paderborn\extracted\KA01\KA01\N09_M07_F10_KA01_15.mat,outer_race,outer_race,0.000083,0.000344,0.979481,0.020092
data\paderborn\extracted\KA01\KA01\N09_M07_F10_KA01_15.mat,outer_race,outer_race,0.000125,0.000022,0.988097,0.011756
data\paderborn\extracted\KA01\KA01\N09_M07_F10_KA01_15.mat,outer_race,outer_race,0.000049,0.000005,0.991369,0.008577
data\paderborn\extracted\KA01\KA01\N09_M07_F10_KA01_16.mat,outer_race,outer_race,0.000029,0.000003,0.994638,0.005331
data\paderborn\extracted\KA01\KA01\N09_M07_F10_KA01_16.mat,outer_race,outer_race,0.000027,0.000026,0.989157,0.010791
data\paderborn\extracted\KA01\KA01\N09_M07_F10_KA01_16.mat,outer_race,outer_race,0.000027,0.000005,0.995025,0.004943
data\paderborn\extracted\KA01\KA01\N09_M07_F10_KA01_16.mat,outer_race,outer_race,0.000073,0.000383,0.896662,0.102882
data\paderborn\extracted\KA01\KA01\N09_M07_F10_KA01_16.mat,outer_race,outer_race,0.000063,0.000010,0.996136,0.003791
data\paderborn\extracted\KA01\KA01\N09_M07_F10_KA01_16.mat,outer_race,outer_race,0.000189,0.000019,0.992253,0.007538
data\paderborn\extracted\KA01\KA01\N09_M07_F10_KA01_16.mat,outer_race,outer_race,0.000041,0.000003,0.993962,0.005994
data\paderborn\extracted\KA01\KA01\N09_M07_F10_KA01_16.mat,outer_race,outer_race,0.000021,0.000024,0.984843,0.015112
data\paderborn\extracted\KA01\KA01\N09_M07_F10_KA01_16.mat,outer_race,outer_race,0.000047,0.000020,0.984307,0.015626
data\paderborn\extracted\KA01\KA01\N09_M07_F10_KA01_16.mat,outer_race,outer_race,0.000058,0.000040,0.984035,0.015867
data\paderborn\extracted\KA01\KA01\N09_M07_F10_KA01_16.mat,outer_race,outer_race,0.000051,0.000025,0.992585,0.007339
data\paderborn\extracted\KA01\KA01\N09_M07_F10_KA01_16.mat,outer_race,outer_race,0.000070,0.000009,0.982097,0.017824
data\paderborn\extracted\KA01\KA01\N09_M07_F10_KA01_16.mat,outer_race,outer_race,0.000043,0.000017,0.988345,0.011594
data\paderborn\extracted\KA01\KA01\N09_M07_F10_KA01_16.mat,outer_race,outer_race,0.000038,0.000009,0.985542,0.014412
data\paderborn\extracted\KA01\KA01\N09_M07_F10_KA01_16.mat,outer_race,outer_race,0.000034,0.000015,0.987394,0.012557
data\paderborn\extracted\KA01\KA01\N09_M07_F10_KA01_16.mat,outer_race,outer_race,0.000440,0.000040,0.992918,0.006602
data\paderborn\extracted\KA01\KA01\N09_M07_F10_KA01_17.mat,outer_race,outer_race,0.000031,0.000005,0.993154,0.006810
data\paderborn\extracted\KA01\KA01\N09_M07_F10_KA01_17.mat,outer_race,outer_race,0.000029,0.000019,0.990481,0.009472
data\paderborn\extracted\KA01\KA01\N09_M07_F10_KA01_17.mat,outer_race,outer_race,0.000095,0.000004,0.992646,0.007255
data\paderborn\extracted\KA01\KA01\N09_M07_F10_KA01_17.mat,outer_race,outer_race,0.000027,0.000022,0.991700,0.008251
data\paderborn\extracted\KA01\KA01\N09_M07_F10_KA01_17.mat,outer_race,outer_race,0.000055,0.000004,0.994991,0.004950
data\paderborn\extracted\KA01\KA01\N09_M07_F10_KA01_17.mat,outer_race,outer_race,0.000052,0.000067,0.986288,0.013593
data\paderborn\extracted\KA01\KA01\N09_M07_F10_KA01_17.mat,outer_race,outer_race,0.000180,0.000056,0.989405,0.010358
data\paderborn\extracted\KA01\KA01\N09_M07_F10_KA01_17.mat,outer_race,outer_race,0.000082,0.000011,0.981629,0.018278
data\paderborn\extracted\KA01\KA01\N09_M07_F10_KA01_17.mat,outer_race,outer_race,0.000065,0.000007,0.988790,0.011138
data\paderborn\extracted\KA01\KA01\N09_M07_F10_KA01_17.mat,outer_race,outer_race,0.000032,0.000007,0.988266,0.011695
data\paderborn\extracted\KA01\KA01\N09_M07_F10_KA01_17.mat,outer_race,outer_race,0.000109,0.000152,0.990372,0.009366
data\paderborn\extracted\KA01\KA01\N09_M07_F10_KA01_17.mat,outer_race,outer_race,0.000053,0.000014,0.978163,0.021770
data\paderborn\extracted\KA01\KA01\N09_M07_F10_KA01_17.mat,outer_race,outer_race,0.000028,0.000007,0.990569,0.009396
data\paderborn\extracted\KA01\KA01\N09_M07_F10_KA01_17.mat,outer_race,outer_race,0.000027,0.000003,0.993726,0.006245
data\paderborn\extracted\KA01\KA01\N09_M07_F10_KA01_17.mat,outer_race,outer_race,0.000043,0.000007,0.992838,0.007112
data\paderborn\extracted\KA01\KA01\N09_M07_F10_KA01_17.mat,outer_race,outer_race,0.000053,0.000023,0.977505,0.022419
data\paderborn\extracted\KA01\KA01\N09_M07_F10_KA01_18.mat,outer_race,outer_race,0.000072,0.000005,0.989586,0.010337
data\paderborn\extracted\KA01\KA01\N09_M07_F10_KA01_18.mat,outer_race,outer_race,0.000206,0.000010,0.976259,0.023525
data\paderborn\extracted\KA01\KA01\N09_M07_F10_KA01_18.mat,outer_race,outer_race,0.000025,0.000011,0.990224,0.009741
data\paderborn\extracted\KA01\KA01\N09_M07_F10_KA01_18.mat,outer_race,outer_race,0.000022,0.000007,0.992631,0.007340
data\paderborn\extracted\KA01\KA01\N09_M07_F10_KA01_18.mat,outer_race,outer_race,0.000037,0.000023,0.990984,0.008956
data\paderborn\extracted\KA01\KA01\N09_M07_F10_KA01_18.mat,outer_race,outer_race,0.000048,0.000005,0.986964,0.012984
data\paderborn\extracted\KA01\KA01\N09_M07_F10_KA01_18.mat,outer_race,outer_race,0.000028,0.000008,0.994637,0.005328
data\paderborn\extracted\KA01\KA01\N09_M07_F10_KA01_18.mat,outer_race,outer_race,0.000133,0.000013,0.995762,0.004093
data\paderborn\extracted\KA01\KA01\N09_M07_F10_KA01_18.mat,outer_race,outer_race,0.000540,0.001076,0.970122,0.028263
data\paderborn\extracted\KA01\KA01\N09_M07_F10_KA01_18.mat,outer_race,outer_race,0.000030,0.000008,0.993618,0.006345
data\paderborn\extracted\KA01\KA01\N09_M07_F10_KA01_18.mat,outer_race,outer_race,0.000026,0.000008,0.992614,0.007352
data\paderborn\extracted\KA01\KA01\N09_M07_F10_KA01_18.mat,outer_race,outer_race,0.000046,0.000004,0.995006,0.004945
data\paderborn\extracted\KA01\KA01\N09_M07_F10_KA01_18.mat,outer_race,outer_race,0.000105,0.000022,0.976565,0.023309
data\paderborn\extracted\KA01\KA01\N09_M07_F10_KA01_18.mat,outer_race,outer_race,0.000042,0.000003,0.990155,0.009801
data\paderborn\extracted\KA01\KA01\N09_M07_F10_KA01_18.mat,outer_race,outer_race,0.000042,0.000039,0.989276,0.010642
data\paderborn\extracted\KA01\KA01\N09_M07_F10_KA01_18.mat,outer_race,outer_race,0.000066,0.000022,0.995067,0.004845
data\paderborn\extracted\KA01\KA01\N09_M07_F10_KA01_19.mat,outer_race,outer_race,0.000051,0.000025,0.994396,0.005528
data\paderborn\extracted\KA01\KA01\N09_M07_F10_KA01_19.mat,outer_race,outer_race,0.000104,0.000004,0.992334,0.007558
data\paderborn\extracted\KA01\KA01\N09_M07_F10_KA01_19.mat,outer_race,outer_race,0.000084,0.000040,0.981689,0.018187
data\paderborn\extracted\KA01\KA01\N09_M07_F10_KA01_19.mat,outer_race,outer_race,0.000050,0.000011,0.959174,0.040765
data\paderborn\extracted\KA01\KA01\N09_M07_F10_KA01_19.mat,outer_race,outer_race,0.000049,0.000049,0.988615,0.011287
data\paderborn\extracted\KA01\KA01\N09_M07_F10_KA01_19.mat,outer_race,outer_race,0.000104,0.000005,0.989693,0.010198
data\paderborn\extracted\KA01\KA01\N09_M07_F10_KA01_19.mat,outer_race,outer_race,0.000031,0.000015,0.985613,0.014341
data\paderborn\extracted\KA01\KA01\N09_M07_F10_KA01_19.mat,outer_race,outer_race,0.000113,0.000089,0.961785,0.038013
data\paderborn\extracted\KA01\KA01\N09_M07_F10_KA01_19.mat,outer_race,outer_race,0.000051,0.000072,0.954988,0.044888
data\paderborn\extracted\KA01\KA01\N09_M07_F10_KA01_19.mat,outer_race,outer_race,0.000034,0.000002,0.995045,0.004920
data\paderborn\extracted\KA01\KA01\N09_M07_F10_KA01_19.mat,outer_race,outer_race,0.000028,0.000008,0.993067,0.006897
data\paderborn\extracted\KA01\KA01\N09_M07_F10_KA01_19.mat,outer_race,outer_race,0.000038,0.000015,0.996267,0.003680
data\paderborn\extracted\KA01\KA01\N09_M07_F10_KA01_19.mat,outer_race,outer_race,0.000081,0.000088,0.978460,0.021371
data\paderborn\extracted\KA01\KA01\N09_M07_F10_KA01_19.mat,outer_race,outer_race,0.000064,0.000006,0.994854,0.005076
data\paderborn\extracted\KA01\KA01\N09_M07_F10_KA01_19.mat,outer_race,outer_race,0.000131,0.000012,0.987647,0.012209
data\paderborn\extracted\KA01\KA01\N09_M07_F10_KA01_19.mat,outer_race,outer_race,0.000083,0.000005,0.994174,0.005738
data\paderborn\extracted\KA01\KA01\N09_M07_F10_KA01_2.mat,outer_race,outer_race,0.000055,0.000063,0.986105,0.013776
data\paderborn\extracted\KA01\KA01\N09_M07_F10_KA01_2.mat,outer_race,outer_race,0.000055,0.000006,0.991553,0.008386
data\paderborn\extracted\KA01\KA01\N09_M07_F10_KA01_2.mat,outer_race,outer_race,0.000600,0.000121,0.977285,0.021994
data\paderborn\extracted\KA01\KA01\N09_M07_F10_KA01_2.mat,outer_race,outer_race,0.000039,0.000004,0.996744,0.003212
data\paderborn\extracted\KA01\KA01\N09_M07_F10_KA01_2.mat,outer_race,outer_race,0.000029,0.000045,0.971090,0.028836
data\paderborn\extracted\KA01\KA01\N09_M07_F10_KA01_2.mat,outer_race,outer_race,0.000034,0.000004,0.994533,0.005429
data\paderborn\extracted\KA01\KA01\N09_M07_F10_KA01_2.mat,outer_race,outer_race,0.000035,0.000107,0.964335,0.035523
data\paderborn\extracted\KA01\KA01\N09_M07_F10_KA01_2.mat,outer_race,outer_race,0.000055,0.000005,0.992013,0.007928
data\paderborn\extracted\KA01\KA01\N09_M07_F10_KA01_2.mat,outer_race,outer_race,0.000067,0.000009,0.991833,0.008091
data\paderborn\extracted\KA01\KA01\N09_M07_F10_KA01_2.mat,outer_race,outer_race,0.000094,0.000005,0.995568,0.004333
data\paderborn\extracted\KA01\KA01\N09_M07_F10_KA01_2.mat,outer_race,outer_race,0.000071,0.000388,0.990993,0.008548
data\paderborn\extracted\KA01\KA01\N09_M07_F10_KA01_2.mat,outer_race,outer_race,0.000041,0.000004,0.993433,0.006521
data\paderborn\extracted\KA01\KA01\N09_M07_F10_KA01_2.mat,outer_race,outer_race,0.000043,0.000007,0.991615,0.008335
data\paderborn\extracted\KA01\KA01\N09_M07_F10_KA01_2.mat,outer_race,outer_race,0.000260,0.000014,0.993454,0.006271
data\paderborn\extracted\KA01\KA01\N09_M07_F10_KA01_2.mat,outer_race,outer_race,0.000186,0.000146,0.986425,0.013243
data\paderborn\extracted\KA01\KA01\N09_M07_F10_KA01_2.mat,outer_race,outer_race,0.000032,0.000009,0.996459,0.003500
data\paderborn\extracted\KA01\KA01\N09_M07_F10_KA01_20.mat,outer_race,outer_race,0.000109,0.000073,0.965631,0.034187
data\paderborn\extracted\KA01\KA01\N09_M07_F10_KA01_20.mat,outer_race,outer_race,0.000086,0.000014,0.989394,0.010506
data\paderborn\extracted\KA01\KA01\N09_M07_F10_KA01_20.mat,outer_race,outer_race,0.000114,0.000008,0.995663,0.004215
data\paderborn\extracted\KA01\KA01\N09_M07_F10_KA01_20.mat,outer_race,outer_race,0.000029,0.000010,0.984544,0.015417
data\paderborn\extracted\KA01\KA01\N09_M07_F10_KA01_20.mat,outer_race,outer_race,0.000066,0.000012,0.993122,0.006800
data\paderborn\extracted\KA01\KA01\N09_M07_F10_KA01_20.mat,outer_race,outer_race,0.000055,0.000003,0.990432,0.009510
data\paderborn\extracted\KA01\KA01\N09_M07_F10_KA01_20.mat,outer_race,outer_race,0.000090,0.000027,0.997542,0.002341
data\paderborn\extracted\KA01\KA01\N09_M07_F10_KA01_20.mat,outer_race,outer_race,0.000173,0.000014,0.997125,0.002688
data\paderborn\extracted\KA01\KA01\N09_M07_F10_KA01_20.mat,outer_race,outer_race,0.000309,0.000018,0.988856,0.010817
data\paderborn\extracted\KA01\KA01\N09_M07_F10_KA01_20.mat,outer_race,outer_race,0.000035,0.000003,0.992303,0.007659
data\paderborn\extracted\KA01\KA01\N09_M07_F10_KA01_20.mat,outer_race,outer_race,0.000025,0.000011,0.988281,0.011684
data\paderborn\extracted\KA01\KA01\N09_M07_F10_KA01_20.mat,outer_race,outer_race,0.000040,0.000004,0.992360,0.007597
data\paderborn\extracted\KA01\KA01\N09_M07_F10_KA01_20.mat,outer_race,outer_race,0.000045,0.000015,0.992114,0.007826
data\paderborn\extracted\KA01\KA01\N09_M07_F10_KA01_20.mat,outer_race,outer_race,0.000045,0.000003,0.994333,0.005619
data\paderborn\extracted\KA01\KA01\N09_M07_F10_KA01_20.mat,outer_race,outer_race,0.000142,0.000454,0.982006,0.017398
data\paderborn\extracted\KA01\KA01\N09_M07_F10_KA01_20.mat,outer_race,outer_race,0.000055,0.000005,0.993140,0.006800
data\paderborn\extracted\KA01\KA01\N09_M07_F10_KA01_3.mat,outer_race,outer_race,0.000061,0.000033,0.994929,0.004977
data\paderborn\extracted\KA01\KA01\N09_M07_F10_KA01_3.mat,outer_race,outer_race,0.000058,0.000010,0.985915,0.014017
data\paderborn\extracted\KA01\KA01\N09_M07_F10_KA01_3.mat,outer_race,outer_race,0.000062,0.000008,0.995533,0.004398
data\paderborn\extracted\KA01\KA01\N09_M07_F10_KA01_3.mat,outer_race,outer_race,0.000208,0.000017,0.987149,0.012626
data\paderborn\extracted\KA01\KA01\N09_M07_F10_KA01_3.mat,outer_race,outer_race,0.000472,0.000301,0.972416,0.026811
data\paderborn\extracted\KA01\KA01\N09_M07_F10_KA01_3.mat,outer_race,outer_race,0.000035,0.000008,0.993499,0.006458
data\paderborn\extracted\KA01\KA01\N09_M07_F10_KA01_3.mat,outer_race,outer_race,0.000023,0.000007,0.992713,0.007257
data\paderborn\extracted\KA01\KA01\N09_M07_F10_KA01_3.mat,outer_race,outer_race,0.000046,0.000013,0.989362,0.010579
data\paderborn\extracted\KA01\KA01\N09_M07_F10_KA01_3.mat,outer_race,outer_race,0.000118,0.000176,0.988505,0.011202
data\paderborn\extracted\KA01\KA01\N09_M07_F10_KA01_3.mat,outer_race,outer_race,0.000047,0.000012,0.990440,0.009500
data\paderborn\extracted\KA01\KA01\N09_M07_F10_KA01_3.mat,outer_race,outer_race,0.000039,0.000011,0.992514,0.007436
data\paderborn\extracted\KA01\KA01\N09_M07_F10_KA01_3.mat,outer_race,outer_race,0.000068,0.000020,0.992829,0.007083
data\paderborn\extracted\KA01\KA01\N09_M07_F10_KA01_3.mat,outer_race,outer_race,0.000045,0.000027,0.996256,0.003672
data\paderborn\extracted\KA01\KA01\N09_M07_F10_KA01_3.mat,outer_race,outer_race,0.000050,0.000013,0.992549,0.007389
data\paderborn\extracted\KA01\KA01\N09_M07_F10_KA01_3.mat,outer_race,outer_race,0.000061,0.000012,0.995342,0.004584
data\paderborn\extracted\KA01\KA01\N09_M07_F10_KA01_3.mat,outer_race,outer_race,0.000237,0.000074,0.994617,0.005071
data\paderborn\extracted\KA01\KA01\N09_M07_F10_KA01_4.mat,outer_race,outer_race,0.000090,0.000024,0.990246,0.009640
data\paderborn\extracted\KA01\KA01\N09_M07_F10_KA01_4.mat,outer_race,outer_race,0.000086,0.000014,0.995591,0.004309
data\paderborn\extracted\KA01\KA01\N09_M07_F10_KA01_4.mat,outer_race,outer_race,0.000124,0.000017,0.985612,0.014247
data\paderborn\extracted\KA01\KA01\N09_M07_F10_KA01_4.mat,outer_race,outer_race,0.000047,0.000008,0.989479,0.010466
data\paderborn\extracted\KA01\KA01\N09_M07_F10_KA01_4.mat,outer_race,outer_race,0.000040,0.000005,0.993959,0.005996
data\paderborn\extracted\KA01\KA01\N09_M07_F10_KA01_4.mat,outer_race,outer_race,0.000043,0.000055,0.978843,0.021058
data\paderborn\extracted\KA01\KA01\N09_M07_F10_KA01_4.mat,outer_race,outer_race,0.000054,0.000005,0.993105,0.006835
data\paderborn\extracted\KA01\KA01\N09_M07_F10_KA01_4.mat,outer_race,outer_race,0.000172,0.000072,0.970530,0.029226
data\paderborn\extracted\KA01\KA01\N09_M07_F10_KA01_4.mat,outer_race,outer_race,0.000096,0.000019,0.985401,0.014485
data\paderborn\extracted\KA01\KA01\N09_M07_F10_KA01_4.mat,outer_race,outer_race,0.000103,0.000058,0.966840,0.032999
data\paderborn\extracted\KA01\KA01\N09_M07_F10_KA01_4.mat,outer_race,outer_race,0.000042,0.000003,0.993055,0.006901
data\paderborn\extracted\KA01\KA01\N09_M07_F10_KA01_4.mat,outer_race,outer_race,0.000037,0.000022,0.994102,0.005838
data\paderborn\extracted\KA01\KA01\N09_M07_F10_KA01_4.mat,outer_race,outer_race,0.000027,0.000006,0.987164,0.012803
data\paderborn\extracted\KA01\KA01\N09_M07_F10_KA01_4.mat,outer_race,outer_race,0.000065,0.000011,0.989028,0.010896
data\paderborn\extracted\KA01\KA01\N09_M07_F10_KA01_4.mat,outer_race,outer_race,0.000117,0.000025,0.979437,0.020421
data\paderborn\extracted\KA01\KA01\N09_M07_F10_KA01_4.mat,outer_race,outer_race,0.000063,0.000030,0.988033,0.011874
data\paderborn\extracted\KA01\KA01\N09_M07_F10_KA01_5.mat,outer_race,outer_race,0.000396,0.000025,0.972911,0.026668
data\paderborn\extracted\KA01\KA01\N09_M07_F10_KA01_5.mat,outer_race,outer_race,0.000078,0.000021,0.991420,0.008480
data\paderborn\extracted\KA01\KA01\N09_M07_F10_KA01_5.mat,outer_race,outer_race,0.000029,0.000003,0.993264,0.006704
data\paderborn\extracted\KA01\KA01\N09_M07_F10_KA01_5.mat,outer_race,outer_race,0.000037,0.000027,0.991947,0.007988
data\paderborn\extracted\KA01\KA01\N09_M07_F10_KA01_5.mat,outer_race,outer_race,0.000040,0.000005,0.986675,0.013280
data\paderborn\extracted\KA01\KA01\N09_M07_F10_KA01_5.mat,outer_race,outer_race,0.000117,0.000034,0.958859,0.040990
data\paderborn\extracted\KA01\KA01\N09_M07_F10_KA01_5.mat,outer_race,outer_race,0.000037,0.000004,0.994613,0.005346
data\paderborn\extracted\KA01\KA01\N09_M07_F10_KA01_5.mat,outer_race,outer_race,0.000047,0.000030,0.988965,0.010958
data\paderborn\extracted\KA01\KA01\N09_M07_F10_KA01_5.mat,outer_race,outer_race,0.000067,0.000004,0.995464,0.004466
data\paderborn\extracted\KA01\KA01\N09_M07_F10_KA01_5.mat,outer_race,outer_race,0.000033,0.000068,0.962344,0.037555
data\paderborn\extracted\KA01\KA01\N09_M07_F10_KA01_5.mat,outer_race,outer_race,0.000032,0.000004,0.990482,0.009483
data\paderborn\extracted\KA01\KA01\N09_M07_F10_KA01_5.mat,outer_race,outer_race,0.000064,0.000009,0.987252,0.012675
data\paderborn\extracted\KA01\KA01\N09_M07_F10_KA01_5.mat,outer_race,outer_race,0.000228,0.000021,0.992098,0.007653
data\paderborn\extracted\KA01\KA01\N09_M07_F10_KA01_5.mat,outer_race,outer_race,0.000050,0.000054,0.992026,0.007871
data\paderborn\extracted\KA01\KA01\N09_M07_F10_KA01_5.mat,outer_race,outer_race,0.000027,0.000008,0.992673,0.007293
data\paderborn\extracted\KA01\KA01\N09_M07_F10_KA01_5.mat,outer_race,outer_race,0.000095,0.000011,0.989750,0.010144
data\paderborn\extracted\KA01\KA01\N09_M07_F10_KA01_6.mat,outer_race,outer_race,0.000032,0.000004,0.994746,0.005219
data\paderborn\extracted\KA01\KA01\N09_M07_F10_KA01_6.mat,outer_race,outer_race,0.000036,0.000072,0.990309,0.009583
data\paderborn\extracted\KA01\KA01\N09_M07_F10_KA01_6.mat,outer_race,outer_race,0.000057,0.000011,0.995668,0.004264
data\paderborn\extracted\KA01\KA01\N09_M07_F10_KA01_6.mat,outer_race,outer_race,0.000181,0.001301,0.989563,0.008955
data\paderborn\extracted\KA01\KA01\N09_M07_F10_KA01_6.mat,outer_race,outer_race,0.000123,0.000012,0.993656,0.006208
data\paderborn\extracted\KA01\KA01\N09_M07_F10_KA01_6.mat,outer_race,outer_race,0.000043,0.000004,0.996141,0.003813
data\paderborn\extracted\KA01\KA01\N09_M07_F10_KA01_6.mat,outer_race,outer_race,0.000035,0.000006,0.996294,0.003666
data\paderborn\extracted\KA01\KA01\N09_M07_F10_KA01_6.mat,outer_race,outer_race,0.000084,0.000018,0.997153,0.002746
data\paderborn\extracted\KA01\KA01\N09_M07_F10_KA01_6.mat,outer_race,outer_race,0.000032,0.000016,0.995268,0.004684
data\paderborn\extracted\KA01\KA01\N09_M07_F10_KA01_6.mat,outer_race,outer_race,0.000028,0.000007,0.995197,0.004768
data\paderborn\extracted\KA01\KA01\N09_M07_F10_KA01_6.mat,outer_race,outer_race,0.000039,0.000012,0.996362,0.003587
data\paderborn\extracted\KA01\KA01\N09_M07_F10_KA01_6.mat,outer_race,outer_race,0.000051,0.000009,0.996028,0.003913
data\paderborn\extracted\KA01\KA01\N09_M07_F10_KA01_6.mat,outer_race,outer_race,0.000024,0.000011,0.975155,0.024810
data\paderborn\extracted\KA01\KA01\N09_M07_F10_KA01_6.mat,outer_race,outer_race,0.000030,0.000005,0.992493,0.007472
data\paderborn\extracted\KA01\KA01\N09_M07_F10_KA01_6.mat,outer_race,outer_race,0.000314,0.000499,0.975112,0.024074
data\paderborn\extracted\KA01\KA01\N09_M07_F10_KA01_6.mat,outer_race,outer_race,0.000499,0.000180,0.946007,0.053314
data\paderborn\extracted\KA01\KA01\N09_M07_F10_KA01_7.mat,outer_race,outer_race,0.000652,0.000756,0.803147,0.195444
data\paderborn\extracted\KA01\KA01\N09_M07_F10_KA01_7.mat,outer_race,outer_race,0.000057,0.000013,0.989115,0.010815
data\paderborn\extracted\KA01\KA01\N09_M07_F10_KA01_7.mat,outer_race,outer_race,0.000055,0.000036,0.989583,0.010326
data\paderborn\extracted\KA01\KA01\N09_M07_F10_KA01_7.mat,outer_race,outer_race,0.000042,0.000007,0.995001,0.004950
data\paderborn\extracted\KA01\KA01\N09_M07_F10_KA01_7.mat,outer_race,outer_race,0.000041,0.000021,0.990470,0.009469
data\paderborn\extracted\KA01\KA01\N09_M07_F10_KA01_7.mat,outer_race,outer_race,0.000030,0.000009,0.994427,0.005534
data\paderborn\extracted\KA01\KA01\N09_M07_F10_KA01_7.mat,outer_race,outer_race,0.000161,0.000061,0.978690,0.021087
data\paderborn\extracted\KA01\KA01\N09_M07_F10_KA01_7.mat,outer_race,outer_race,0.000291,0.000451,0.987069,0.012189
data\paderborn\extracted\KA01\KA01\N09_M07_F10_KA01_7.mat,outer_race,outer_race,0.000052,0.000006,0.989679,0.010263
data\paderborn\extracted\KA01\KA01\N09_M07_F10_KA01_7.mat,outer_race,outer_race,0.000045,0.000021,0.988633,0.011301
data\paderborn\extracted\KA01\KA01\N09_M07_F10_KA01_7.mat,outer_race,outer_race,0.000034,0.000003,0.994187,0.005776
data\paderborn\extracted\KA01\KA01\N09_M07_F10_KA01_7.mat,outer_race,outer_race,0.000078,0.000017,0.990510,0.009395
data\paderborn\extracted\KA01\KA01\N09_M07_F10_KA01_7.mat,outer_race,outer_race,0.000036,0.000004,0.987513,0.012447
data\paderborn\extracted\KA01\KA01\N09_M07_F10_KA01_7.mat,outer_race,outer_race,0.000057,0.000053,0.965633,0.034256
data\paderborn\extracted\KA01\KA01\N09_M07_F10_KA01_7.mat,outer_race,outer_race,0.000066,0.000005,0.995228,0.004702
data\paderborn\extracted\KA01\KA01\N09_M07_F10_KA01_7.mat,outer_race,outer_race,0.000125,0.000021,0.995369,0.004484
data\paderborn\extracted\KA01\KA01\N09_M07_F10_KA01_8.mat,outer_race,outer_race,0.000041,0.000015,0.988565,0.011378
data\paderborn\extracted\KA01\KA01\N09_M07_F10_KA01_8.mat,outer_race,outer_race,0.000095,0.000010,0.993195,0.006699
data\paderborn\extracted\KA01\KA01\N09_M07_F10_KA01_8.mat,outer_race,outer_race,0.000056,0.000015,0.984213,0.015717
data\paderborn\extracted\KA01\KA01\N09_M07_F10_KA01_8.mat,outer_race,outer_race,0.000165,0.000004,0.993656,0.006175
data\paderborn\extracted\KA01\KA01\N09_M07_F10_KA01_8.mat,outer_race,outer_race,0.000078,0.000022,0.990396,0.009505
data\paderborn\extracted\KA01\KA01\N09_M07_F10_KA01_8.mat,outer_race,outer_race,0.000030,0.000004,0.993334,0.006632
data\paderborn\extracted\KA01\KA01\N09_M07_F10_KA01_8.mat,outer_race,outer_race,0.000029,0.000020,0.989561,0.010390
data\paderborn\extracted\KA01\KA01\N09_M07_F10_KA01_8.mat,outer_race,outer_race,0.000089,0.000006,0.989658,0.010247
data\paderborn\extracted\KA01\KA01\N09_M07_F10_KA01_8.mat,outer_race,outer_race,0.000090,0.000037,0.984065,0.015808
data\paderborn\extracted\KA01\KA01\N09_M07_F10_KA01_8.mat,outer_race,outer_race,0.000058,0.000008,0.992307,0.007627
data\paderborn\extracted\KA01\KA01\N09_M07_F10_KA01_8.mat,outer_race,outer_race,0.000080,0.000135,0.954169,0.045616
data\paderborn\extracted\KA01\KA01\N09_M07_F10_KA01_8.mat,outer_race,outer_race,0.000045,0.000004,0.995425,0.004526
data\paderborn\extracted\KA01\KA01\N09_M07_F10_KA01_8.mat,outer_race,outer_race,0.000053,0.000088,0.965893,0.033965
data\paderborn\extracted\KA01\KA01\N09_M07_F10_KA01_8.mat,outer_race,outer_race,0.000043,0.000004,0.996323,0.003630
data\paderborn\extracted\KA01\KA01\N09_M07_F10_KA01_8.mat,outer_race,outer_race,0.000048,0.000013,0.994766,0.005172
data\paderborn\extracted\KA01\KA01\N09_M07_F10_KA01_8.mat,outer_race,outer_race,0.000085,0.000006,0.991171,0.008738
data\paderborn\extracted\KA01\KA01\N09_M07_F10_KA01_9.mat,outer_race,outer_race,0.000032,0.000003,0.994018,0.005948
data\paderborn\extracted\KA01\KA01\N09_M07_F10_KA01_9.mat,outer_race,outer_race,0.000025,0.000011,0.991529,0.008435
data\paderborn\extracted\KA01\KA01\N09_M07_F10_KA01_9.mat,outer_race,outer_race,0.000032,0.000009,0.981859,0.018100
data\paderborn\extracted\KA01\KA01\N09_M07_F10_KA01_9.mat,outer_race,outer_race,0.000214,0.000271,0.994271,0.005244
data\paderborn\extracted\KA01\KA01\N09_M07_F10_KA01_9.mat,outer_race,outer_race,0.000075,0.000012,0.991735,0.008178
data\paderborn\extracted\KA01\KA01\N09_M07_F10_KA01_9.mat,outer_race,outer_race,0.000107,0.000008,0.992004,0.007881
data\paderborn\extracted\KA01\KA01\N09_M07_F10_KA01_9.mat,outer_race,outer_race,0.000190,0.000004,0.994640,0.005167
data\paderborn\extracted\KA01\KA01\N09_M07_F10_KA01_9.mat,outer_race,outer_race,0.000061,0.000012,0.994372,0.005554
data\paderborn\extracted\KA01\KA01\N09_M07_F10_KA01_9.mat,outer_race,outer_race,0.000060,0.000011,0.995156,0.004773
data\paderborn\extracted\KA01\KA01\N09_M07_F10_KA01_9.mat,outer_race,outer_race,0.000381,0.000030,0.980194,0.019394
data\paderborn\extracted\KA01\KA01\N09_M07_F10_KA01_9.mat,outer_race,outer_race,0.000180,0.000007,0.989132,0.010681
data\paderborn\extracted\KA01\KA01\N09_M07_F10_KA01_9.mat,outer_race,outer_race,0.000032,0.000005,0.991883,0.008079
data\paderborn\extracted\KA01\KA01\N09_M07_F10_KA01_9.mat,outer_race,outer_race,0.000046,0.000010,0.994593,0.005350
data\paderborn\extracted\KA01\KA01\N09_M07_F10_KA01_9.mat,outer_race,outer_race,0.000052,0.000006,0.992441,0.007501
data\paderborn\extracted\KA01\KA01\N09_M07_F10_KA01_9.mat,outer_race,outer_race,0.000086,0.000009,0.993668,0.006238
data\paderborn\extracted\KA01\KA01\N09_M07_F10_KA01_9.mat,outer_race,outer_race,0.000060,0.000021,0.987083,0.012835
data\paderborn\extracted\KA01\KA01\N15_M01_F10_KA01_1.mat,outer_race,outer_race,0.000444,0.000004,0.998118,0.001434
data\paderborn\extracted\KA01\KA01\N15_M01_F10_KA01_1.mat,outer_race,outer_race,0.000942,0.000005,0.997650,0.001403
data\paderborn\extracted\KA01\KA01\N15_M01_F10_KA01_1.mat,outer_race,outer_race,0.000489,0.000006,0.995947,0.003558
data\paderborn\extracted\KA01\KA01\N15_M01_F10_KA01_1.mat,outer_race,outer_race,0.001006,0.000004,0.997191,0.001799
data\paderborn\extracted\KA01\KA01\N15_M01_F10_KA01_1.mat,outer_race,outer_race,0.001242,0.000003,0.997256,0.001499
data\paderborn\extracted\KA01\KA01\N15_M01_F10_KA01_1.mat,outer_race,outer_race,0.000676,0.000003,0.997651,0.001669
data\paderborn\extracted\KA01\KA01\N15_M01_F10_KA01_1.mat,outer_race,outer_race,0.000649,0.000003,0.997625,0.001723
data\paderborn\extracted\KA01\KA01\N15_M01_F10_KA01_1.mat,outer_race,outer_race,0.000473,0.000003,0.998336,0.001188
data\paderborn\extracted\KA01\KA01\N15_M01_F10_KA01_1.mat,outer_race,outer_race,0.001055,0.000005,0.997066,0.001874
data\paderborn\extracted\KA01\KA01\N15_M01_F10_KA01_1.mat,outer_race,outer_race,0.001047,0.000003,0.997392,0.001558
data\paderborn\extracted\KA01\KA01\N15_M01_F10_KA01_1.mat,outer_race,outer_race,0.000980,0.000003,0.998247,0.000770
data\paderborn\extracted\KA01\KA01\N15_M01_F10_KA01_1.mat,outer_race,outer_race,0.000612,0.000002,0.998398,0.000988
data\paderborn\extracted\KA01\KA01\N15_M01_F10_KA01_1.mat,outer_race,outer_race,0.000601,0.000004,0.998396,0.000999
data\paderborn\extracted\KA01\KA01\N15_M01_F10_KA01_1.mat,outer_race,outer_race,0.000897,0.000003,0.998361,0.000739
data\paderborn\extracted\KA01\KA01\N15_M01_F10_KA01_1.mat,outer_race,outer_race,0.000829,0.000004,0.998026,0.001141
data\paderborn\extracted\KA01\KA01\N15_M01_F10_KA01_1.mat,outer_race,outer_race,0.000834,0.000004,0.997758,0.001404
data\paderborn\extracted\KA01\KA01\N15_M01_F10_KA01_10.mat,outer_race,outer_race,0.000719,0.000003,0.997932,0.001345
data\paderborn\extracted\KA01\KA01\N15_M01_F10_KA01_10.mat,outer_race,outer_race,0.001098,0.000004,0.997504,0.001394
data\paderborn\extracted\KA01\KA01\N15_M01_F10_KA01_10.mat,outer_race,outer_race,0.000499,0.000002,0.998152,0.001347
data\paderborn\extracted\KA01\KA01\N15_M01_F10_KA01_10.mat,outer_race,outer_race,0.000831,0.000003,0.998446,0.000719
data\paderborn\extracted\KA01\KA01\N15_M01_F10_KA01_10.mat,outer_race,outer_race,0.000581,0.000003,0.998213,0.001204
data\paderborn\extracted\KA01\KA01\N15_M01_F10_KA01_10.mat,outer_race,outer_race,0.000666,0.000004,0.997919,0.001410
data\paderborn\extracted\KA01\KA01\N15_M01_F10_KA01_10.mat,outer_race,outer_race,0.000627,0.000003,0.998423,0.000947
data\paderborn\extracted\KA01\KA01\N15_M01_F10_KA01_10.mat,outer_race,outer_race,0.000881,0.000004,0.997952,0.001163
data\paderborn\extracted\KA01\KA01\N15_M01_F10_KA01_10.mat,outer_race,outer_race,0.000610,0.000002,0.997994,0.001393
data\paderborn\extracted\KA01\KA01\N15_M01_F10_KA01_10.mat,outer_race,outer_race,0.000579,0.000004,0.997891,0.001526
data\paderborn\extracted\KA01\KA01\N15_M01_F10_KA01_10.mat,outer_race,outer_race,0.000679,0.000003,0.997325,0.001993
data\paderborn\extracted\KA01\KA01\N15_M01_F10_KA01_10.mat,outer_race,outer_race,0.000690,0.000005,0.997104,0.002201
data\paderborn\extracted\KA01\KA01\N15_M01_F10_KA01_10.mat,outer_race,outer_race,0.000502,0.000004,0.997990,0.001504
data\paderborn\extracted\KA01\KA01\N15_M01_F10_KA01_10.mat,outer_race,outer_race,0.000754,0.000005,0.998054,0.001187
data\paderborn\extracted\KA01\KA01\N15_M01_F10_KA01_10.mat,outer_race,outer_race,0.000740,0.000005,0.996459,0.002796
data\paderborn\extracted\KA01\KA01\N15_M01_F10_KA01_10.mat,outer_race,outer_race,0.000362,0.000005,0.997965,0.001668
data\paderborn\extracted\KA01\KA01\N15_M01_F10_KA01_11.mat,outer_race,outer_race,0.000640,0.000004,0.997837,0.001519
data\paderborn\extracted\KA01\KA01\N15_M01_F10_KA01_11.mat,outer_race,outer_race,0.000791,0.000004,0.998102,0.001103
data\paderborn\extracted\KA01\KA01\N15_M01_F10_KA01_11.mat,outer_race,outer_race,0.000804,0.000004,0.998173,0.001019
data\paderborn\extracted\KA01\KA01\N15_M01_F10_KA01_11.mat,outer_race,outer_race,0.000374,0.000003,0.997141,0.002482
data\paderborn\extracted\KA01\KA01\N15_M01_F10_KA01_11.mat,outer_race,outer_race,0.000661,0.000003,0.998098,0.001239
data\paderborn\extracted\KA01\KA01\N15_M01_F10_KA01_11.mat,outer_race,outer_race,0.000610,0.000002,0.997798,0.001589
data\paderborn\extracted\KA01\KA01\N15_M01_F10_KA01_11.mat,outer_race,outer_race,0.000748,0.000002,0.998256,0.000994
data\paderborn\extracted\KA01\KA01\N15_M01_F10_KA01_11.mat,outer_race,outer_race,0.000988,0.000003,0.998163,0.000846
data\paderborn\extracted\KA01\KA01\N15_M01_F10_KA01_11.mat,outer_race,outer_race,0.000827,0.000004,0.997959,0.001210
data\paderborn\extracted\KA01\KA01\N15_M01_F10_KA01_11.mat,outer_race,outer_race,0.000649,0.000004,0.998583,0.000765
data\paderborn\extracted\KA01\KA01\N15_M01_F10_KA01_11.mat,outer_race,outer_race,0.000722,0.000003,0.998366,0.000910
data\paderborn\extracted\KA01\KA01\N15_M01_F10_KA01_11.mat,outer_race,outer_race,0.000781,0.000003,0.998678,0.000538
data\paderborn\extracted\KA01\KA01\N15_M01_F10_KA01_11.mat,outer_race,outer_race,0.000788,0.000002,0.998479,0.000730
data\paderborn\extracted\KA01\KA01\N15_M01_F10_KA01_11.mat,outer_race,outer_race,0.001036,0.000003,0.997761,0.001200
data\paderborn\extracted\KA01\KA01\N15_M01_F10_KA01_11.mat,outer_race,outer_race,0.002080,0.000007,0.996595,0.001318
data\paderborn\extracted\KA01\KA01\N15_M01_F10_KA01_11.mat,outer_race,outer_race,0.000501,0.000002,0.998166,0.001330
data\paderborn\extracted\KA01\KA01\N15_M01_F10_KA01_12.mat,outer_race,outer_race,0.001171,0.000005,0.997816,0.001009
data\paderborn\extracted\KA01\KA01\N15_M01_F10_KA01_12.mat,outer_race,outer_race,0.000583,0.000004,0.997848,0.001565
data\paderborn\extracted\KA01\KA01\N15_M01_F10_KA01_12.mat,outer_race,outer_race,0.000543,0.000004,0.998244,0.001209
data\paderborn\extracted\KA01\KA01\N15_M01_F10_KA01_12.mat,outer_race,outer_race,0.000808,0.000006,0.996973,0.002212
data\paderborn\extracted\KA01\KA01\N15_M01_F10_KA01_12.mat,outer_race,outer_race,0.000894,0.000005,0.997861,0.001240
data\paderborn\extracted\KA01\KA01\N15_M01_F10_KA01_12.mat,outer_race,outer_race,0.000722,0.000004,0.997451,0.001822
data\paderborn\extracted\KA01\KA01\N15_M01_F10_KA01_12.mat,outer_race,outer_race,0.000357,0.000005,0.997517,0.002121
data\paderborn\extracted\KA01\KA01\N15_M01_F10_KA01_12.mat,outer_race,outer_race,0.000447,0.000003,0.998780,0.000770
data\paderborn\extracted\KA01\KA01\N15_M01_F10_KA01_12.mat,outer_race,outer_race,0.000481,0.000002,0.998613,0.000904
data\paderborn\extracted\KA01\KA01\N15_M01_F10_KA01_12.mat,outer_race,outer_race,0.000598,0.000004,0.997996,0.001402
data\paderborn\extracted\KA01\KA01\N15_M01_F10_KA01_12.mat,outer_race,outer_race,0.000740,0.000005,0.997400,0.001855
data\paderborn\extracted\KA01\KA01\N15_M01_F10_KA01_12.mat,outer_race,outer_race,0.001122,0.000005,0.997415,0.001458
data\paderborn\extracted\KA01\KA01\N15_M01_F10_KA01_12.mat,outer_race,outer_race,0.000851,0.000002,0.998305,0.000842
data\paderborn\extracted\KA01\KA01\N15_M01_F10_KA01_12.mat,outer_race,outer_race,0.000693,0.000003,0.998352,0.000953
data\paderborn\extracted\KA01\KA01\N15_M01_F10_KA01_12.mat,outer_race,outer_race,0.000632,0.000003,0.997734,0.001632
data\paderborn\extracted\KA01\KA01\N15_M01_F10_KA01_12.mat,outer_race,outer_race,0.000607,0.000004,0.997967,0.001422
data\paderborn\extracted\KA01\KA01\N15_M01_F10_KA01_13.mat,outer_race,outer_race,0.001918,0.000006,0.996927,0.001148
data\paderborn\extracted\KA01\KA01\N15_M01_F10_KA01_13.mat,outer_race,outer_race,0.000536,0.000003,0.998556,0.000906
data\paderborn\extracted\KA01\KA01\N15_M01_F10_KA01_13.mat,outer_race,outer_race,0.000703,0.000003,0.998744,0.000551
data\paderborn\extracted\KA01\KA01\N15_M01_F10_KA01_13.mat,outer_race,outer_race,0.000704,0.000002,0.998602,0.000691
data\paderborn\extracted\KA01\KA01\N15_M01_F10_KA01_13.mat,outer_race,outer_race,0.000698,0.000004,0.998549,0.000750
data\paderborn\extracted\KA01\KA01\N15_M01_F10_KA01_13.mat,outer_race,outer_race,0.000825,0.000004,0.998090,0.001081
data\paderborn\extracted\KA01\KA01\N15_M01_F10_KA01_13.mat,outer_race,outer_race,0.000481,0.000003,0.998457,0.001058
data\paderborn\extracted\KA01\KA01\N15_M01_F10_KA01_13.mat,outer_race,outer_race,0.000602,0.000003,0.997451,0.001944
data\paderborn\extracted\KA01\KA01\N15_M01_F10_KA01_13.mat,outer_race,outer_race,0.000646,0.000003,0.998296,0.001056
data\paderborn\extracted\KA01\KA01\N15_M01_F10_KA01_13.mat,outer_race,outer_race,0.000493,0.000003,0.998622,0.000881
data\paderborn\extracted\KA01\KA01\N15_M01_F10_KA01_13.mat,outer_race,outer_race,0.000434,0.000006,0.997361,0.002198
data\paderborn\extracted\KA01\KA01\N15_M01_F10_KA01_13.mat,outer_race,outer_race,0.000765,0.000003,0.997834,0.001398
data\paderborn\extracted\KA01\KA01\N15_M01_F10_KA01_13.mat,outer_race,outer_race,0.000561,0.000005,0.997836,0.001598
data\paderborn\extracted\KA01\KA01\N15_M01_F10_KA01_13.mat,outer_race,outer_race,0.000593,0.000003,0.998093,0.001311
data\paderborn\extracted\KA01\KA01\N15_M01_F10_KA01_13.mat,outer_race,outer_race,0.000638,0.000005,0.997626,0.001730
data\paderborn\extracted\KA01\KA01\N15_M01_F10_KA01_13.mat,outer_race,outer_race,0.000487,0.000004,0.997953,0.001557
data\paderborn\extracted\KA01\KA01\N15_M01_F10_KA01_14.mat,outer_race,outer_race,0.000967,0.000005,0.998174,0.000854
data\paderborn\extracted\KA01\KA01\N15_M01_F10_KA01_14.mat,outer_race,outer_race,0.000729,0.000004,0.997972,0.001295
data\paderborn\extracted\KA01\KA01\N15_M01_F10_KA01_14.mat,outer_race,outer_race,0.001645,0.000005,0.997331,0.001018
data\paderborn\extracted\KA01\KA01\N15_M01_F10_KA01_14.mat,outer_race,outer_race,0.000678,0.000004,0.998243,0.001076
data\paderborn\extracted\KA01\KA01\N15_M01_F10_KA01_14.mat,outer_race,outer_race,0.000537,0.000003,0.998289,0.001170
data\paderborn\extracted\KA01\KA01\N15_M01_F10_KA01_14.mat,outer_race,outer_race,0.000789,0.000002,0.998157,0.001052
data\paderborn\extracted\KA01\KA01\N15_M01_F10_KA01_14.mat,outer_race,outer_race,0.000972,0.000003,0.998001,0.001024
data\paderborn\extracted\KA01\KA01\N15_M01_F10_KA01_14.mat,outer_race,outer_race,0.000572,0.000004,0.998511,0.000913
data\paderborn\extracted\KA01\KA01\N15_M01_F10_KA01_14.mat,outer_race,outer_race,0.000557,0.000005,0.998214,0.001224
data\paderborn\extracted\KA01\KA01\N15_M01_F10_KA01_14.mat,outer_race,outer_race,0.000602,0.000003,0.997979,0.001416
data\paderborn\extracted\KA01\KA01\N15_M01_F10_KA01_14.mat,outer_race,outer_race,0.000903,0.000003,0.997986,0.001108
data\paderborn\extracted\KA01\KA01\N15_M01_F10_KA01_14.mat,outer_race,outer_race,0.000444,0.000002,0.998625,0.000929
data\paderborn\extracted\KA01\KA01\N15_M01_F10_KA01_14.mat,outer_race,outer_race,0.000912,0.000003,0.997924,0.001162
data\paderborn\extracted\KA01\KA01\N15_M01_F10_KA01_14.mat,outer_race,outer_race,0.000666,0.000004,0.998063,0.001267
data\paderborn\extracted\KA01\KA01\N15_M01_F10_KA01_14.mat,outer_race,outer_race,0.000947,0.000006,0.997981,0.001066
data\paderborn\extracted\KA01\KA01\N15_M01_F10_KA01_14.mat,outer_race,outer_race,0.000881,0.000003,0.997854,0.001262
data\paderborn\extracted\KA01\KA01\N15_M01_F10_KA01_15.mat,outer_race,outer_race,0.000439,0.000003,0.998609,0.000949
data\paderborn\extracted\KA01\KA01\N15_M01_F10_KA01_15.mat,outer_race,outer_race,0.000560,0.000004,0.998580,0.000856
data\paderborn\extracted\KA01\KA01\N15_M01_F10_KA01_15.mat,outer_race,outer_race,0.000717,0.000003,0.998689,0.000591
data\paderborn\extracted\KA01\KA01\N15_M01_F10_KA01_15.mat,outer_race,outer_race,0.001256,0.000003,0.997508,0.001232
data\paderborn\extracted\KA01\KA01\N15_M01_F10_KA01_15.mat,outer_race,outer_race,0.000741,0.000002,0.997935,0.001322
data\paderborn\extracted\KA01\KA01\N15_M01_F10_KA01_15.mat,outer_race,outer_race,0.000926,0.000004,0.997307,0.001763
data\paderborn\extracted\KA01\KA01\N15_M01_F10_KA01_15.mat,outer_race,outer_race,0.000648,0.000003,0.997957,0.001392
data\paderborn\extracted\KA01\KA01\N15_M01_F10_KA01_15.mat,outer_race,outer_race,0.001077,0.000004,0.998321,0.000598
data\paderborn\extracted\KA01\KA01\N15_M01_F10_KA01_15.mat,outer_race,outer_race,0.000836,0.000003,0.998409,0.000753
data\paderborn\extracted\KA01\KA01\N15_M01_F10_KA01_15.mat,outer_race,outer_race,0.001363,0.000003,0.997290,0.001343
data\paderborn\extracted\KA01\KA01\N15_M01_F10_KA01_15.mat,outer_race,outer_race,0.001709,0.000004,0.997146,0.001142
data\paderborn\extracted\KA01\KA01\N15_M01_F10_KA01_15.mat,outer_race,outer_race,0.001233,0.000003,0.997946,0.000817
data\paderborn\extracted\KA01\KA01\N15_M01_F10_KA01_15.mat,outer_race,outer_race,0.000682,0.000003,0.998319,0.000996
data\paderborn\extracted\KA01\KA01\N15_M01_F10_KA01_15.mat,outer_race,outer_race,0.000504,0.000003,0.998665,0.000828
data\paderborn\extracted\KA01\KA01\N15_M01_F10_KA01_15.mat,outer_race,outer_race,0.000794,0.000005,0.998494,0.000708
data\paderborn\extracted\KA01\KA01\N15_M01_F10_KA01_15.mat,outer_race,outer_race,0.000638,0.000003,0.998469,0.000889
data\paderborn\extracted\KA01\KA01\N15_M01_F10_KA01_16.mat,outer_race,outer_race,0.000565,0.000003,0.998024,0.001408
data\paderborn\extracted\KA01\KA01\N15_M01_F10_KA01_16.mat,outer_race,outer_race,0.000798,0.000004,0.997885,0.001313
data\paderborn\extracted\KA01\KA01\N15_M01_F10_KA01_16.mat,outer_race,outer_race,0.000664,0.000003,0.998563,0.000770
data\paderborn\extracted\KA01\KA01\N15_M01_F10_KA01_16.mat,outer_race,outer_race,0.000764,0.000003,0.998423,0.000810
data\paderborn\extracted\KA01\KA01\N15_M01_F10_KA01_16.mat,outer_race,outer_race,0.000601,0.000003,0.998651,0.000745
data\paderborn\extracted\KA01\KA01\N15_M01_F10_KA01_16.mat,outer_race,outer_race,0.000561,0.000003,0.998642,0.000793
data\paderborn\extracted\KA01\KA01\N15_M01_F10_KA01_16.mat,outer_race,outer_race,0.000663,0.000003,0.998437,0.000897
data\paderborn\extracted\KA01\KA01\N15_M01_F10_KA01_16.mat,outer_race,outer_race,0.000943,0.000002,0.998324,0.000731
data\paderborn\extracted\KA01\KA01\N15_M01_F10_KA01_16.mat,outer_race,outer_race,0.001338,0.000004,0.997740,0.000918
data\paderborn\extracted\KA01\KA01\N15_M01_F10_KA01_16.mat,outer_race,outer_race,0.000731,0.000003,0.998355,0.000910
data\paderborn\extracted\KA01\KA01\N15_M01_F10_KA01_16.mat,outer_race,outer_race,0.000761,0.000003,0.998360,0.000877
data\paderborn\extracted\KA01\KA01\N15_M01_F10_KA01_16.mat,outer_race,outer_race,0.000324,0.000002,0.998582,0.001092
data\paderborn\extracted\KA01\KA01\N15_M01_F10_KA01_16.mat,outer_race,outer_race,0.001220,0.000002,0.998157,0.000621
data\paderborn\extracted\KA01\KA01\N15_M01_F10_KA01_16.mat,outer_race,outer_race,0.001253,0.000002,0.998192,0.000552
data\paderborn\extracted\KA01\KA01\N15_M01_F10_KA01_16.mat,outer_race,outer_race,0.000717,0.000003,0.998276,0.001005
data\paderborn\extracted\KA01\KA01\N15_M01_F10_KA01_16.mat,outer_race,outer_race,0.000516,0.000004,0.998225,0.001256
data\paderborn\extracted\KA01\KA01\N15_M01_F10_KA01_17.mat,outer_race,outer_race,0.000697,0.000003,0.998436,0.000864
data\paderborn\extracted\KA01\KA01\N15_M01_F10_KA01_17.mat,outer_race,outer_race,0.001083,0.000006,0.996431,0.002480
data\paderborn\extracted\KA01\KA01\N15_M01_F10_KA01_17.mat,outer_race,outer_race,0.001022,0.000005,0.996891,0.002082
data\paderborn\extracted\KA01\KA01\N15_M01_F10_KA01_17.mat,outer_race,outer_race,0.000999,0.000003,0.997073,0.001925
data\paderborn\extracted\KA01\KA01\N15_M01_F10_KA01_17.mat,outer_race,outer_race,0.000600,0.000003,0.997862,0.001534
data\paderborn\extracted\KA01\KA01\N15_M01_F10_KA01_17.mat,outer_race,outer_race,0.000564,0.000003,0.998094,0.001339
data\paderborn\extracted\KA01\KA01\N15_M01_F10_KA01_17.mat,outer_race,outer_race,0.000775,0.000002,0.997792,0.001431
data\paderborn\extracted\KA01\KA01\N15_M01_F10_KA01_17.mat,outer_race,outer_race,0.000860,0.000003,0.998101,0.001036
data\paderborn\extracted\KA01\KA01\N15_M01_F10_KA01_17.mat,outer_race,outer_race,0.000544,0.000003,0.996916,0.002537
data\paderborn\extracted\KA01\KA01\N15_M01_F10_KA01_17.mat,outer_race,outer_race,0.001326,0.000006,0.996978,0.001690
data\paderborn\extracted\KA01\KA01\N15_M01_F10_KA01_17.mat,outer_race,outer_race,0.001108,0.000003,0.997972,0.000916
data\paderborn\extracted\KA01\KA01\N15_M01_F10_KA01_17.mat,outer_race,outer_race,0.000901,0.000003,0.998359,0.000737
data\paderborn\extracted\KA01\KA01\N15_M01_F10_KA01_17.mat,outer_race,outer_race,0.000428,0.000003,0.998479,0.001091
data\paderborn\extracted\KA01\KA01\N15_M01_F10_KA01_17.mat,outer_race,outer_race,0.000532,0.000005,0.998154,0.001309
data\paderborn\extracted\KA01\KA01\N15_M01_F10_KA01_17.mat,outer_race,outer_race,0.001414,0.000005,0.997124,0.001457
data\paderborn\extracted\KA01\KA01\N15_M01_F10_KA01_17.mat,outer_race,outer_race,0.000870,0.000006,0.997971,0.001154
data\paderborn\extracted\KA01\KA01\N15_M01_F10_KA01_18.mat,outer_race,outer_race,0.000970,0.000004,0.997749,0.001277
data\paderborn\extracted\KA01\KA01\N15_M01_F10_KA01_18.mat,outer_race,outer_race,0.000677,0.000003,0.998014,0.001305
data\paderborn\extracted\KA01\KA01\N15_M01_F10_KA01_18.mat,outer_race,outer_race,0.000764,0.000003,0.997993,0.001239
data\paderborn\extracted\KA01\KA01\N15_M01_F10_KA01_18.mat,outer_race,outer_race,0.000596,0.000004,0.997966,0.001434
data\paderborn\extracted\KA01\KA01\N15_M01_F10_KA01_18.mat,outer_race,outer_race,0.000512,0.000005,0.997609,0.001874
data\paderborn\extracted\KA01\KA01\N15_M01_F10_KA01_18.mat,outer_race,outer_race,0.000451,0.000003,0.998429,0.001117
data\paderborn\extracted\KA01\KA01\N15_M01_F10_KA01_18.mat,outer_race,outer_race,0.000792,0.000003,0.998414,0.000791
data\paderborn\extracted\KA01\KA01\N15_M01_F10_KA01_18.mat,outer_race,outer_race,0.000590,0.000002,0.998299,0.001108
data\paderborn\extracted\KA01\KA01\N15_M01_F10_KA01_18.mat,outer_race,outer_race,0.000935,0.000005,0.997606,0.001454
data\paderborn\extracted\KA01\KA01\N15_M01_F10_KA01_18.mat,outer_race,outer_race,0.000438,0.000002,0.998461,0.001099
data\paderborn\extracted\KA01\KA01\N15_M01_F10_KA01_18.mat,outer_race,outer_race,0.000637,0.000003,0.998138,0.001222
data\paderborn\extracted\KA01\KA01\N15_M01_F10_KA01_18.mat,outer_race,outer_race,0.000790,0.000002,0.998451,0.000757
data\paderborn\extracted\KA01\KA01\N15_M01_F10_KA01_18.mat,outer_race,outer_race,0.000754,0.000005,0.998651,0.000590
data\paderborn\extracted\KA01\KA01\N15_M01_F10_KA01_18.mat,outer_race,outer_race,0.001083,0.000004,0.998018,0.000896
data\paderborn\extracted\KA01\KA01\N15_M01_F10_KA01_18.mat,outer_race,outer_race,0.001139,0.000004,0.997992,0.000865
data\paderborn\extracted\KA01\KA01\N15_M01_F10_KA01_18.mat,outer_race,outer_race,0.000661,0.000002,0.998337,0.001000
data\paderborn\extracted\KA01\KA01\N15_M01_F10_KA01_19.mat,outer_race,outer_race,0.000969,0.000005,0.997960,0.001066
data\paderborn\extracted\KA01\KA01\N15_M01_F10_KA01_19.mat,outer_race,outer_race,0.000529,0.000004,0.997643,0.001824
data\paderborn\extracted\KA01\KA01\N15_M01_F10_KA01_19.mat,outer_race,outer_race,0.000742,0.000003,0.998203,0.001052
data\paderborn\extracted\KA01\KA01\N15_M01_F10_KA01_19.mat,outer_race,outer_race,0.000866,0.000002,0.997426,0.001706
data\paderborn\extracted\KA01\KA01\N15_M01_F10_KA01_19.mat,outer_race,outer_race,0.000992,0.000003,0.998223,0.000782
data\paderborn\extracted\KA01\KA01\N15_M01_F10_KA01_19.mat,outer_race,outer_race,0.001102,0.000003,0.997494,0.001402
data\paderborn\extracted\KA01\KA01\N15_M01_F10_KA01_19.mat,outer_race,outer_race,0.001278,0.000006,0.996074,0.002642
data\paderborn\extracted\KA01\KA01\N15_M01_F10_KA01_19.mat,outer_race,outer_race,0.000540,0.000002,0.997964,0.001494
data\paderborn\extracted\KA01\KA01\N15_M01_F10_KA01_19.mat,outer_race,outer_race,0.000772,0.000003,0.998162,0.001063
data\paderborn\extracted\KA01\KA01\N15_M01_F10_KA01_19.mat,outer_race,outer_race,0.000649,0.000002,0.998476,0.000873
data\paderborn\extracted\KA01\KA01\N15_M01_F10_KA01_19.mat,outer_race,outer_race,0.000634,0.000004,0.998304,0.001059
data\paderborn\extracted\KA01\KA01\N15_M01_F10_KA01_19.mat,outer_race,outer_race,0.000756,0.000004,0.998027,0.001213
data\paderborn\extracted\KA01\KA01\N15_M01_F10_KA01_19.mat,outer_race,outer_race,0.001555,0.000004,0.997160,0.001281
data\paderborn\extracted\KA01\KA01\N15_M01_F10_KA01_19.mat,outer_race,outer_race,0.000586,0.000005,0.998581,0.000829
data\paderborn\extracted\KA01\KA01\N15_M01_F10_KA01_19.mat,outer_race,outer_race,0.000278,0.000003,0.998561,0.001159
data\paderborn\extracted\KA01\KA01\N15_M01_F10_KA01_19.mat,outer_race,outer_race,0.000581,0.000004,0.998724,0.000690
data\paderborn\extracted\KA01\KA01\N15_M01_F10_KA01_2.mat,outer_race,outer_race,0.000537,0.000003,0.998312,0.001148
data\paderborn\extracted\KA01\KA01\N15_M01_F10_KA01_2.mat,outer_race,outer_race,0.000501,0.000004,0.998634,0.000861
data\paderborn\extracted\KA01\KA01\N15_M01_F10_KA01_2.mat,outer_race,outer_race,0.000593,0.000004,0.998626,0.000778
data\paderborn\extracted\KA01\KA01\N15_M01_F10_KA01_2.mat,outer_race,outer_race,0.000776,0.000006,0.997794,0.001424
data\paderborn\extracted\KA01\KA01\N15_M01_F10_KA01_2.mat,outer_race,outer_race,0.000489,0.000003,0.997460,0.002047
data\paderborn\extracted\KA01\KA01\N15_M01_F10_KA01_2.mat,outer_race,outer_race,0.000744,0.000004,0.997785,0.001466
data\paderborn\extracted\KA01\KA01\N15_M01_F10_KA01_2.mat,outer_race,outer_race,0.000630,0.000003,0.998129,0.001238
data\paderborn\extracted\KA01\KA01\N15_M01_F10_KA01_2.mat,outer_race,outer_race,0.000681,0.000005,0.998187,0.001127
data\paderborn\extracted\KA01\KA01\N15_M01_F10_KA01_2.mat,outer_race,outer_race,0.000658,0.000003,0.998520,0.000818
data\paderborn\extracted\KA01\KA01\N15_M01_F10_KA01_2.mat,outer_race,outer_race,0.000889,0.000007,0.997828,0.001276
data\paderborn\extracted\KA01\KA01\N15_M01_F10_KA01_2.mat,outer_race,outer_race,0.000785,0.000005,0.996840,0.002370
data\paderborn\extracted\KA01\KA01\N15_M01_F10_KA01_2.mat,outer_race,outer_race,0.000673,0.000007,0.996284,0.003036
data\paderborn\extracted\KA01\KA01\N15_M01_F10_KA01_2.mat,outer_race,outer_race,0.000647,0.000003,0.997625,0.001725
data\paderborn\extracted\KA01\KA01\N15_M01_F10_KA01_2.mat,outer_race,outer_race,0.000497,0.000004,0.998101,0.001398
data\paderborn\extracted\KA01\KA01\N15_M01_F10_KA01_2.mat,outer_race,outer_race,0.000687,0.000004,0.998243,0.001066
data\paderborn\extracted\KA01\KA01\N15_M01_F10_KA01_2.mat,outer_race,outer_race,0.000717,0.000007,0.997959,0.001317
data\paderborn\extracted\KA01\KA01\N15_M01_F10_KA01_20.mat,outer_race,outer_race,0.000876,0.000005,0.997297,0.001822
data\paderborn\extracted\KA01\KA01\N15_M01_F10_KA01_20.mat,outer_race,outer_race,0.000825,0.000004,0.998267,0.000904
data\paderborn\extracted\KA01\KA01\N15_M01_F10_KA01_20.mat,outer_race,outer_race,0.000746,0.000002,0.998208,0.001044
data\paderborn\extracted\KA01\KA01\N15_M01_F10_KA01_20.mat,outer_race,outer_race,0.000951,0.000003,0.998004,0.001043
data\paderborn\extracted\KA01\KA01\N15_M01_F10_KA01_20.mat,outer_race,outer_race,0.000751,0.000003,0.998367,0.000880
data\paderborn\extracted\KA01\KA01\N15_M01_F10_KA01_20.mat,outer_race,outer_race,0.001125,0.000004,0.997541,0.001330
data\paderborn\extracted\KA01\KA01\N15_M01_F10_KA01_20.mat,outer_race,outer_race,0.000694,0.000003,0.997463,0.001839
data\paderborn\extracted\KA01\KA01\N15_M01_F10_KA01_20.mat,outer_race,outer_race,0.000456,0.000004,0.998236,0.001304
data\paderborn\extracted\KA01\KA01\N15_M01_F10_KA01_20.mat,outer_race,outer_race,0.000417,0.000002,0.998835,0.000745
data\paderborn\extracted\KA01\KA01\N15_M01_F10_KA01_20.mat,outer_race,outer_race,0.000769,0.000004,0.998074,0.001153
data\paderborn\extracted\KA01\KA01\N15_M01_F10_KA01_20.mat,outer_race,outer_race,0.000874,0.000003,0.998033,0.001091
data\paderborn\extracted\KA01\KA01\N15_M01_F10_KA01_20.mat,outer_race,outer_race,0.000589,0.000003,0.998322,0.001086
data\paderborn\extracted\KA01\KA01\N15_M01_F10_KA01_20.mat,outer_race,outer_race,0.000491,0.000003,0.998555,0.000952
data\paderborn\extracted\KA01\KA01\N15_M01_F10_KA01_20.mat,outer_race,outer_race,0.000496,0.000004,0.998360,0.001140
data\paderborn\extracted\KA01\KA01\N15_M01_F10_KA01_20.mat,outer_race,outer_race,0.000751,0.000005,0.997553,0.001692
data\paderborn\extracted\KA01\KA01\N15_M01_F10_KA01_20.mat,outer_race,outer_race,0.000375,0.000005,0.997151,0.002469
data\paderborn\extracted\KA01\KA01\N15_M01_F10_KA01_3.mat,outer_race,outer_race,0.000375,0.000003,0.997816,0.001806
data\paderborn\extracted\KA01\KA01\N15_M01_F10_KA01_3.mat,outer_race,outer_race,0.001104,0.000005,0.997396,0.001495
data\paderborn\extracted\KA01\KA01\N15_M01_F10_KA01_3.mat,outer_race,outer_race,0.001243,0.000003,0.997683,0.001071
data\paderborn\extracted\KA01\KA01\N15_M01_F10_KA01_3.mat,outer_race,outer_race,0.000506,0.000004,0.997470,0.002021
data\paderborn\extracted\KA01\KA01\N15_M01_F10_KA01_3.mat,outer_race,outer_race,0.000668,0.000003,0.998595,0.000734
data\paderborn\extracted\KA01\KA01\N15_M01_F10_KA01_3.mat,outer_race,outer_race,0.000637,0.000004,0.998726,0.000632
data\paderborn\extracted\KA01\KA01\N15_M01_F10_KA01_3.mat,outer_race,outer_race,0.000637,0.000003,0.998284,0.001075
data\paderborn\extracted\KA01\KA01\N15_M01_F10_KA01_3.mat,outer_race,outer_race,0.000739,0.000003,0.998080,0.001179
data\paderborn\extracted\KA01\KA01\N15_M01_F10_KA01_3.mat,outer_race,outer_race,0.000829,0.000003,0.998073,0.001095
data\paderborn\extracted\KA01\KA01\N15_M01_F10_KA01_3.mat,outer_race,outer_race,0.000767,0.000003,0.998328,0.000902
data\paderborn\extracted\KA01\KA01\N15_M01_F10_KA01_3.mat,outer_race,outer_race,0.000478,0.000003,0.998530,0.000990
data\paderborn\extracted\KA01\KA01\N15_M01_F10_KA01_3.mat,outer_race,outer_race,0.000562,0.000005,0.997856,0.001576
data\paderborn\extracted\KA01\KA01\N15_M01_F10_KA01_3.mat,outer_race,outer_race,0.000449,0.000003,0.997985,0.001563
data\paderborn\extracted\KA01\KA01\N15_M01_F10_KA01_3.mat,outer_race,outer_race,0.000493,0.000006,0.996977,0.002524
data\paderborn\extracted\KA01\KA01\N15_M01_F10_KA01_3.mat,outer_race,outer_race,0.000792,0.000005,0.997224,0.001978
data\paderborn\extracted\KA01\KA01\N15_M01_F10_KA01_3.mat,outer_race,outer_race,0.000333,0.000003,0.996631,0.003033
data\paderborn\extracted\KA01\KA01\N15_M01_F10_KA01_4.mat,outer_race,outer_race,0.000573,0.000003,0.998385,0.001040
data\paderborn\extracted\KA01\KA01\N15_M01_F10_KA01_4.mat,outer_race,outer_race,0.000765,0.000003,0.998223,0.001009
data\paderborn\extracted\KA01\KA01\N15_M01_F10_KA01_4.mat,outer_race,outer_race,0.000834,0.000005,0.998071,0.001091
data\paderborn\extracted\KA01\KA01\N15_M01_F10_KA01_4.mat,outer_race,outer_race,0.000762,0.000003,0.998108,0.001127
data\paderborn\extracted\KA01\KA01\N15_M01_F10_KA01_4.mat,outer_race,outer_race,0.000541,0.000004,0.997379,0.002075
data\paderborn\extracted\KA01\KA01\N15_M01_F10_KA01_4.mat,outer_race,outer_race,0.000801,0.000002,0.997931,0.001266
data\paderborn\extracted\KA01\KA01\N15_M01_F10_KA01_4.mat,outer_race,outer_race,0.000323,0.000003,0.998142,0.001533
data\paderborn\extracted\KA01\KA01\N15_M01_F10_KA01_4.mat,outer_race,outer_race,0.000492,0.000006,0.997949,0.001552
data\paderborn\extracted\KA01\KA01\N15_M01_F10_KA01_4.mat,outer_race,outer_race,0.000597,0.000008,0.994804,0.004590
data\paderborn\extracted\KA01\KA01\N15_M01_F10_KA01_4.mat,outer_race,outer_race,0.001084,0.000006,0.997106,0.001804
data\paderborn\extracted\KA01\KA01\N15_M01_F10_KA01_4.mat,outer_race,outer_race,0.000499,0.000003,0.998071,0.001427
data\paderborn\extracted\KA01\KA01\N15_M01_F10_KA01_4.mat,outer_race,outer_race,0.000404,0.000004,0.998008,0.001585
data\paderborn\extracted\KA01\KA01\N15_M01_F10_KA01_4.mat,outer_race,outer_race,0.000511,0.000005,0.997497,0.001987
data\paderborn\extracted\KA01\KA01\N15_M01_F10_KA01_4.mat,outer_race,outer_race,0.000962,0.000005,0.997671,0.001361
data\paderborn\extracted\KA01\KA01\N15_M01_F10_KA01_4.mat,outer_race,outer_race,0.000844,0.000005,0.996599,0.002552
data\paderborn\extracted\KA01\KA01\N15_M01_F10_KA01_4.mat,outer_race,outer_race,0.001264,0.000005,0.996949,0.001782
data\paderborn\extracted\KA01\KA01\N15_M01_F10_KA01_5.mat,outer_race,outer_race,0.000610,0.000005,0.998174,0.001212
data\paderborn\extracted\KA01\KA01\N15_M01_F10_KA01_5.mat,outer_race,outer_race,0.000498,0.000004,0.997770,0.001728
data\paderborn\extracted\KA01\KA01\N15_M01_F10_KA01_5.mat,outer_race,outer_race,0.000579,0.000004,0.997994,0.001424
data\paderborn\extracted\KA01\KA01\N15_M01_F10_KA01_5.mat,outer_race,outer_race,0.000671,0.000003,0.997391,0.001935
data\paderborn\extracted\KA01\KA01\N15_M01_F10_KA01_5.mat,outer_race,outer_race,0.000726,0.000004,0.997824,0.001446
data\paderborn\extracted\KA01\KA01\N15_M01_F10_KA01_5.mat,outer_race,outer_race,0.000406,0.000003,0.998004,0.001587
data\paderborn\extracted\KA01\KA01\N15_M01_F10_KA01_5.mat,outer_race,outer_race,0.000680,0.000004,0.998052,0.001264
data\paderborn\extracted\KA01\KA01\N15_M01_F10_KA01_5.mat,outer_race,outer_race,0.000544,0.000006,0.997361,0.002089
data\paderborn\extracted\KA01\KA01\N15_M01_F10_KA01_5.mat,outer_race,outer_race,0.000719,0.000003,0.997120,0.002158
data\paderborn\extracted\KA01\KA01\N15_M01_F10_KA01_5.mat,outer_race,outer_race,0.000978,0.000003,0.998184,0.000835
data\paderborn\extracted\KA01\KA01\N15_M01_F10_KA01_5.mat,outer_race,outer_race,0.000805,0.000005,0.997978,0.001213
data\paderborn\extracted\KA01\KA01\N15_M01_F10_KA01_5.mat,outer_race,outer_race,0.000568,0.000007,0.997667,0.001759
data\paderborn\extracted\KA01\KA01\N15_M01_F10_KA01_5.mat,outer_race,outer_race,0.000986,0.000004,0.997568,0.001442
data\paderborn\extracted\KA01\KA01\N15_M01_F10_KA01_5.mat,outer_race,outer_race,0.000814,0.000002,0.998220,0.000964
data\paderborn\extracted\KA01\KA01\N15_M01_F10_KA01_5.mat,outer_race,outer_race,0.000630,0.000003,0.997996,0.001371
data\paderborn\extracted\KA01\KA01\N15_M01_F10_KA01_5.mat,outer_race,outer_race,0.000662,0.000002,0.997815,0.001520
data\paderborn\extracted\KA01\KA01\N15_M01_F10_KA01_6.mat,outer_race,outer_race,0.001814,0.000005,0.997289,0.000892
data\paderborn\extracted\KA01\KA01\N15_M01_F10_KA01_6.mat,outer_race,outer_race,0.000653,0.000003,0.997891,0.001454
data\paderborn\extracted\KA01\KA01\N15_M01_F10_KA01_6.mat,outer_race,outer_race,0.000439,0.000003,0.998444,0.001115
data\paderborn\extracted\KA01\KA01\N15_M01_F10_KA01_6.mat,outer_race,outer_race,0.000712,0.000005,0.997564,0.001719
data\paderborn\extracted\KA01\KA01\N15_M01_F10_KA01_6.mat,outer_race,outer_race,0.000431,0.000002,0.997697,0.001869
data\paderborn\extracted\KA01\KA01\N15_M01_F10_KA01_6.mat,outer_race,outer_race,0.000866,0.000004,0.997926,0.001204
data\paderborn\extracted\KA01\KA01\N15_M01_F10_KA01_6.mat,outer_race,outer_race,0.001324,0.000004,0.997742,0.000930
data\paderborn\extracted\KA01\KA01\N15_M01_F10_KA01_6.mat,outer_race,outer_race,0.000746,0.000003,0.998541,0.000710
data\paderborn\extracted\KA01\KA01\N15_M01_F10_KA01_6.mat,outer_race,outer_race,0.000456,0.000002,0.998537,0.001005
data\paderborn\extracted\KA01\KA01\N15_M01_F10_KA01_6.mat,outer_race,outer_race,0.000658,0.000003,0.998530,0.000809
data\paderborn\extracted\KA01\KA01\N15_M01_F10_KA01_6.mat,outer_race,outer_race,0.000645,0.000004,0.998638,0.000713
data\paderborn\extracted\KA01\KA01\N15_M01_F10_KA01_6.mat,outer_race,outer_race,0.000626,0.000004,0.998876,0.000494
data\paderborn\extracted\KA01\KA01\N15_M01_F10_KA01_6.mat,outer_race,outer_race,0.000711,0.000004,0.998286,0.001000
data\paderborn\extracted\KA01\KA01\N15_M01_F10_KA01_6.mat,outer_race,outer_race,0.000842,0.000005,0.997535,0.001618
data\paderborn\extracted\KA01\KA01\N15_M01_F10_KA01_6.mat,outer_race,outer_race,0.000520,0.000003,0.997300,0.002177
data\paderborn\extracted\KA01\KA01\N15_M01_F10_KA01_6.mat,outer_race,outer_race,0.000545,0.000003,0.998147,0.001305
data\paderborn\extracted\KA01\KA01\N15_M01_F10_KA01_7.mat,outer_race,outer_race,0.000412,0.000003,0.997647,0.001938
data\paderborn\extracted\KA01\KA01\N15_M01_F10_KA01_7.mat,outer_race,outer_race,0.000686,0.000004,0.997542,0.001768
data\paderborn\extracted\KA01\KA01\N15_M01_F10_KA01_7.mat,outer_race,outer_race,0.000261,0.000003,0.997966,0.001770
data\paderborn\extracted\KA01\KA01\N15_M01_F10_KA01_7.mat,outer_race,outer_race,0.000740,0.000006,0.998206,0.001048
data\paderborn\extracted\KA01\KA01\N15_M01_F10_KA01_7.mat,outer_race,outer_race,0.000947,0.000003,0.997101,0.001949
data\paderborn\extracted\KA01\KA01\N15_M01_F10_KA01_7.mat,outer_race,outer_race,0.001031,0.000003,0.998047,0.000919
data\paderborn\extracted\KA01\KA01\N15_M01_F10_KA01_7.mat,outer_race,outer_race,0.001606,0.000004,0.996369,0.002021
data\paderborn\extracted\KA01\KA01\N15_M01_F10_KA01_7.mat,outer_race,outer_race,0.001042,0.000005,0.997588,0.001365
data\paderborn\extracted\KA01\KA01\N15_M01_F10_KA01_7.mat,outer_race,outer_race,0.000495,0.000002,0.998343,0.001159
data\paderborn\extracted\KA01\KA01\N15_M01_F10_KA01_7.mat,outer_race,outer_race,0.000850,0.000004,0.997724,0.001422
data\paderborn\extracted\KA01\KA01\N15_M01_F10_KA01_7.mat,outer_race,outer_race,0.002232,0.000006,0.994504,0.003258
data\paderborn\extracted\KA01\KA01\N15_M01_F10_KA01_7.mat,outer_race,outer_race,0.000836,0.000003,0.997641,0.001521
data\paderborn\extracted\KA01\KA01\N15_M01_F10_KA01_7.mat,outer_race,outer_race,0.001113,0.000003,0.997978,0.000906
data\paderborn\extracted\KA01\KA01\N15_M01_F10_KA01_7.mat,outer_race,outer_race,0.000513,0.000004,0.997647,0.001837
data\paderborn\extracted\KA01\KA01\N15_M01_F10_KA01_7.mat,outer_race,outer_race,0.000734,0.000003,0.998305,0.000958
data\paderborn\extracted\KA01\KA01\N15_M01_F10_KA01_7.mat,outer_race,outer_race,0.000560,0.000004,0.998312,0.001125
data\paderborn\extracted\KA01\KA01\N15_M01_F10_KA01_8.mat,outer_race,outer_race,0.000582,0.000004,0.997865,0.001549
data\paderborn\extracted\KA01\KA01\N15_M01_F10_KA01_8.mat,outer_race,outer_race,0.000628,0.000003,0.997943,0.001426
data\paderborn\extracted\KA01\KA01\N15_M01_F10_KA01_8.mat,outer_race,outer_race,0.000701,0.000003,0.997861,0.001435
data\paderborn\extracted\KA01\KA01\N15_M01_F10_KA01_8.mat,outer_race,outer_race,0.000656,0.000003,0.997245,0.002096
data\paderborn\extracted\KA01\KA01\N15_M01_F10_KA01_8.mat,outer_race,outer_race,0.000934,0.000003,0.998017,0.001046
data\paderborn\extracted\KA01\KA01\N15_M01_F10_KA01_8.mat,outer_race,outer_race,0.000753,0.000003,0.998083,0.001160
data\paderborn\extracted\KA01\KA01\N15_M01_F10_KA01_8.mat,outer_race,outer_race,0.000573,0.000003,0.998195,0.001229
data\paderborn\extracted\KA01\KA01\N15_M01_F10_KA01_8.mat,outer_race,outer_race,0.000481,0.000004,0.997525,0.001991
data\paderborn\extracted\KA01\KA01\N15_M01_F10_KA01_8.mat,outer_race,outer_race,0.000465,0.000003,0.997850,0.001682
data\paderborn\extracted\KA01\KA01\N15_M01_F10_KA01_8.mat,outer_race,outer_race,0.001667,0.000005,0.997022,0.001306
data\paderborn\extracted\KA01\KA01\N15_M01_F10_KA01_8.mat,outer_race,outer_race,0.001046,0.000004,0.997743,0.001206
data\paderborn\extracted\KA01\KA01\N15_M01_F10_KA01_8.mat,outer_race,outer_race,0.000789,0.000003,0.998116,0.001092
data\paderborn\extracted\KA01\KA01\N15_M01_F10_KA01_8.mat,outer_race,outer_race,0.000504,0.000004,0.997720,0.001772
data\paderborn\extracted\KA01\KA01\N15_M01_F10_KA01_8.mat,outer_race,outer_race,0.000799,0.000003,0.997848,0.001350
data\paderborn\extracted\KA01\KA01\N15_M01_F10_KA01_8.mat,outer_race,outer_race,0.000843,0.000003,0.997400,0.001755
data\paderborn\extracted\KA01\KA01\N15_M01_F10_KA01_8.mat,outer_race,outer_race,0.001802,0.000004,0.997184,0.001010
data\paderborn\extracted\KA01\KA01\N15_M01_F10_KA01_9.mat,outer_race,outer_race,0.000620,0.000004,0.997874,0.001502
data\paderborn\extracted\KA01\KA01\N15_M01_F10_KA01_9.mat,outer_race,outer_race,0.000828,0.000003,0.997973,0.001196
data\paderborn\extracted\KA01\KA01\N15_M01_F10_KA01_9.mat,outer_race,outer_race,0.001192,0.000004,0.997742,0.001062
data\paderborn\extracted\KA01\KA01\N15_M01_F10_KA01_9.mat,outer_race,outer_race,0.000881,0.000004,0.997278,0.001837
data\paderborn\extracted\KA01\KA01\N15_M01_F10_KA01_9.mat,outer_race,outer_race,0.000783,0.000004,0.997710,0.001503
data\paderborn\extracted\KA01\KA01\N15_M01_F10_KA01_9.mat,outer_race,outer_race,0.000612,0.000004,0.998255,0.001129
data\paderborn\extracted\KA01\KA01\N15_M01_F10_KA01_9.mat,outer_race,outer_race,0.000497,0.000003,0.998148,0.001353
data\paderborn\extracted\KA01\KA01\N15_M01_F10_KA01_9.mat,outer_race,outer_race,0.000627,0.000003,0.998291,0.001079
data\paderborn\extracted\KA01\KA01\N15_M01_F10_KA01_9.mat,outer_race,outer_race,0.000880,0.000003,0.998270,0.000847
data\paderborn\extracted\KA01\KA01\N15_M01_F10_KA01_9.mat,outer_race,outer_race,0.001092,0.000003,0.997370,0.001535
data\paderborn\extracted\KA01\KA01\N15_M01_F10_KA01_9.mat,outer_race,outer_race,0.000567,0.000002,0.997747,0.001684
data\paderborn\extracted\KA01\KA01\N15_M01_F10_KA01_9.mat,outer_race,outer_race,0.000571,0.000003,0.998186,0.001239
data\paderborn\extracted\KA01\KA01\N15_M01_F10_KA01_9.mat,outer_race,outer_race,0.000574,0.000003,0.998428,0.000996
data\paderborn\extracted\KA01\KA01\N15_M01_F10_KA01_9.mat,outer_race,outer_race,0.000777,0.000005,0.998385,0.000833
data\paderborn\extracted\KA01\KA01\N15_M01_F10_KA01_9.mat,outer_race,outer_race,0.000414,0.000003,0.998296,0.001287
data\paderborn\extracted\KA01\KA01\N15_M01_F10_KA01_9.mat,outer_race,outer_race,0.001143,0.000005,0.997469,0.001383
data\paderborn\extracted\KA01\KA01\N15_M07_F04_KA01_1.mat,outer_race,outer_race,0.000544,0.000033,0.999283,0.000141
data\paderborn\extracted\KA01\KA01\N15_M07_F04_KA01_1.mat,outer_race,outer_race,0.000917,0.000078,0.998841,0.000164
data\paderborn\extracted\KA01\KA01\N15_M07_F04_KA01_1.mat,outer_race,outer_race,0.000916,0.000630,0.997989,0.000465
data\paderborn\extracted\KA01\KA01\N15_M07_F04_KA01_1.mat,outer_race,outer_race,0.002721,0.000474,0.996273,0.000532
data\paderborn\extracted\KA01\KA01\N15_M07_F04_KA01_1.mat,outer_race,outer_race,0.002682,0.000141,0.996990,0.000187
data\paderborn\extracted\KA01\KA01\N15_M07_F04_KA01_1.mat,outer_race,outer_race,0.000723,0.000066,0.999114,0.000098
data\paderborn\extracted\KA01\KA01\N15_M07_F04_KA01_1.mat,outer_race,outer_race,0.000650,0.000049,0.999110,0.000191
data\paderborn\extracted\KA01\KA01\N15_M07_F04_KA01_1.mat,outer_race,outer_race,0.002708,0.000265,0.996856,0.000172
data\paderborn\extracted\KA01\KA01\N15_M07_F04_KA01_1.mat,outer_race,outer_race,0.002966,0.000192,0.996696,0.000146
data\paderborn\extracted\KA01\KA01\N15_M07_F04_KA01_1.mat,outer_race,outer_race,0.034835,0.000647,0.964447,0.000071
data\paderborn\extracted\KA01\KA01\N15_M07_F04_KA01_1.mat,outer_race,outer_race,0.001874,0.000196,0.997846,0.000085
data\paderborn\extracted\KA01\KA01\N15_M07_F04_KA01_1.mat,outer_race,outer_race,0.002016,0.000191,0.997662,0.000131
data\paderborn\extracted\KA01\KA01\N15_M07_F04_KA01_1.mat,outer_race,outer_race,0.002909,0.000207,0.996719,0.000165
data\paderborn\extracted\KA01\KA01\N15_M07_F04_KA01_1.mat,outer_race,outer_race,0.001954,0.000221,0.997548,0.000277
data\paderborn\extracted\KA01\KA01\N15_M07_F04_KA01_1.mat,outer_race,outer_race,0.001170,0.000180,0.998475,0.000175
data\paderborn\extracted\KA01\KA01\N15_M07_F04_KA01_1.mat,outer_race,outer_race,0.000923,0.000098,0.998819,0.000160
data\paderborn\extracted\KA01\KA01\N15_M07_F04_KA01_10.mat,outer_race,outer_race,0.001027,0.000312,0.998467,0.000194
data\paderborn\extracted\KA01\KA01\N15_M07_F04_KA01_10.mat,outer_race,outer_race,0.002098,0.000231,0.997587,0.000084
data\paderborn\extracted\KA01\KA01\N15_M07_F04_KA01_10.mat,outer_race,outer_race,0.002790,0.000191,0.996879,0.000141
data\paderborn\extracted\KA01\KA01\N15_M07_F04_KA01_10.mat,outer_race,outer_race,0.002942,0.000388,0.996445,0.000224
data\paderborn\extracted\KA01\KA01\N15_M07_F04_KA01_10.mat,outer_race,outer_race,0.006860,0.000849,0.992069,0.000221
data\paderborn\extracted\KA01\KA01\N15_M07_F04_KA01_10.mat,outer_race,outer_race,0.009717,0.001311,0.988665,0.000307
data\paderborn\extracted\KA01\KA01\N15_M07_F04_KA01_10.mat,outer_race,outer_race,0.001395,0.000295,0.998099,0.000210
data\paderborn\extracted\KA01\KA01\N15_M07_F04_KA01_10.mat,outer_race,outer_race,0.000578,0.000057,0.999268,0.000097
data\paderborn\extracted\KA01\KA01\N15_M07_F04_KA01_10.mat,outer_race,outer_race,0.001032,0.000269,0.998507,0.000192
data\paderborn\extracted\KA01\KA01\N15_M07_F04_KA01_10.mat,outer_race,outer_race,0.006955,0.005069,0.987571,0.000405
data\paderborn\extracted\KA01\KA01\N15_M07_F04_KA01_10.mat,outer_race,outer_race,0.004327,0.000984,0.994424,0.000265
data\paderborn\extracted\KA01\KA01\N15_M07_F04_KA01_10.mat,outer_race,outer_race,0.000606,0.000155,0.999129,0.000110
data\paderborn\extracted\KA01\KA01\N15_M07_F04_KA01_10.mat,outer_race,outer_race,0.000615,0.000199,0.999092,0.000094
data\paderborn\extracted\KA01\KA01\N15_M07_F04_KA01_10.mat,outer_race,outer_race,0.001184,0.000195,0.998529,0.000093
data\paderborn\extracted\KA01\KA01\N15_M07_F04_KA01_10.mat,outer_race,outer_race,0.001586,0.000183,0.998049,0.000182
data\paderborn\extracted\KA01\KA01\N15_M07_F04_KA01_10.mat,outer_race,outer_race,0.000847,0.000099,0.998863,0.000191
data\paderborn\extracted\KA01\KA01\N15_M07_F04_KA01_11.mat,outer_race,outer_race,0.002483,0.000833,0.996482,0.000203
data\paderborn\extracted\KA01\KA01\N15_M07_F04_KA01_11.mat,outer_race,outer_race,0.001551,0.000550,0.997659,0.000240
data\paderborn\extracted\KA01\KA01\N15_M07_F04_KA01_11.mat,outer_race,outer_race,0.001499,0.000632,0.997721,0.000149
data\paderborn\extracted\KA01\KA01\N15_M07_F04_KA01_11.mat,outer_race,outer_race,0.001225,0.000320,0.998296,0.000159
data\paderborn\extracted\KA01\KA01\N15_M07_F04_KA01_11.mat,outer_race,outer_race,0.000275,0.000113,0.999458,0.000153
data\paderborn\extracted\KA01\KA01\N15_M07_F04_KA01_11.mat,outer_race,outer_race,0.000398,0.000153,0.999276,0.000173
data\paderborn\extracted\KA01\KA01\N15_M07_F04_KA01_11.mat,outer_race,outer_race,0.000813,0.000125,0.998851,0.000211
data\paderborn\extracted\KA01\KA01\N15_M07_F04_KA01_11.mat,outer_race,outer_race,0.001451,0.000244,0.998165,0.000140
data\paderborn\extracted\KA01\KA01\N15_M07_F04_KA01_11.mat,outer_race,outer_race,0.000476,0.000037,0.999383,0.000105
data\paderborn\extracted\KA01\KA01\N15_M07_F04_KA01_11.mat,outer_race,outer_race,0.000256,0.000056,0.999524,0.000163
data\paderborn\extracted\KA01\KA01\N15_M07_F04_KA01_11.mat,outer_race,outer_race,0.001612,0.000875,0.997175,0.000337
data\paderborn\extracted\KA01\KA01\N15_M07_F04_KA01_11.mat,outer_race,outer_race,0.004447,0.001189,0.994171,0.000193
data\paderborn\extracted\KA01\KA01\N15_M07_F04_KA01_11.mat,outer_race,outer_race,0.004108,0.000282,0.995515,0.000095
data\paderborn\extracted\KA01\KA01\N15_M07_F04_KA01_11.mat,outer_race,outer_race,0.001677,0.000053,0.998149,0.000121
data\paderborn\extracted\KA01\KA01\N15_M07_F04_KA01_11.mat,outer_race,outer_race,0.002285,0.000179,0.997321,0.000215
data\paderborn\extracted\KA01\KA01\N15_M07_F04_KA01_11.mat,outer_race,outer_race,0.002369,0.000316,0.997037,0.000278
data\paderborn\extracted\KA01\KA01\N15_M07_F04_KA01_12.mat,outer_race,outer_race,0.002252,0.000178,0.997461,0.000109
data\paderborn\extracted\KA01\KA01\N15_M07_F04_KA01_12.mat,outer_race,outer_race,0.000426,0.000035,0.999365,0.000174
data\paderborn\extracted\KA01\KA01\N15_M07_F04_KA01_12.mat,outer_race,outer_race,0.000382,0.000069,0.999290,0.000259
data\paderborn\extracted\KA01\KA01\N15_M07_F04_KA01_12.mat,outer_race,outer_race,0.001913,0.001030,0.996289,0.000769
data\paderborn\extracted\KA01\KA01\N15_M07_F04_KA01_12.mat,outer_race,outer_race,0.004414,0.000957,0.994309,0.000320
data\paderborn\extracted\KA01\KA01\N15_M07_F04_KA01_12.mat,outer_race,outer_race,0.004809,0.000362,0.994706,0.000122
data\paderborn\extracted\KA01\KA01\N15_M07_F04_KA01_12.mat,outer_race,outer_race,0.001885,0.000072,0.997940,0.000103
data\paderborn\extracted\KA01\KA01\N15_M07_F04_KA01_12.mat,outer_race,outer_race,0.002844,0.000219,0.996690,0.000248
data\paderborn\extracted\KA01\KA01\N15_M07_F04_KA01_12.mat,outer_race,outer_race,0.004140,0.001489,0.993896,0.000475
data\paderborn\extracted\KA01\KA01\N15_M07_F04_KA01_12.mat,outer_race,outer_race,0.001285,0.000316,0.998035,0.000364
data\paderborn\extracted\KA01\KA01\N15_M07_F04_KA01_12.mat,outer_race,outer_race,0.000985,0.000109,0.998687,0.000218
data\paderborn\extracted\KA01\KA01\N15_M07_F04_KA01_12.mat,outer_race,outer_race,0.000511,0.000053,0.999275,0.000161
data\paderborn\extracted\KA01\KA01\N15_M07_F04_KA01_12.mat,outer_race,outer_race,0.001920,0.000437,0.997559,0.000084
data\paderborn\extracted\KA01\KA01\N15_M07_F04_KA01_12.mat,outer_race,outer_race,0.000593,0.000333,0.998862,0.000212
data\paderborn\extracted\KA01\KA01\N15_M07_F04_KA01_12.mat,outer_race,outer_race,0.001237,0.000213,0.998311,0.000239
data\paderborn\extracted\KA01\KA01\N15_M07_F04_KA01_12.mat,outer_race,outer_race,0.000276,0.000073,0.999496,0.000155
data\paderborn\extracted\KA01\KA01\N15_M07_F04_KA01_13.mat,outer_race,outer_race,0.000497,0.000048,0.999324,0.000131
data\paderborn\extracted\KA01\KA01\N15_M07_F04_KA01_13.mat,outer_race,outer_race,0.000219,0.000062,0.999486,0.000233
data\paderborn\extracted\KA01\KA01\N15_M07_F04_KA01_13.mat,outer_race,outer_race,0.000800,0.000613,0.998191,0.000397
data\paderborn\extracted\KA01\KA01\N15_M07_F04_KA01_13.mat,outer_race,outer_race,0.002186,0.000894,0.996582,0.000337
data\paderborn\extracted\KA01\KA01\N15_M07_F04_KA01_13.mat,outer_race,outer_race,0.004845,0.000794,0.994116,0.000246
data\paderborn\extracted\KA01\KA01\N15_M07_F04_KA01_13.mat,outer_race,outer_race,0.000848,0.000098,0.998884,0.000170
data\paderborn\extracted\KA01\KA01\N15_M07_F04_KA01_13.mat,outer_race,outer_race,0.001180,0.000093,0.998528,0.000199
data\paderborn\extracted\KA01\KA01\N15_M07_F04_KA01_13.mat,outer_race,outer_race,0.001401,0.000192,0.998262,0.000146
data\paderborn\extracted\KA01\KA01\N15_M07_F04_KA01_13.mat,outer_race,outer_race,0.012800,0.002146,0.984765,0.000289
data\paderborn\extracted\KA01\KA01\N15_M07_F04_KA01_13.mat,outer_race,outer_race,0.016049,0.003311,0.980439,0.000201
data\paderborn\extracted\KA01\KA01\N15_M07_F04_KA01_13.mat,outer_race,outer_race,0.002195,0.000078,0.997646,0.000081
data\paderborn\extracted\KA01\KA01\N15_M07_F04_KA01_13.mat,outer_race,outer_race,0.001191,0.000277,0.998428,0.000104
data\paderborn\extracted\KA01\KA01\N15_M07_F04_KA01_13.mat,outer_race,outer_race,0.001950,0.000445,0.997465,0.000140
data\paderborn\extracted\KA01\KA01\N15_M07_F04_KA01_13.mat,outer_race,outer_race,0.002661,0.000495,0.996730,0.000114
data\paderborn\extracted\KA01\KA01\N15_M07_F04_KA01_13.mat,outer_race,outer_race,0.000604,0.000132,0.999156,0.000108
data\paderborn\extracted\KA01\KA01\N15_M07_F04_KA01_13.mat,outer_race,outer_race,0.000441,0.000102,0.999362,0.000094
data\paderborn\extracted\KA01\KA01\N15_M07_F04_KA01_14.mat,outer_race,outer_race,0.000640,0.000164,0.999060,0.000136
data\paderborn\extracted\KA01\KA01\N15_M07_F04_KA01_14.mat,outer_race,outer_race,0.000903,0.000606,0.998303,0.000188
data\paderborn\extracted\KA01\KA01\N15_M07_F04_KA01_14.mat,outer_race,outer_race,0.001600,0.000285,0.998003,0.000112
data\paderborn\extracted\KA01\KA01\N15_M07_F04_KA01_14.mat,outer_race,outer_race,0.001191,0.000068,0.998607,0.000134
data\paderborn\extracted\KA01\KA01\N15_M07_F04_KA01_14.mat,outer_race,outer_race,0.000825,0.000108,0.998927,0.000141
data\paderborn\extracted\KA01\KA01\N15_M07_F04_KA01_14.mat,outer_race,outer_race,0.002500,0.001091,0.996243,0.000166
data\paderborn\extracted\KA01\KA01\N15_M07_F04_KA01_14.mat,outer_race,outer_race,0.002311,0.002340,0.995032,0.000318
data\paderborn\extracted\KA01\KA01\N15_M07_F04_KA01_14.mat,outer_race,outer_race,0.002751,0.000243,0.996889,0.000117
data\paderborn\extracted\KA01\KA01\N15_M07_F04_KA01_14.mat,outer_race,outer_race,0.001556,0.000093,0.998268,0.000082
data\paderborn\extracted\KA01\KA01\N15_M07_F04_KA01_14.mat,outer_race,outer_race,0.001016,0.000128,0.998672,0.000184
data\paderborn\extracted\KA01\KA01\N15_M07_F04_KA01_14.mat,outer_race,outer_race,0.001054,0.000210,0.998446,0.000290
data\paderborn\extracted\KA01\KA01\N15_M07_F04_KA01_14.mat,outer_race,outer_race,0.006776,0.001486,0.991528,0.000209
data\paderborn\extracted\KA01\KA01\N15_M07_F04_KA01_14.mat,outer_race,outer_race,0.022190,0.002722,0.974964,0.000124
data\paderborn\extracted\KA01\KA01\N15_M07_F04_KA01_14.mat,outer_race,outer_race,0.000660,0.000148,0.999085,0.000107
data\paderborn\extracted\KA01\KA01\N15_M07_F04_KA01_14.mat,outer_race,outer_race,0.001590,0.000162,0.998167,0.000082
data\paderborn\extracted\KA01\KA01\N15_M07_F04_KA01_14.mat,outer_race,outer_race,0.001411,0.000350,0.998118,0.000121
data\paderborn\extracted\KA01\KA01\N15_M07_F04_KA01_15.mat,outer_race,outer_race,0.000922,0.000201,0.998749,0.000128
data\paderborn\extracted\KA01\KA01\N15_M07_F04_KA01_15.mat,outer_race,outer_race,0.001532,0.000387,0.998012,0.000069
data\paderborn\extracted\KA01\KA01\N15_M07_F04_KA01_15.mat,outer_race,outer_race,0.000679,0.000372,0.998815,0.000134
data\paderborn\extracted\KA01\KA01\N15_M07_F04_KA01_15.mat,outer_race,outer_race,0.001011,0.000084,0.998844,0.000061
data\paderborn\extracted\KA01\KA01\N15_M07_F04_KA01_15.mat,outer_race,outer_race,0.001061,0.000072,0.998785,0.000082
data\paderborn\extracted\KA01\KA01\N15_M07_F04_KA01_15.mat,outer_race,outer_race,0.005355,0.001047,0.993467,0.000131
data\paderborn\extracted\KA01\KA01\N15_M07_F04_KA01_15.mat,outer_race,outer_race,0.002837,0.001564,0.995463,0.000136
data\paderborn\extracted\KA01\KA01\N15_M07_F04_KA01_15.mat,outer_race,outer_race,0.005308,0.000912,0.993651,0.000129
data\paderborn\extracted\KA01\KA01\N15_M07_F04_KA01_15.mat,outer_race,outer_race,0.001512,0.000065,0.998327,0.000097
data\paderborn\extracted\KA01\KA01\N15_M07_F04_KA01_15.mat,outer_race,outer_race,0.001173,0.000059,0.998553,0.000216
data\paderborn\extracted\KA01\KA01\N15_M07_F04_KA01_15.mat,outer_race,outer_race,0.003059,0.000615,0.995909,0.000417
data\paderborn\extracted\KA01\KA01\N15_M07_F04_KA01_15.mat,outer_race,outer_race,0.007421,0.001794,0.990534,0.000252
data\paderborn\extracted\KA01\KA01\N15_M07_F04_KA01_15.mat,outer_race,outer_race,0.005365,0.000715,0.993758,0.000162
data\paderborn\extracted\KA01\KA01\N15_M07_F04_KA01_15.mat,outer_race,outer_race,0.002610,0.000199,0.997086,0.000105
data\paderborn\extracted\KA01\KA01\N15_M07_F04_KA01_15.mat,outer_race,outer_race,0.001633,0.000131,0.998118,0.000118
data\paderborn\extracted\KA01\KA01\N15_M07_F04_KA01_15.mat,outer_race,outer_race,0.000698,0.000143,0.999005,0.000154
data\paderborn\extracted\KA01\KA01\N15_M07_F04_KA01_16.mat,outer_race,outer_race,0.003557,0.000250,0.996099,0.000094
data\paderborn\extracted\KA01\KA01\N15_M07_F04_KA01_16.mat,outer_race,outer_race,0.001074,0.000078,0.998720,0.000129
data\paderborn\extracted\KA01\KA01\N15_M07_F04_KA01_16.mat,outer_race,outer_race,0.000378,0.000079,0.999323,0.000221
data\paderborn\extracted\KA01\KA01\N15_M07_F04_KA01_16.mat,outer_race,outer_race,0.002523,0.000581,0.996723,0.000173
data\paderborn\extracted\KA01\KA01\N15_M07_F04_KA01_16.mat,outer_race,outer_race,0.005824,0.003271,0.990635,0.000270
data\paderborn\extracted\KA01\KA01\N15_M07_F04_KA01_16.mat,outer_race,outer_race,0.002453,0.000434,0.996943,0.000170
data\paderborn\extracted\KA01\KA01\N15_M07_F04_KA01_16.mat,outer_race,outer_race,0.001641,0.000201,0.998064,0.000094
data\paderborn\extracted\KA01\KA01\N15_M07_F04_KA01_16.mat,outer_race,outer_race,0.002440,0.000431,0.997019,0.000109
data\paderborn\extracted\KA01\KA01\N15_M07_F04_KA01_16.mat,outer_race,outer_race,0.003176,0.000671,0.995728,0.000426
data\paderborn\extracted\KA01\KA01\N15_M07_F04_KA01_16.mat,outer_race,outer_race,0.001382,0.000643,0.997384,0.000590
data\paderborn\extracted\KA01\KA01\N15_M07_F04_KA01_16.mat,outer_race,outer_race,0.003878,0.000198,0.995704,0.000219
data\paderborn\extracted\KA01\KA01\N15_M07_F04_KA01_16.mat,outer_race,outer_race,0.000357,0.000044,0.999484,0.000115
data\paderborn\extracted\KA01\KA01\N15_M07_F04_KA01_16.mat,outer_race,outer_race,0.000376,0.000060,0.999474,0.000090
data\paderborn\extracted\KA01\KA01\N15_M07_F04_KA01_16.mat,outer_race,outer_race,0.000529,0.000123,0.999166,0.000182
data\paderborn\extracted\KA01\KA01\N15_M07_F04_KA01_16.mat,outer_race,outer_race,0.001252,0.001450,0.996865,0.000433
data\paderborn\extracted\KA01\KA01\N15_M07_F04_KA01_16.mat,outer_race,outer_race,0.001367,0.000200,0.998331,0.000102
data\paderborn\extracted\KA01\KA01\N15_M07_F04_KA01_17.mat,outer_race,outer_race,0.001546,0.000253,0.997940,0.000261
data\paderborn\extracted\KA01\KA01\N15_M07_F04_KA01_17.mat,outer_race,outer_race,0.001116,0.000228,0.998524,0.000132
data\paderborn\extracted\KA01\KA01\N15_M07_F04_KA01_17.mat,outer_race,outer_race,0.005332,0.001308,0.993190,0.000170
data\paderborn\extracted\KA01\KA01\N15_M07_F04_KA01_17.mat,outer_race,outer_race,0.003686,0.002363,0.993797,0.000155
data\paderborn\extracted\KA01\KA01\N15_M07_F04_KA01_17.mat,outer_race,outer_race,0.001527,0.000118,0.998224,0.000131
data\paderborn\extracted\KA01\KA01\N15_M07_F04_KA01_17.mat,outer_race,outer_race,0.001741,0.000047,0.998111,0.000100
data\paderborn\extracted\KA01\KA01\N15_M07_F04_KA01_17.mat,outer_race,outer_race,0.010074,0.000805,0.988964,0.000158
data\paderborn\extracted\KA01\KA01\N15_M07_F04_KA01_17.mat,outer_race,outer_race,0.009664,0.001231,0.988826,0.000279
data\paderborn\extracted\KA01\KA01\N15_M07_F04_KA01_17.mat,outer_race,outer_race,0.001203,0.000116,0.998475,0.000206
data\paderborn\extracted\KA01\KA01\N15_M07_F04_KA01_17.mat,outer_race,outer_race,0.004212,0.000281,0.995434,0.000072
data\paderborn\extracted\KA01\KA01\N15_M07_F04_KA01_17.mat,outer_race,outer_race,0.000475,0.000058,0.999363,0.000104
data\paderborn\extracted\KA01\KA01\N15_M07_F04_KA01_17.mat,outer_race,outer_race,0.002349,0.001222,0.996293,0.000135
data\paderborn\extracted\KA01\KA01\N15_M07_F04_KA01_17.mat,outer_race,outer_race,0.000819,0.000225,0.998799,0.000157
data\paderborn\extracted\KA01\KA01\N15_M07_F04_KA01_17.mat,outer_race,outer_race,0.001184,0.000290,0.998363,0.000164
data\paderborn\extracted\KA01\KA01\N15_M07_F04_KA01_17.mat,outer_race,outer_race,0.001201,0.000238,0.998370,0.000191
data\paderborn\extracted\KA01\KA01\N15_M07_F04_KA01_17.mat,outer_race,outer_race,0.000516,0.000043,0.999344,0.000098
data\paderborn\extracted\KA01\KA01\N15_M07_F04_KA01_18.mat,outer_race,outer_race,0.001618,0.000180,0.998109,0.000092
data\paderborn\extracted\KA01\KA01\N15_M07_F04_KA01_18.mat,outer_race,outer_race,0.000352,0.000059,0.999457,0.000132
data\paderborn\extracted\KA01\KA01\N15_M07_F04_KA01_18.mat,outer_race,outer_race,0.000451,0.000064,0.999361,0.000125
data\paderborn\extracted\KA01\KA01\N15_M07_F04_KA01_18.mat,outer_race,outer_race,0.001631,0.000281,0.997990,0.000098
data\paderborn\extracted\KA01\KA01\N15_M07_F04_KA01_18.mat,outer_race,outer_race,0.002810,0.002051,0.995011,0.000128
data\paderborn\extracted\KA01\KA01\N15_M07_F04_KA01_18.mat,outer_race,outer_race,0.001956,0.001662,0.996194,0.000187
data\paderborn\extracted\KA01\KA01\N15_M07_F04_KA01_18.mat,outer_race,outer_race,0.002190,0.000121,0.997531,0.000158
data\paderborn\extracted\KA01\KA01\N15_M07_F04_KA01_18.mat,outer_race,outer_race,0.002538,0.000096,0.997273,0.000093
data\paderborn\extracted\KA01\KA01\N15_M07_F04_KA01_18.mat,outer_race,outer_race,0.000956,0.000068,0.998842,0.000135
data\paderborn\extracted\KA01\KA01\N15_M07_F04_KA01_18.mat,outer_race,outer_race,0.002335,0.000795,0.996381,0.000489
data\paderborn\extracted\KA01\KA01\N15_M07_F04_KA01_18.mat,outer_race,outer_race,0.003625,0.000650,0.995333,0.000392
data\paderborn\extracted\KA01\KA01\N15_M07_F04_KA01_18.mat,outer_race,outer_race,0.002737,0.000164,0.996834,0.000265
data\paderborn\extracted\KA01\KA01\N15_M07_F04_KA01_18.mat,outer_race,outer_race,0.001144,0.000046,0.998631,0.000178
data\paderborn\extracted\KA01\KA01\N15_M07_F04_KA01_18.mat,outer_race,outer_race,0.000809,0.000162,0.998929,0.000100
data\paderborn\extracted\KA01\KA01\N15_M07_F04_KA01_18.mat,outer_race,outer_race,0.001016,0.000528,0.998198,0.000258
data\paderborn\extracted\KA01\KA01\N15_M07_F04_KA01_18.mat,outer_race,outer_race,0.001874,0.000634,0.996946,0.000546
data\paderborn\extracted\KA01\KA01\N15_M07_F04_KA01_19.mat,outer_race,outer_race,0.003292,0.002812,0.993553,0.000343
data\paderborn\extracted\KA01\KA01\N15_M07_F04_KA01_19.mat,outer_race,outer_race,0.005432,0.002136,0.992150,0.000283
data\paderborn\extracted\KA01\KA01\N15_M07_F04_KA01_19.mat,outer_race,outer_race,0.000520,0.000055,0.999294,0.000131
data\paderborn\extracted\KA01\KA01\N15_M07_F04_KA01_19.mat,outer_race,outer_race,0.000301,0.000127,0.999416,0.000155
data\paderborn\extracted\KA01\KA01\N15_M07_F04_KA01_19.mat,outer_race,outer_race,0.000432,0.000179,0.999307,0.000082
data\paderborn\extracted\KA01\KA01\N15_M07_F04_KA01_19.mat,outer_race,outer_race,0.000857,0.000390,0.998628,0.000126
data\paderborn\extracted\KA01\KA01\N15_M07_F04_KA01_19.mat,outer_race,outer_race,0.002092,0.000827,0.996883,0.000199
data\paderborn\extracted\KA01\KA01\N15_M07_F04_KA01_19.mat,outer_race,outer_race,0.001735,0.000070,0.998104,0.000092
data\paderborn\extracted\KA01\KA01\N15_M07_F04_KA01_19.mat,outer_race,outer_race,0.000787,0.000097,0.998970,0.000147
data\paderborn\extracted\KA01\KA01\N15_M07_F04_KA01_19.mat,outer_race,outer_race,0.000912,0.000245,0.998694,0.000149
data\paderborn\extracted\KA01\KA01\N15_M07_F04_KA01_19.mat,outer_race,outer_race,0.000996,0.000378,0.998424,0.000203
data\paderborn\extracted\KA01\KA01\N15_M07_F04_KA01_19.mat,outer_race,outer_race,0.001984,0.000511,0.997331,0.000174
data\paderborn\extracted\KA01\KA01\N15_M07_F04_KA01_19.mat,outer_race,outer_race,0.001623,0.000226,0.998037,0.000115
data\paderborn\extracted\KA01\KA01\N15_M07_F04_KA01_19.mat,outer_race,outer_race,0.001102,0.000159,0.998656,0.000083
data\paderborn\extracted\KA01\KA01\N15_M07_F04_KA01_19.mat,outer_race,outer_race,0.001128,0.000118,0.998602,0.000152
data\paderborn\extracted\KA01\KA01\N15_M07_F04_KA01_19.mat,outer_race,outer_race,0.003723,0.000723,0.995236,0.000318
data\paderborn\extracted\KA01\KA01\N15_M07_F04_KA01_2.mat,outer_race,outer_race,0.000487,0.000095,0.999182,0.000236
data\paderborn\extracted\KA01\KA01\N15_M07_F04_KA01_2.mat,outer_race,outer_race,0.001940,0.000224,0.997637,0.000199
data\paderborn\extracted\KA01\KA01\N15_M07_F04_KA01_2.mat,outer_race,outer_race,0.001303,0.000292,0.998265,0.000140
data\paderborn\extracted\KA01\KA01\N15_M07_F04_KA01_2.mat,outer_race,outer_race,0.000362,0.000059,0.999463,0.000116
data\paderborn\extracted\KA01\KA01\N15_M07_F04_KA01_2.mat,outer_race,outer_race,0.000467,0.000172,0.999229,0.000131
data\paderborn\extracted\KA01\KA01\N15_M07_F04_KA01_2.mat,outer_race,outer_race,0.001624,0.000212,0.997825,0.000340
data\paderborn\extracted\KA01\KA01\N15_M07_F04_KA01_2.mat,outer_race,outer_race,0.000694,0.000069,0.998975,0.000262
data\paderborn\extracted\KA01\KA01\N15_M07_F04_KA01_2.mat,outer_race,outer_race,0.000160,0.000031,0.999609,0.000201
data\paderborn\extracted\KA01\KA01\N15_M07_F04_KA01_2.mat,outer_race,outer_race,0.000510,0.000034,0.999322,0.000135
data\paderborn\extracted\KA01\KA01\N15_M07_F04_KA01_2.mat,outer_race,outer_race,0.000866,0.000147,0.998730,0.000257
data\paderborn\extracted\KA01\KA01\N15_M07_F04_KA01_2.mat,outer_race,outer_race,0.001853,0.000315,0.997159,0.000673
data\paderborn\extracted\KA01\KA01\N15_M07_F04_KA01_2.mat,outer_race,outer_race,0.002289,0.000444,0.997013,0.000254
data\paderborn\extracted\KA01\KA01\N15_M07_F04_KA01_2.mat,outer_race,outer_race,0.000801,0.000117,0.998913,0.000168
data\paderborn\extracted\KA01\KA01\N15_M07_F04_KA01_2.mat,outer_race,outer_race,0.000413,0.000030,0.999438,0.000118
data\paderborn\extracted\KA01\KA01\N15_M07_F04_KA01_2.mat,outer_race,outer_race,0.001291,0.000021,0.998570,0.000118
data\paderborn\extracted\KA01\KA01\N15_M07_F04_KA01_2.mat,outer_race,outer_race,0.002486,0.000124,0.997228,0.000162
data\paderborn\extracted\KA01\KA01\N15_M07_F04_KA01_20.mat,outer_race,outer_race,0.000811,0.000245,0.998807,0.000137
data\paderborn\extracted\KA01\KA01\N15_M07_F04_KA01_20.mat,outer_race,outer_race,0.003448,0.002533,0.993691,0.000328
data\paderborn\extracted\KA01\KA01\N15_M07_F04_KA01_20.mat,outer_race,outer_race,0.001367,0.000565,0.997899,0.000168
data\paderborn\extracted\KA01\KA01\N15_M07_F04_KA01_20.mat,outer_race,outer_race,0.001823,0.000046,0.997997,0.000134
data\paderborn\extracted\KA01\KA01\N15_M07_F04_KA01_20.mat,outer_race,outer_race,0.002761,0.000164,0.996876,0.000200
data\paderborn\extracted\KA01\KA01\N15_M07_F04_KA01_20.mat,outer_race,outer_race,0.001484,0.000152,0.998140,0.000224
data\paderborn\extracted\KA01\KA01\N15_M07_F04_KA01_20.mat,outer_race,outer_race,0.003033,0.002396,0.994175,0.000396
data\paderborn\extracted\KA01\KA01\N15_M07_F04_KA01_20.mat,outer_race,outer_race,0.004753,0.000903,0.994122,0.000221
data\paderborn\extracted\KA01\KA01\N15_M07_F04_KA01_20.mat,outer_race,outer_race,0.000963,0.000125,0.998751,0.000160
data\paderborn\extracted\KA01\KA01\N15_M07_F04_KA01_20.mat,outer_race,outer_race,0.002016,0.000322,0.997513,0.000149
data\paderborn\extracted\KA01\KA01\N15_M07_F04_KA01_20.mat,outer_race,outer_race,0.000629,0.000566,0.998220,0.000586
data\paderborn\extracted\KA01\KA01\N15_M07_F04_KA01_20.mat,outer_race,outer_race,0.001329,0.000294,0.998210,0.000167
data\paderborn\extracted\KA01\KA01\N15_M07_F04_KA01_20.mat,outer_race,outer_race,0.002350,0.000716,0.996794,0.000140
data\paderborn\extracted\KA01\KA01\N15_M07_F04_KA01_20.mat,outer_race,outer_race,0.001328,0.000355,0.998059,0.000258
data\paderborn\extracted\KA01\KA01\N15_M07_F04_KA01_20.mat,outer_race,outer_race,0.000229,0.000073,0.999566,0.000132
data\paderborn\extracted\KA01\KA01\N15_M07_F04_KA01_20.mat,outer_race,outer_race,0.000518,0.000190,0.999163,0.000128
data\paderborn\extracted\KA01\KA01\N15_M07_F04_KA01_3.mat,outer_race,outer_race,0.001392,0.000222,0.998261,0.000125
data\paderborn\extracted\KA01\KA01\N15_M07_F04_KA01_3.mat,outer_race,outer_race,0.000563,0.000154,0.999104,0.000179
data\paderborn\extracted\KA01\KA01\N15_M07_F04_KA01_3.mat,outer_race,outer_race,0.001058,0.000087,0.998725,0.000130
data\paderborn\extracted\KA01\KA01\N15_M07_F04_KA01_3.mat,outer_race,outer_race,0.000659,0.000052,0.999167,0.000122
data\paderborn\extracted\KA01\KA01\N15_M07_F04_KA01_3.mat,outer_race,outer_race,0.000764,0.000315,0.998715,0.000206
data\paderborn\extracted\KA01\KA01\N15_M07_F04_KA01_3.mat,outer_race,outer_race,0.003204,0.001125,0.995366,0.000305
data\paderborn\extracted\KA01\KA01\N15_M07_F04_KA01_3.mat,outer_race,outer_race,0.001264,0.000538,0.997973,0.000226
data\paderborn\extracted\KA01\KA01\N15_M07_F04_KA01_3.mat,outer_race,outer_race,0.001213,0.000201,0.998476,0.000110
data\paderborn\extracted\KA01\KA01\N15_M07_F04_KA01_3.mat,outer_race,outer_race,0.001027,0.000034,0.998800,0.000138
data\paderborn\extracted\KA01\KA01\N15_M07_F04_KA01_3.mat,outer_race,outer_race,0.001756,0.000129,0.997938,0.000178
data\paderborn\extracted\KA01\KA01\N15_M07_F04_KA01_3.mat,outer_race,outer_race,0.006503,0.000397,0.993015,0.000085
data\paderborn\extracted\KA01\KA01\N15_M07_F04_KA01_3.mat,outer_race,outer_race,0.002917,0.001085,0.995814,0.000184
data\paderborn\extracted\KA01\KA01\N15_M07_F04_KA01_3.mat,outer_race,outer_race,0.006679,0.000119,0.993095,0.000107
data\paderborn\extracted\KA01\KA01\N15_M07_F04_KA01_3.mat,outer_race,outer_race,0.004801,0.001119,0.993980,0.000099
data\paderborn\extracted\KA01\KA01\N15_M07_F04_KA01_3.mat,outer_race,outer_race,0.000634,0.000103,0.999150,0.000113
data\paderborn\extracted\KA01\KA01\N15_M07_F04_KA01_3.mat,outer_race,outer_race,0.008300,0.000656,0.990764,0.000280
data\paderborn\extracted\KA01\KA01\N15_M07_F04_KA01_4.mat,outer_race,outer_race,0.000390,0.000297,0.999067,0.000246
data\paderborn\extracted\KA01\KA01\N15_M07_F04_KA01_4.mat,outer_race,outer_race,0.001058,0.000215,0.998570,0.000157
data\paderborn\extracted\KA01\KA01\N15_M07_F04_KA01_4.mat,outer_race,outer_race,0.000984,0.000226,0.998682,0.000108
data\paderborn\extracted\KA01\KA01\N15_M07_F04_KA01_4.mat,outer_race,outer_race,0.000426,0.000146,0.999289,0.000140
data\paderborn\extracted\KA01\KA01\N15_M07_F04_KA01_4.mat,outer_race,outer_race,0.000762,0.000566,0.998486,0.000186
data\paderborn\extracted\KA01\KA01\N15_M07_F04_KA01_4.mat,outer_race,outer_race,0.001464,0.000661,0.997670,0.000204
data\paderborn\extracted\KA01\KA01\N15_M07_F04_KA01_4.mat,outer_race,outer_race,0.002486,0.001488,0.995885,0.000141
data\paderborn\extracted\KA01\KA01\N15_M07_F04_KA01_4.mat,outer_race,outer_race,0.000767,0.000106,0.999044,0.000083
data\paderborn\extracted\KA01\KA01\N15_M07_F04_KA01_4.mat,outer_race,outer_race,0.001208,0.000126,0.998581,0.000084
data\paderborn\extracted\KA01\KA01\N15_M07_F04_KA01_4.mat,outer_race,outer_race,0.001083,0.000137,0.998541,0.000239
data\paderborn\extracted\KA01\KA01\N15_M07_F04_KA01_4.mat,outer_race,outer_race,0.001196,0.000441,0.997836,0.000528
data\paderborn\extracted\KA01\KA01\N15_M07_F04_KA01_4.mat,outer_race,outer_race,0.002163,0.001040,0.996543,0.000254
data\paderborn\extracted\KA01\KA01\N15_M07_F04_KA01_4.mat,outer_race,outer_race,0.001687,0.000206,0.998023,0.000084
data\paderborn\extracted\KA01\KA01\N15_M07_F04_KA01_4.mat,outer_race,outer_race,0.003293,0.000129,0.996493,0.000084
data\paderborn\extracted\KA01\KA01\N15_M07_F04_KA01_4.mat,outer_race,outer_race,0.001961,0.000219,0.997732,0.000088
data\paderborn\extracted\KA01\KA01\N15_M07_F04_KA01_4.mat,outer_race,outer_race,0.002324,0.000441,0.997126,0.000108
data\paderborn\extracted\KA01\KA01\N15_M07_F04_KA01_5.mat,outer_race,outer_race,0.000858,0.000175,0.998765,0.000202
data\paderborn\extracted\KA01\KA01\N15_M07_F04_KA01_5.mat,outer_race,outer_race,0.000906,0.000100,0.998888,0.000106
data\paderborn\extracted\KA01\KA01\N15_M07_F04_KA01_5.mat,outer_race,outer_race,0.000984,0.000080,0.998782,0.000154
data\paderborn\extracted\KA01\KA01\N15_M07_F04_KA01_5.mat,outer_race,outer_race,0.000398,0.000115,0.999153,0.000334
data\paderborn\extracted\KA01\KA01\N15_M07_F04_KA01_5.mat,outer_race,outer_race,0.001631,0.000525,0.997566,0.000278
data\paderborn\extracted\KA01\KA01\N15_M07_F04_KA01_5.mat,outer_race,outer_race,0.001230,0.000223,0.998349,0.000198
data\paderborn\extracted\KA01\KA01\N15_M07_F04_KA01_5.mat,outer_race,outer_race,0.000673,0.000190,0.998953,0.000183
data\paderborn\extracted\KA01\KA01\N15_M07_F04_KA01_5.mat,outer_race,outer_race,0.002022,0.000156,0.997733,0.000089
data\paderborn\extracted\KA01\KA01\N15_M07_F04_KA01_5.mat,outer_race,outer_race,0.002283,0.000291,0.997244,0.000181
data\paderborn\extracted\KA01\KA01\N15_M07_F04_KA01_5.mat,outer_race,outer_race,0.001333,0.000437,0.998039,0.000191
data\paderborn\extracted\KA01\KA01\N15_M07_F04_KA01_5.mat,outer_race,outer_race,0.001940,0.001221,0.996642,0.000197
data\paderborn\extracted\KA01\KA01\N15_M07_F04_KA01_5.mat,outer_race,outer_race,0.005937,0.000264,0.993727,0.000072
data\paderborn\extracted\KA01\KA01\N15_M07_F04_KA01_5.mat,outer_race,outer_race,0.002273,0.000209,0.997450,0.000068
data\paderborn\extracted\KA01\KA01\N15_M07_F04_KA01_5.mat,outer_race,outer_race,0.000858,0.000170,0.998829,0.000144
data\paderborn\extracted\KA01\KA01\N15_M07_F04_KA01_5.mat,outer_race,outer_race,0.000429,0.000266,0.999154,0.000151
data\paderborn\extracted\KA01\KA01\N15_M07_F04_KA01_5.mat,outer_race,outer_race,0.004815,0.002576,0.992269,0.000339
data\paderborn\extracted\KA01\KA01\N15_M07_F04_KA01_6.mat,outer_race,outer_race,0.001496,0.000353,0.998002,0.000148
data\paderborn\extracted\KA01\KA01\N15_M07_F04_KA01_6.mat,outer_race,outer_race,0.001786,0.001031,0.996943,0.000240
data\paderborn\extracted\KA01\KA01\N15_M07_F04_KA01_6.mat,outer_race,outer_race,0.002383,0.000214,0.997288,0.000115
data\paderborn\extracted\KA01\KA01\N15_M07_F04_KA01_6.mat,outer_race,outer_race,0.001591,0.000094,0.998214,0.000101
data\paderborn\extracted\KA01\KA01\N15_M07_F04_KA01_6.mat,outer_race,outer_race,0.001667,0.000040,0.998137,0.000156
data\paderborn\extracted\KA01\KA01\N15_M07_F04_KA01_6.mat,outer_race,outer_race,0.003060,0.000540,0.996263,0.000137
data\paderborn\extracted\KA01\KA01\N15_M07_F04_KA01_6.mat,outer_race,outer_race,0.019659,0.003847,0.976329,0.000166
data\paderborn\extracted\KA01\KA01\N15_M07_F04_KA01_6.mat,outer_race,outer_race,0.017298,0.000911,0.981649,0.000142
data\paderborn\extracted\KA01\KA01\N15_M07_F04_KA01_6.mat,outer_race,outer_race,0.004269,0.000292,0.995346,0.000093
data\paderborn\extracted\KA01\KA01\N15_M07_F04_KA01_6.mat,outer_race,outer_race,0.001916,0.000380,0.997629,0.000076
data\paderborn\extracted\KA01\KA01\N15_M07_F04_KA01_6.mat,outer_race,outer_race,0.000904,0.000106,0.998900,0.000089
data\paderborn\extracted\KA01\KA01\N15_M07_F04_KA01_6.mat,outer_race,outer_race,0.003900,0.000504,0.995429,0.000167
data\paderborn\extracted\KA01\KA01\N15_M07_F04_KA01_6.mat,outer_race,outer_race,0.004445,0.000886,0.994458,0.000212
data\paderborn\extracted\KA01\KA01\N15_M07_F04_KA01_6.mat,outer_race,outer_race,0.000740,0.000080,0.999065,0.000115
data\paderborn\extracted\KA01\KA01\N15_M07_F04_KA01_6.mat,outer_race,outer_race,0.000392,0.000104,0.999385,0.000118
data\paderborn\extracted\KA01\KA01\N15_M07_F04_KA01_6.mat,outer_race,outer_race,0.000387,0.000211,0.999263,0.000138
data\paderborn\extracted\KA01\KA01\N15_M07_F04_KA01_7.mat,outer_race,outer_race,0.001664,0.000589,0.997470,0.000276
data\paderborn\extracted\KA01\KA01\N15_M07_F04_KA01_7.mat,outer_race,outer_race,0.002220,0.001504,0.996016,0.000260
data\paderborn\extracted\KA01\KA01\N15_M07_F04_KA01_7.mat,outer_race,outer_race,0.000965,0.000120,0.998841,0.000073
data\paderborn\extracted\KA01\KA01\N15_M07_F04_KA01_7.mat,outer_race,outer_race,0.001066,0.000043,0.998791,0.000100
data\paderborn\extracted\KA01\KA01\N15_M07_F04_KA01_7.mat,outer_race,outer_race,0.003017,0.000097,0.996733,0.000153
data\paderborn\extracted\KA01\KA01\N15_M07_F04_KA01_7.mat,outer_race,outer_race,0.005470,0.001525,0.992829,0.000177
data\paderborn\extracted\KA01\KA01\N15_M07_F04_KA01_7.mat,outer_race,outer_race,0.004095,0.000371,0.995363,0.000171
data\paderborn\extracted\KA01\KA01\N15_M07_F04_KA01_7.mat,outer_race,outer_race,0.004830,0.000706,0.994321,0.000143
data\paderborn\extracted\KA01\KA01\N15_M07_F04_KA01_7.mat,outer_race,outer_race,0.001133,0.000063,0.998713,0.000091
data\paderborn\extracted\KA01\KA01\N15_M07_F04_KA01_7.mat,outer_race,outer_race,0.001249,0.000192,0.998425,0.000134
data\paderborn\extracted\KA01\KA01\N15_M07_F04_KA01_7.mat,outer_race,outer_race,0.002299,0.000579,0.996961,0.000161
data\paderborn\extracted\KA01\KA01\N15_M07_F04_KA01_7.mat,outer_race,outer_race,0.001399,0.000543,0.997901,0.000158
data\paderborn\extracted\KA01\KA01\N15_M07_F04_KA01_7.mat,outer_race,outer_race,0.001631,0.000163,0.998113,0.000093
data\paderborn\extracted\KA01\KA01\N15_M07_F04_KA01_7.mat,outer_race,outer_race,0.000618,0.000052,0.999238,0.000091
data\paderborn\extracted\KA01\KA01\N15_M07_F04_KA01_7.mat,outer_race,outer_race,0.000811,0.000199,0.998894,0.000097
data\paderborn\extracted\KA01\KA01\N15_M07_F04_KA01_7.mat,outer_race,outer_race,0.000326,0.000318,0.999159,0.000197
data\paderborn\extracted\KA01\KA01\N15_M07_F04_KA01_8.mat,outer_race,outer_race,0.002368,0.000619,0.996784,0.000229
data\paderborn\extracted\KA01\KA01\N15_M07_F04_KA01_8.mat,outer_race,outer_race,0.008880,0.002073,0.988931,0.000116
data\paderborn\extracted\KA01\KA01\N15_M07_F04_KA01_8.mat,outer_race,outer_race,0.005304,0.000655,0.993840,0.000200
data\paderborn\extracted\KA01\KA01\N15_M07_F04_KA01_8.mat,outer_race,outer_race,0.005799,0.002407,0.991501,0.000293
data\paderborn\extracted\KA01\KA01\N15_M07_F04_KA01_8.mat,outer_race,outer_race,0.000886,0.000140,0.998855,0.000119
data\paderborn\extracted\KA01\KA01\N15_M07_F04_KA01_8.mat,outer_race,outer_race,0.000874,0.000498,0.998539,0.000088
data\paderborn\extracted\KA01\KA01\N15_M07_F04_KA01_8.mat,outer_race,outer_race,0.001038,0.000208,0.998661,0.000092
data\paderborn\extracted\KA01\KA01\N15_M07_F04_KA01_8.mat,outer_race,outer_race,0.001967,0.000975,0.996918,0.000141
data\paderborn\extracted\KA01\KA01\N15_M07_F04_KA01_8.mat,outer_race,outer_race,0.000992,0.000250,0.998611,0.000146
data\paderborn\extracted\KA01\KA01\N15_M07_F04_KA01_8.mat,outer_race,outer_race,0.000370,0.000045,0.999429,0.000156
data\paderborn\extracted\KA01\KA01\N15_M07_F04_KA01_8.mat,outer_race,outer_race,0.000251,0.000046,0.999505,0.000198
data\paderborn\extracted\KA01\KA01\N15_M07_F04_KA01_8.mat,outer_race,outer_race,0.000920,0.000193,0.998715,0.000172
data\paderborn\extracted\KA01\KA01\N15_M07_F04_KA01_8.mat,outer_race,outer_race,0.000498,0.000197,0.999113,0.000192
data\paderborn\extracted\KA01\KA01\N15_M07_F04_KA01_8.mat,outer_race,outer_race,0.000469,0.000138,0.999274,0.000119
data\paderborn\extracted\KA01\KA01\N15_M07_F04_KA01_8.mat,outer_race,outer_race,0.001229,0.000082,0.998580,0.000108
data\paderborn\extracted\KA01\KA01\N15_M07_F04_KA01_8.mat,outer_race,outer_race,0.001847,0.000160,0.997812,0.000181
data\paderborn\extracted\KA01\KA01\N15_M07_F04_KA01_9.mat,outer_race,outer_race,0.002660,0.000645,0.996321,0.000374
data\paderborn\extracted\KA01\KA01\N15_M07_F04_KA01_9.mat,outer_race,outer_race,0.004178,0.000818,0.994801,0.000202
data\paderborn\extracted\KA01\KA01\N15_M07_F04_KA01_9.mat,outer_race,outer_race,0.001453,0.000194,0.998194,0.000159
data\paderborn\extracted\KA01\KA01\N15_M07_F04_KA01_9.mat,outer_race,outer_race,0.003486,0.000099,0.996279,0.000136
data\paderborn\extracted\KA01\KA01\N15_M07_F04_KA01_9.mat,outer_race,outer_race,0.002289,0.000144,0.997390,0.000176
data\paderborn\extracted\KA01\KA01\N15_M07_F04_KA01_9.mat,outer_race,outer_race,0.009199,0.004383,0.985652,0.000766
data\paderborn\extracted\KA01\KA01\N15_M07_F04_KA01_9.mat,outer_race,outer_race,0.003335,0.000283,0.996216,0.000167
data\paderborn\extracted\KA01\KA01\N15_M07_F04_KA01_9.mat,outer_race,outer_race,0.000800,0.000139,0.998952,0.000108
data\paderborn\extracted\KA01\KA01\N15_M07_F04_KA01_9.mat,outer_race,outer_race,0.000395,0.000092,0.999419,0.000094
data\paderborn\extracted\KA01\KA01\N15_M07_F04_KA01_9.mat,outer_race,outer_race,0.001769,0.000263,0.997865,0.000103
data\paderborn\extracted\KA01\KA01\N15_M07_F04_KA01_9.mat,outer_race,outer_race,0.001458,0.000558,0.997762,0.000223
data\paderborn\extracted\KA01\KA01\N15_M07_F04_KA01_9.mat,outer_race,outer_race,0.000422,0.000393,0.998941,0.000244
data\paderborn\extracted\KA01\KA01\N15_M07_F04_KA01_9.mat,outer_race,outer_race,0.000486,0.000140,0.999230,0.000144
data\paderborn\extracted\KA01\KA01\N15_M07_F04_KA01_9.mat,outer_race,outer_race,0.000493,0.000126,0.999269,0.000112
data\paderborn\extracted\KA01\KA01\N15_M07_F04_KA01_9.mat,outer_race,outer_race,0.000212,0.000092,0.999581,0.000115
data\paderborn\extracted\KA01\KA01\N15_M07_F04_KA01_9.mat,outer_race,outer_race,0.000690,0.000473,0.998662,0.000176
data\paderborn\extracted\KA01\KA01\N15_M07_F10_KA01_1.mat,outer_race,outer_race,0.000986,0.000002,0.998145,0.000867
data\paderborn\extracted\KA01\KA01\N15_M07_F10_KA01_1.mat,outer_race,outer_race,0.002094,0.000003,0.997109,0.000794
data\paderborn\extracted\KA01\KA01\N15_M07_F10_KA01_1.mat,outer_race,outer_race,0.000917,0.000002,0.997776,0.001305
data\paderborn\extracted\KA01\KA01\N15_M07_F10_KA01_1.mat,outer_race,outer_race,0.000990,0.000003,0.997993,0.001015
data\paderborn\extracted\KA01\KA01\N15_M07_F10_KA01_1.mat,outer_race,outer_race,0.000972,0.000002,0.998001,0.001025
data\paderborn\extracted\KA01\KA01\N15_M07_F10_KA01_1.mat,outer_race,outer_race,0.001012,0.000004,0.997620,0.001364
data\paderborn\extracted\KA01\KA01\N15_M07_F10_KA01_1.mat,outer_race,outer_race,0.000807,0.000004,0.997238,0.001951
data\paderborn\extracted\KA01\KA01\N15_M07_F10_KA01_1.mat,outer_race,outer_race,0.000713,0.000004,0.997896,0.001386
data\paderborn\extracted\KA01\KA01\N15_M07_F10_KA01_1.mat,outer_race,outer_race,0.000579,0.000003,0.998279,0.001139
data\paderborn\extracted\KA01\KA01\N15_M07_F10_KA01_1.mat,outer_race,outer_race,0.000772,0.000006,0.997923,0.001299
data\paderborn\extracted\KA01\KA01\N15_M07_F10_KA01_1.mat,outer_race,outer_race,0.000569,0.000003,0.998254,0.001174
data\paderborn\extracted\KA01\KA01\N15_M07_F10_KA01_1.mat,outer_race,outer_race,0.000899,0.000003,0.997624,0.001474
data\paderborn\extracted\KA01\KA01\N15_M07_F10_KA01_1.mat,outer_race,outer_race,0.001166,0.000006,0.996605,0.002223
data\paderborn\extracted\KA01\KA01\N15_M07_F10_KA01_1.mat,outer_race,outer_race,0.001219,0.000004,0.997603,0.001173
data\paderborn\extracted\KA01\KA01\N15_M07_F10_KA01_1.mat,outer_race,outer_race,0.000956,0.000003,0.997720,0.001321
data\paderborn\extracted\KA01\KA01\N15_M07_F10_KA01_1.mat,outer_race,outer_race,0.000908,0.000004,0.997758,0.001330
data\paderborn\extracted\KA01\KA01\N15_M07_F10_KA01_10.mat,outer_race,outer_race,0.001170,0.000003,0.997837,0.000990
data\paderborn\extracted\KA01\KA01\N15_M07_F10_KA01_10.mat,outer_race,outer_race,0.001104,0.000003,0.997810,0.001083
data\paderborn\extracted\KA01\KA01\N15_M07_F10_KA01_10.mat,outer_race,outer_race,0.000819,0.000002,0.998330,0.000849
data\paderborn\extracted\KA01\KA01\N15_M07_F10_KA01_10.mat,outer_race,outer_race,0.001432,0.000004,0.997351,0.001213
data\paderborn\extracted\KA01\KA01\N15_M07_F10_KA01_10.mat,outer_race,outer_race,0.001775,0.000004,0.997443,0.000779
data\paderborn\extracted\KA01\KA01\N15_M07_F10_KA01_10.mat,outer_race,outer_race,0.000911,0.000003,0.998131,0.000955
data\paderborn\extracted\KA01\KA01\N15_M07_F10_KA01_10.mat,outer_race,outer_race,0.000396,0.000002,0.998920,0.000682
data\paderborn\extracted\KA01\KA01\N15_M07_F10_KA01_10.mat,outer_race,outer_race,0.000576,0.000003,0.998753,0.000668
data\paderborn\extracted\KA01\KA01\N15_M07_F10_KA01_10.mat,outer_race,outer_race,0.000417,0.000003,0.997899,0.001682
data\paderborn\extracted\KA01\KA01\N15_M07_F10_KA01_10.mat,outer_race,outer_race,0.001539,0.000003,0.997235,0.001223
data\paderborn\extracted\KA01\KA01\N15_M07_F10_KA01_10.mat,outer_race,outer_race,0.000483,0.000002,0.997799,0.001716
data\paderborn\extracted\KA01\KA01\N15_M07_F10_KA01_10.mat,outer_race,outer_race,0.000798,0.000003,0.998156,0.001043
data\paderborn\extracted\KA01\KA01\N15_M07_F10_KA01_10.mat,outer_race,outer_race,0.000603,0.000003,0.998200,0.001194
data\paderborn\extracted\KA01\KA01\N15_M07_F10_KA01_10.mat,outer_race,outer_race,0.000754,0.000004,0.998489,0.000753
data\paderborn\extracted\KA01\KA01\N15_M07_F10_KA01_10.mat,outer_race,outer_race,0.000751,0.000003,0.998428,0.000818
data\paderborn\extracted\KA01\KA01\N15_M07_F10_KA01_10.mat,outer_race,outer_race,0.000619,0.000003,0.998287,0.001091
data\paderborn\extracted\KA01\KA01\N15_M07_F10_KA01_11.mat,outer_race,outer_race,0.000699,0.000004,0.998295,0.001003
data\paderborn\extracted\KA01\KA01\N15_M07_F10_KA01_11.mat,outer_race,outer_race,0.000674,0.000005,0.998386,0.000935
data\paderborn\extracted\KA01\KA01\N15_M07_F10_KA01_11.mat,outer_race,outer_race,0.000816,0.000003,0.997163,0.002018
data\paderborn\extracted\KA01\KA01\N15_M07_F10_KA01_11.mat,outer_race,outer_race,0.000966,0.000003,0.997582,0.001450
data\paderborn\extracted\KA01\KA01\N15_M07_F10_KA01_11.mat,outer_race,outer_race,0.001131,0.000003,0.997284,0.001582
data\paderborn\extracted\KA01\KA01\N15_M07_F10_KA01_11.mat,outer_race,outer_race,0.001154,0.000003,0.997621,0.001222
data\paderborn\extracted\KA01\KA01\N15_M07_F10_KA01_11.mat,outer_race,outer_race,0.000736,0.000004,0.996997,0.002263
data\paderborn\extracted\KA01\KA01\N15_M07_F10_KA01_11.mat,outer_race,outer_race,0.001271,0.000003,0.997425,0.001301
data\paderborn\extracted\KA01\KA01\N15_M07_F10_KA01_11.mat,outer_race,outer_race,0.001078,0.000002,0.997983,0.000937
data\paderborn\extracted\KA01\KA01\N15_M07_F10_KA01_11.mat,outer_race,outer_race,0.000859,0.000002,0.998161,0.000977
data\paderborn\extracted\KA01\KA01\N15_M07_F10_KA01_11.mat,outer_race,outer_race,0.001438,0.000003,0.997893,0.000665
data\paderborn\extracted\KA01\KA01\N15_M07_F10_KA01_11.mat,outer_race,outer_race,0.000826,0.000003,0.997822,0.001349
data\paderborn\extracted\KA01\KA01\N15_M07_F10_KA01_11.mat,outer_race,outer_race,0.001033,0.000003,0.998006,0.000958
data\paderborn\extracted\KA01\KA01\N15_M07_F10_KA01_11.mat,outer_race,outer_race,0.000668,0.000003,0.998130,0.001199
data\paderborn\extracted\KA01\KA01\N15_M07_F10_KA01_11.mat,outer_race,outer_race,0.000799,0.000003,0.998252,0.000946
data\paderborn\extracted\KA01\KA01\N15_M07_F10_KA01_11.mat,outer_race,outer_race,0.000512,0.000004,0.998554,0.000931
data\paderborn\extracted\KA01\KA01\N15_M07_F10_KA01_12.mat,outer_race,outer_race,0.000881,0.000003,0.997675,0.001441
data\paderborn\extracted\KA01\KA01\N15_M07_F10_KA01_12.mat,outer_race,outer_race,0.001683,0.000004,0.997041,0.001272
data\paderborn\extracted\KA01\KA01\N15_M07_F10_KA01_12.mat,outer_race,outer_race,0.000430,0.000004,0.997868,0.001698
data\paderborn\extracted\KA01\KA01\N15_M07_F10_KA01_12.mat,outer_race,outer_race,0.000627,0.000004,0.998439,0.000929
data\paderborn\extracted\KA01\KA01\N15_M07_F10_KA01_12.mat,outer_race,outer_race,0.000794,0.000002,0.998253,0.000951
data\paderborn\extracted\KA01\KA01\N15_M07_F10_KA01_12.mat,outer_race,outer_race,0.001076,0.000003,0.997866,0.001056
data\paderborn\extracted\KA01\KA01\N15_M07_F10_KA01_12.mat,outer_race,outer_race,0.000796,0.000003,0.997766,0.001435
data\paderborn\extracted\KA01\KA01\N15_M07_F10_KA01_12.mat,outer_race,outer_race,0.001358,0.000004,0.997780,0.000857
data\paderborn\extracted\KA01\KA01\N15_M07_F10_KA01_12.mat,outer_race,outer_race,0.000961,0.000003,0.997814,0.001223
data\paderborn\extracted\KA01\KA01\N15_M07_F10_KA01_12.mat,outer_race,outer_race,0.000780,0.000004,0.998120,0.001096
data\paderborn\extracted\KA01\KA01\N15_M07_F10_KA01_12.mat,outer_race,outer_race,0.000557,0.000003,0.997986,0.001453
data\paderborn\extracted\KA01\KA01\N15_M07_F10_KA01_12.mat,outer_race,outer_race,0.001099,0.000002,0.998014,0.000886
data\paderborn\extracted\KA01\KA01\N15_M07_F10_KA01_12.mat,outer_race,outer_race,0.001825,0.000003,0.997039,0.001133
data\paderborn\extracted\KA01\KA01\N15_M07_F10_KA01_12.mat,outer_race,outer_race,0.002077,0.000004,0.995868,0.002050
data\paderborn\extracted\KA01\KA01\N15_M07_F10_KA01_12.mat,outer_race,outer_race,0.001306,0.000003,0.997905,0.000786
data\paderborn\extracted\KA01\KA01\N15_M07_F10_KA01_12.mat,outer_race,outer_race,0.000510,0.000003,0.998405,0.001081
data\paderborn\extracted\KA01\KA01\N15_M07_F10_KA01_13.mat,outer_race,outer_race,0.001484,0.000005,0.997001,0.001510
data\paderborn\extracted\KA01\KA01\N15_M07_F10_KA01_13.mat,outer_race,outer_race,0.000741,0.000003,0.998324,0.000933
data\paderborn\extracted\KA01\KA01\N15_M07_F10_KA01_13.mat,outer_race,outer_race,0.000827,0.000002,0.998377,0.000794
data\paderborn\extracted\KA01\KA01\N15_M07_F10_KA01_13.mat,outer_race,outer_race,0.000841,0.000003,0.998146,0.001010
data\paderborn\extracted\KA01\KA01\N15_M07_F10_KA01_13.mat,outer_race,outer_race,0.001015,0.000003,0.998105,0.000877
data\paderborn\extracted\KA01\KA01\N15_M07_F10_KA01_13.mat,outer_race,outer_race,0.001581,0.000002,0.997627,0.000790
data\paderborn\extracted\KA01\KA01\N15_M07_F10_KA01_13.mat,outer_race,outer_race,0.000979,0.000004,0.998306,0.000711
data\paderborn\extracted\KA01\KA01\N15_M07_F10_KA01_13.mat,outer_race,outer_race,0.000771,0.000004,0.998195,0.001030
data\paderborn\extracted\KA01\KA01\N15_M07_F10_KA01_13.mat,outer_race,outer_race,0.000569,0.000004,0.998917,0.000510
data\paderborn\extracted\KA01\KA01\N15_M07_F10_KA01_13.mat,outer_race,outer_race,0.000893,0.000003,0.998477,0.000628
data\paderborn\extracted\KA01\KA01\N15_M07_F10_KA01_13.mat,outer_race,outer_race,0.001139,0.000003,0.997956,0.000903
data\paderborn\extracted\KA01\KA01\N15_M07_F10_KA01_13.mat,outer_race,outer_race,0.001465,0.000003,0.997519,0.001013
data\paderborn\extracted\KA01\KA01\N15_M07_F10_KA01_13.mat,outer_race,outer_race,0.001414,0.000004,0.997518,0.001063
data\paderborn\extracted\KA01\KA01\N15_M07_F10_KA01_13.mat,outer_race,outer_race,0.000864,0.000003,0.998263,0.000869
data\paderborn\extracted\KA01\KA01\N15_M07_F10_KA01_13.mat,outer_race,outer_race,0.001092,0.000005,0.997298,0.001606
data\paderborn\extracted\KA01\KA01\N15_M07_F10_KA01_13.mat,outer_race,outer_race,0.000943,0.000004,0.997519,0.001535
data\paderborn\extracted\KA01\KA01\N15_M07_F10_KA01_14.mat,outer_race,outer_race,0.001021,0.000004,0.998049,0.000925
data\paderborn\extracted\KA01\KA01\N15_M07_F10_KA01_14.mat,outer_race,outer_race,0.000817,0.000003,0.998318,0.000862
data\paderborn\extracted\KA01\KA01\N15_M07_F10_KA01_14.mat,outer_race,outer_race,0.000911,0.000003,0.997724,0.001363
data\paderborn\extracted\KA01\KA01\N15_M07_F10_KA01_14.mat,outer_race,outer_race,0.001157,0.000002,0.997732,0.001109
data\paderborn\extracted\KA01\KA01\N15_M07_F10_KA01_14.mat,outer_race,outer_race,0.001226,0.000003,0.998243,0.000529
data\paderborn\extracted\KA01\KA01\N15_M07_F10_KA01_14.mat,outer_race,outer_race,0.001087,0.000004,0.997885,0.001024
data\paderborn\extracted\KA01\KA01\N15_M07_F10_KA01_14.mat,outer_race,outer_race,0.000578,0.000004,0.997570,0.001848
data\paderborn\extracted\KA01\KA01\N15_M07_F10_KA01_14.mat,outer_race,outer_race,0.000776,0.000004,0.998182,0.001038
data\paderborn\extracted\KA01\KA01\N15_M07_F10_KA01_14.mat,outer_race,outer_race,0.000624,0.000002,0.998476,0.000897
data\paderborn\extracted\KA01\KA01\N15_M07_F10_KA01_14.mat,outer_race,outer_race,0.001209,0.000003,0.997852,0.000936
data\paderborn\extracted\KA01\KA01\N15_M07_F10_KA01_14.mat,outer_race,outer_race,0.000969,0.000003,0.997333,0.001695
data\paderborn\extracted\KA01\KA01\N15_M07_F10_KA01_14.mat,outer_race,outer_race,0.000593,0.000003,0.998032,0.001371
data\paderborn\extracted\KA01\KA01\N15_M07_F10_KA01_14.mat,outer_race,outer_race,0.000768,0.000003,0.998140,0.001089
data\paderborn\extracted\KA01\KA01\N15_M07_F10_KA01_14.mat,outer_race,outer_race,0.000567,0.000003,0.997985,0.001445
data\paderborn\extracted\KA01\KA01\N15_M07_F10_KA01_14.mat,outer_race,outer_race,0.000954,0.000003,0.998235,0.000808
data\paderborn\extracted\KA01\KA01\N15_M07_F10_KA01_14.mat,outer_race,outer_race,0.000848,0.000004,0.998572,0.000577
data\paderborn\extracted\KA01\KA01\N15_M07_F10_KA01_15.mat,outer_race,outer_race,0.000720,0.000004,0.998472,0.000804
data\paderborn\extracted\KA01\KA01\N15_M07_F10_KA01_15.mat,outer_race,outer_race,0.001201,0.000006,0.996084,0.002709
data\paderborn\extracted\KA01\KA01\N15_M07_F10_KA01_15.mat,outer_race,outer_race,0.000979,0.000004,0.997977,0.001040
data\paderborn\extracted\KA01\KA01\N15_M07_F10_KA01_15.mat,outer_race,outer_race,0.000404,0.000003,0.998448,0.001144
data\paderborn\extracted\KA01\KA01\N15_M07_F10_KA01_15.mat,outer_race,outer_race,0.000652,0.000004,0.998056,0.001289
data\paderborn\extracted\KA01\KA01\N15_M07_F10_KA01_15.mat,outer_race,outer_race,0.000649,0.000003,0.997903,0.001444
data\paderborn\extracted\KA01\KA01\N15_M07_F10_KA01_15.mat,outer_race,outer_race,0.000901,0.000004,0.997824,0.001271
data\paderborn\extracted\KA01\KA01\N15_M07_F10_KA01_15.mat,outer_race,outer_race,0.001847,0.000004,0.996447,0.001702
data\paderborn\extracted\KA01\KA01\N15_M07_F10_KA01_15.mat,outer_race,outer_race,0.001270,0.000004,0.997473,0.001254
data\paderborn\extracted\KA01\KA01\N15_M07_F10_KA01_15.mat,outer_race,outer_race,0.001153,0.000003,0.998179,0.000665
data\paderborn\extracted\KA01\KA01\N15_M07_F10_KA01_15.mat,outer_race,outer_race,0.001763,0.000004,0.997145,0.001088
data\paderborn\extracted\KA01\KA01\N15_M07_F10_KA01_15.mat,outer_race,outer_race,0.000949,0.000003,0.998183,0.000865
data\paderborn\extracted\KA01\KA01\N15_M07_F10_KA01_15.mat,outer_race,outer_race,0.001688,0.000004,0.997089,0.001218
data\paderborn\extracted\KA01\KA01\N15_M07_F10_KA01_15.mat,outer_race,outer_race,0.000987,0.000002,0.997809,0.001202
data\paderborn\extracted\KA01\KA01\N15_M07_F10_KA01_15.mat,outer_race,outer_race,0.001046,0.000003,0.997807,0.001144
data\paderborn\extracted\KA01\KA01\N15_M07_F10_KA01_15.mat,outer_race,outer_race,0.000968,0.000003,0.998044,0.000985
data\paderborn\extracted\KA01\KA01\N15_M07_F10_KA01_16.mat,outer_race,outer_race,0.000900,0.000003,0.997898,0.001199
data\paderborn\extracted\KA01\KA01\N15_M07_F10_KA01_16.mat,outer_race,outer_race,0.001076,0.000003,0.997988,0.000933
data\paderborn\extracted\KA01\KA01\N15_M07_F10_KA01_16.mat,outer_race,outer_race,0.001764,0.000003,0.997540,0.000693
data\paderborn\extracted\KA01\KA01\N15_M07_F10_KA01_16.mat,outer_race,outer_race,0.001389,0.000003,0.997966,0.000642
data\paderborn\extracted\KA01\KA01\N15_M07_F10_KA01_16.mat,outer_race,outer_race,0.000601,0.000003,0.998051,0.001345
data\paderborn\extracted\KA01\KA01\N15_M07_F10_KA01_16.mat,outer_race,outer_race,0.001132,0.000004,0.997994,0.000869
data\paderborn\extracted\KA01\KA01\N15_M07_F10_KA01_16.mat,outer_race,outer_race,0.000976,0.000003,0.997650,0.001371
data\paderborn\extracted\KA01\KA01\N15_M07_F10_KA01_16.mat,outer_race,outer_race,0.001327,0.000004,0.997208,0.001461
data\paderborn\extracted\KA01\KA01\N15_M07_F10_KA01_16.mat,outer_race,outer_race,0.001431,0.000004,0.996722,0.001844
data\paderborn\extracted\KA01\KA01\N15_M07_F10_KA01_16.mat,outer_race,outer_race,0.000980,0.000004,0.997830,0.001186
data\paderborn\extracted\KA01\KA01\N15_M07_F10_KA01_16.mat,outer_race,outer_race,0.000687,0.000003,0.998054,0.001256
data\paderborn\extracted\KA01\KA01\N15_M07_F10_KA01_16.mat,outer_race,outer_race,0.001053,0.000004,0.997847,0.001097
data\paderborn\extracted\KA01\KA01\N15_M07_F10_KA01_16.mat,outer_race,outer_race,0.000607,0.000002,0.998226,0.001165
data\paderborn\extracted\KA01\KA01\N15_M07_F10_KA01_16.mat,outer_race,outer_race,0.000686,0.000002,0.997852,0.001460
data\paderborn\extracted\KA01\KA01\N15_M07_F10_KA01_16.mat,outer_race,outer_race,0.001334,0.000004,0.997775,0.000887
data\paderborn\extracted\KA01\KA01\N15_M07_F10_KA01_16.mat,outer_race,outer_race,0.000687,0.000003,0.997766,0.001544
data\paderborn\extracted\KA01\KA01\N15_M07_F10_KA01_17.mat,outer_race,outer_race,0.002083,0.000005,0.995779,0.002134
data\paderborn\extracted\KA01\KA01\N15_M07_F10_KA01_17.mat,outer_race,outer_race,0.000677,0.000003,0.997876,0.001444
data\paderborn\extracted\KA01\KA01\N15_M07_F10_KA01_17.mat,outer_race,outer_race,0.000727,0.000003,0.997550,0.001720
data\paderborn\extracted\KA01\KA01\N15_M07_F10_KA01_17.mat,outer_race,outer_race,0.000791,0.000004,0.997888,0.001317
data\paderborn\extracted\KA01\KA01\N15_M07_F10_KA01_17.mat,outer_race,outer_race,0.000826,0.000003,0.998036,0.001134
data\paderborn\extracted\KA01\KA01\N15_M07_F10_KA01_17.mat,outer_race,outer_race,0.000838,0.000006,0.998048,0.001108
data\paderborn\extracted\KA01\KA01\N15_M07_F10_KA01_17.mat,outer_race,outer_race,0.000629,0.000003,0.998350,0.001018
data\paderborn\extracted\KA01\KA01\N15_M07_F10_KA01_17.mat,outer_race,outer_race,0.000734,0.000003,0.998194,0.001069
data\paderborn\extracted\KA01\KA01\N15_M07_F10_KA01_17.mat,outer_race,outer_race,0.000737,0.000003,0.998273,0.000988
data\paderborn\extracted\KA01\KA01\N15_M07_F10_KA01_17.mat,outer_race,outer_race,0.000768,0.000003,0.998303,0.000927
data\paderborn\extracted\KA01\KA01\N15_M07_F10_KA01_17.mat,outer_race,outer_race,0.000464,0.000002,0.998712,0.000822
data\paderborn\extracted\KA01\KA01\N15_M07_F10_KA01_17.mat,outer_race,outer_race,0.000988,0.000004,0.997863,0.001145
data\paderborn\extracted\KA01\KA01\N15_M07_F10_KA01_17.mat,outer_race,outer_race,0.000859,0.000002,0.998003,0.001136
data\paderborn\extracted\KA01\KA01\N15_M07_F10_KA01_17.mat,outer_race,outer_race,0.000656,0.000003,0.998236,0.001105
data\paderborn\extracted\KA01\KA01\N15_M07_F10_KA01_17.mat,outer_race,outer_race,0.000596,0.000002,0.998300,0.001102
data\paderborn\extracted\KA01\KA01\N15_M07_F10_KA01_17.mat,outer_race,outer_race,0.000985,0.000003,0.997663,0.001349
data\paderborn\extracted\KA01\KA01\N15_M07_F10_KA01_18.mat,outer_race,outer_race,0.000979,0.000003,0.998083,0.000935
data\paderborn\extracted\KA01\KA01\N15_M07_F10_KA01_18.mat,outer_race,outer_race,0.001161,0.000004,0.998135,0.000699
data\paderborn\extracted\KA01\KA01\N15_M07_F10_KA01_18.mat,outer_race,outer_race,0.000627,0.000004,0.997602,0.001767
data\paderborn\extracted\KA01\KA01\N15_M07_F10_KA01_18.mat,outer_race,outer_race,0.001243,0.000003,0.997361,0.001393
data\paderborn\extracted\KA01\KA01\N15_M07_F10_KA01_18.mat,outer_race,outer_race,0.001570,0.000002,0.997375,0.001052
data\paderborn\extracted\KA01\KA01\N15_M07_F10_KA01_18.mat,outer_race,outer_race,0.001056,0.000003,0.997804,0.001137
data\paderborn\extracted\KA01\KA01\N15_M07_F10_KA01_18.mat,outer_race,outer_race,0.000838,0.000002,0.998089,0.001071
data\paderborn\extracted\KA01\KA01\N15_M07_F10_KA01_18.mat,outer_race,outer_race,0.000594,0.000003,0.998242,0.001161
data\paderborn\extracted\KA01\KA01\N15_M07_F10_KA01_18.mat,outer_race,outer_race,0.000748,0.000003,0.998279,0.000970
data\paderborn\extracted\KA01\KA01\N15_M07_F10_KA01_18.mat,outer_race,outer_race,0.000829,0.000003,0.997150,0.002019
data\paderborn\extracted\KA01\KA01\N15_M07_F10_KA01_18.mat,outer_race,outer_race,0.000676,0.000004,0.997621,0.001699
data\paderborn\extracted\KA01\KA01\N15_M07_F10_KA01_18.mat,outer_race,outer_race,0.000892,0.000005,0.996595,0.002508
data\paderborn\extracted\KA01\KA01\N15_M07_F10_KA01_18.mat,outer_race,outer_race,0.000902,0.000004,0.998187,0.000907
data\paderborn\extracted\KA01\KA01\N15_M07_F10_KA01_18.mat,outer_race,outer_race,0.000404,0.000002,0.998076,0.001518
data\paderborn\extracted\KA01\KA01\N15_M07_F10_KA01_18.mat,outer_race,outer_race,0.000642,0.000003,0.998124,0.001231
data\paderborn\extracted\KA01\KA01\N15_M07_F10_KA01_18.mat,outer_race,outer_race,0.000460,0.000005,0.997723,0.001812
data\paderborn\extracted\KA01\KA01\N15_M07_F10_KA01_19.mat,outer_race,outer_race,0.001192,0.000003,0.997666,0.001139
data\paderborn\extracted\KA01\KA01\N15_M07_F10_KA01_19.mat,outer_race,outer_race,0.001018,0.000003,0.998354,0.000625
data\paderborn\extracted\KA01\KA01\N15_M07_F10_KA01_19.mat,outer_race,outer_race,0.000807,0.000003,0.998445,0.000745
data\paderborn\extracted\KA01\KA01\N15_M07_F10_KA01_19.mat,outer_race,outer_race,0.000980,0.000003,0.997858,0.001159
data\paderborn\extracted\KA01\KA01\N15_M07_F10_KA01_19.mat,outer_race,outer_race,0.000803,0.000002,0.998076,0.001119
data\paderborn\extracted\KA01\KA01\N15_M07_F10_KA01_19.mat,outer_race,outer_race,0.000765,0.000003,0.997475,0.001757
data\paderborn\extracted\KA01\KA01\N15_M07_F10_KA01_19.mat,outer_race,outer_race,0.001308,0.000002,0.997845,0.000845
data\paderborn\extracted\KA01\KA01\N15_M07_F10_KA01_19.mat,outer_race,outer_race,0.000875,0.000003,0.998297,0.000826
data\paderborn\extracted\KA01\KA01\N15_M07_F10_KA01_19.mat,outer_race,outer_race,0.000633,0.000002,0.998436,0.000929
data\paderborn\extracted\KA01\KA01\N15_M07_F10_KA01_19.mat,outer_race,outer_race,0.000558,0.000003,0.998361,0.001078
data\paderborn\extracted\KA01\KA01\N15_M07_F10_KA01_19.mat,outer_race,outer_race,0.000772,0.000006,0.997397,0.001825
data\paderborn\extracted\KA01\KA01\N15_M07_F10_KA01_19.mat,outer_race,outer_race,0.000855,0.000004,0.996943,0.002198
data\paderborn\extracted\KA01\KA01\N15_M07_F10_KA01_19.mat,outer_race,outer_race,0.001126,0.000004,0.997092,0.001778
data\paderborn\extracted\KA01\KA01\N15_M07_F10_KA01_19.mat,outer_race,outer_race,0.000493,0.000003,0.997990,0.001514
data\paderborn\extracted\KA01\KA01\N15_M07_F10_KA01_19.mat,outer_race,outer_race,0.000822,0.000005,0.998228,0.000945
data\paderborn\extracted\KA01\KA01\N15_M07_F10_KA01_19.mat,outer_race,outer_race,0.000702,0.000003,0.998337,0.000959
data\paderborn\extracted\KA01\KA01\N15_M07_F10_KA01_2.mat,outer_race,outer_race,0.000775,0.000004,0.997795,0.001426
data\paderborn\extracted\KA01\KA01\N15_M07_F10_KA01_2.mat,outer_race,outer_race,0.001311,0.000005,0.997900,0.000784
data\paderborn\extracted\KA01\KA01\N15_M07_F10_KA01_2.mat,outer_race,outer_race,0.000561,0.000003,0.998395,0.001041
data\paderborn\extracted\KA01\KA01\N15_M07_F10_KA01_2.mat,outer_race,outer_race,0.000637,0.000003,0.998267,0.001093
data\paderborn\extracted\KA01\KA01\N15_M07_F10_KA01_2.mat,outer_race,outer_race,0.000592,0.000003,0.998467,0.000937
data\paderborn\extracted\KA01\KA01\N15_M07_F10_KA01_2.mat,outer_race,outer_race,0.000566,0.000003,0.998174,0.001257
data\paderborn\extracted\KA01\KA01\N15_M07_F10_KA01_2.mat,outer_race,outer_race,0.001212,0.000005,0.998031,0.000752
data\paderborn\extracted\KA01\KA01\N15_M07_F10_KA01_2.mat,outer_race,outer_race,0.000692,0.000002,0.997940,0.001366
data\paderborn\extracted\KA01\KA01\N15_M07_F10_KA01_2.mat,outer_race,outer_race,0.000916,0.000003,0.998038,0.001043
data\paderborn\extracted\KA01\KA01\N15_M07_F10_KA01_2.mat,outer_race,outer_race,0.000620,0.000003,0.998551,0.000826
data\paderborn\extracted\KA01\KA01\N15_M07_F10_KA01_2.mat,outer_race,outer_race,0.000586,0.000003,0.998024,0.001387
data\paderborn\extracted\KA01\KA01\N15_M07_F10_KA01_2.mat,outer_race,outer_race,0.000940,0.000003,0.997555,0.001502
data\paderborn\extracted\KA01\KA01\N15_M07_F10_KA01_2.mat,outer_race,outer_race,0.001363,0.000003,0.997310,0.001324
data\paderborn\extracted\KA01\KA01\N15_M07_F10_KA01_2.mat,outer_race,outer_race,0.001349,0.000003,0.997526,0.001122
data\paderborn\extracted\KA01\KA01\N15_M07_F10_KA01_2.mat,outer_race,outer_race,0.000881,0.000003,0.998279,0.000837
data\paderborn\extracted\KA01\KA01\N15_M07_F10_KA01_2.mat,outer_race,outer_race,0.000585,0.000002,0.998477,0.000936
data\paderborn\extracted\KA01\KA01\N15_M07_F10_KA01_20.mat,outer_race,outer_race,0.000962,0.000002,0.998072,0.000964
data\paderborn\extracted\KA01\KA01\N15_M07_F10_KA01_20.mat,outer_race,outer_race,0.001216,0.000005,0.997766,0.001013
data\paderborn\extracted\KA01\KA01\N15_M07_F10_KA01_20.mat,outer_race,outer_race,0.001020,0.000003,0.997753,0.001224
data\paderborn\extracted\KA01\KA01\N15_M07_F10_KA01_20.mat,outer_race,outer_race,0.000682,0.000005,0.998335,0.000978
data\paderborn\extracted\KA01\KA01\N15_M07_F10_KA01_20.mat,outer_race,outer_race,0.000949,0.000003,0.998252,0.000795
data\paderborn\extracted\KA01\KA01\N15_M07_F10_KA01_20.mat,outer_race,outer_race,0.001290,0.000003,0.997958,0.000748
data\paderborn\extracted\KA01\KA01\N15_M07_F10_KA01_20.mat,outer_race,outer_race,0.000723,0.000003,0.997979,0.001296
data\paderborn\extracted\KA01\KA01\N15_M07_F10_KA01_20.mat,outer_race,outer_race,0.000633,0.000004,0.998003,0.001360
data\paderborn\extracted\KA01\KA01\N15_M07_F10_KA01_20.mat,outer_race,outer_race,0.000551,0.000004,0.998430,0.001016
data\paderborn\extracted\KA01\KA01\N15_M07_F10_KA01_20.mat,outer_race,outer_race,0.000749,0.000004,0.998368,0.000879
data\paderborn\extracted\KA01\KA01\N15_M07_F10_KA01_20.mat,outer_race,outer_race,0.001099,0.000004,0.997731,0.001165
data\paderborn\extracted\KA01\KA01\N15_M07_F10_KA01_20.mat,outer_race,outer_race,0.000661,0.000004,0.997874,0.001461
data\paderborn\extracted\KA01\KA01\N15_M07_F10_KA01_20.mat,outer_race,outer_race,0.000588,0.000003,0.998149,0.001259
data\paderborn\extracted\KA01\KA01\N15_M07_F10_KA01_20.mat,outer_race,outer_race,0.000462,0.000004,0.998484,0.001051
data\paderborn\extracted\KA01\KA01\N15_M07_F10_KA01_20.mat,outer_race,outer_race,0.000445,0.000003,0.998878,0.000674
data\paderborn\extracted\KA01\KA01\N15_M07_F10_KA01_20.mat,outer_race,outer_race,0.000627,0.000003,0.997694,0.001675
data\paderborn\extracted\KA01\KA01\N15_M07_F10_KA01_3.mat,outer_race,outer_race,0.000915,0.000003,0.997817,0.001266
data\paderborn\extracted\KA01\KA01\N15_M07_F10_KA01_3.mat,outer_race,outer_race,0.000697,0.000003,0.998026,0.001274
data\paderborn\extracted\KA01\KA01\N15_M07_F10_KA01_3.mat,outer_race,outer_race,0.000706,0.000003,0.997934,0.001357
data\paderborn\extracted\KA01\KA01\N15_M07_F10_KA01_3.mat,outer_race,outer_race,0.000622,0.000002,0.998124,0.001251
data\paderborn\extracted\KA01\KA01\N15_M07_F10_KA01_3.mat,outer_race,outer_race,0.001704,0.000007,0.996903,0.001385
data\paderborn\extracted\KA01\KA01\N15_M07_F10_KA01_3.mat,outer_race,outer_race,0.001830,0.000005,0.996101,0.002063
data\paderborn\extracted\KA01\KA01\N15_M07_F10_KA01_3.mat,outer_race,outer_race,0.001058,0.000003,0.997862,0.001077
data\paderborn\extracted\KA01\KA01\N15_M07_F10_KA01_3.mat,outer_race,outer_race,0.001294,0.000002,0.997690,0.001014
data\paderborn\extracted\KA01\KA01\N15_M07_F10_KA01_3.mat,outer_race,outer_race,0.001005,0.000003,0.998168,0.000823
data\paderborn\extracted\KA01\KA01\N15_M07_F10_KA01_3.mat,outer_race,outer_race,0.000899,0.000002,0.997617,0.001481
data\paderborn\extracted\KA01\KA01\N15_M07_F10_KA01_3.mat,outer_race,outer_race,0.002158,0.000004,0.996792,0.001046
data\paderborn\extracted\KA01\KA01\N15_M07_F10_KA01_3.mat,outer_race,outer_race,0.001255,0.000003,0.997579,0.001164
data\paderborn\extracted\KA01\KA01\N15_M07_F10_KA01_3.mat,outer_race,outer_race,0.000954,0.000002,0.998091,0.000953
data\paderborn\extracted\KA01\KA01\N15_M07_F10_KA01_3.mat,outer_race,outer_race,0.000569,0.000002,0.998244,0.001184
data\paderborn\extracted\KA01\KA01\N15_M07_F10_KA01_3.mat,outer_race,outer_race,0.000705,0.000003,0.997487,0.001805
data\paderborn\extracted\KA01\KA01\N15_M07_F10_KA01_3.mat,outer_race,outer_race,0.000868,0.000003,0.997938,0.001191
data\paderborn\extracted\KA01\KA01\N15_M07_F10_KA01_4.mat,outer_race,outer_race,0.000901,0.000003,0.997298,0.001799
data\paderborn\extracted\KA01\KA01\N15_M07_F10_KA01_4.mat,outer_race,outer_race,0.000784,0.000003,0.998060,0.001153
data\paderborn\extracted\KA01\KA01\N15_M07_F10_KA01_4.mat,outer_race,outer_race,0.001181,0.000003,0.997887,0.000929
data\paderborn\extracted\KA01\KA01\N15_M07_F10_KA01_4.mat,outer_race,outer_race,0.000655,0.000003,0.998269,0.001072
data\paderborn\extracted\KA01\KA01\N15_M07_F10_KA01_4.mat,outer_race,outer_race,0.000671,0.000003,0.997835,0.001491
data\paderborn\extracted\KA01\KA01\N15_M07_F10_KA01_4.mat,outer_race,outer_race,0.000997,0.000003,0.998005,0.000995
data\paderborn\extracted\KA01\KA01\N15_M07_F10_KA01_4.mat,outer_race,outer_race,0.001570,0.000003,0.997356,0.001071
data\paderborn\extracted\KA01\KA01\N15_M07_F10_KA01_4.mat,outer_race,outer_race,0.000821,0.000003,0.997895,0.001281
data\paderborn\extracted\KA01\KA01\N15_M07_F10_KA01_4.mat,outer_race,outer_race,0.000682,0.000003,0.997841,0.001474
data\paderborn\extracted\KA01\KA01\N15_M07_F10_KA01_4.mat,outer_race,outer_race,0.000474,0.000005,0.996892,0.002629
data\paderborn\extracted\KA01\KA01\N15_M07_F10_KA01_4.mat,outer_race,outer_race,0.000650,0.000004,0.998098,0.001249
data\paderborn\extracted\KA01\KA01\N15_M07_F10_KA01_4.mat,outer_race,outer_race,0.001318,0.000003,0.997475,0.001204
data\paderborn\extracted\KA01\KA01\N15_M07_F10_KA01_4.mat,outer_race,outer_race,0.000833,0.000003,0.998080,0.001084
data\paderborn\extracted\KA01\KA01\N15_M07_F10_KA01_4.mat,outer_race,outer_race,0.000802,0.000003,0.998214,0.000981
data\paderborn\extracted\KA01\KA01\N15_M07_F10_KA01_4.mat,outer_race,outer_race,0.000809,0.000003,0.998522,0.000666
data\paderborn\extracted\KA01\KA01\N15_M07_F10_KA01_4.mat,outer_race,outer_race,0.001315,0.000003,0.997700,0.000982
data\paderborn\extracted\KA01\KA01\N15_M07_F10_KA01_5.mat,outer_race,outer_race,0.000668,0.000002,0.998797,0.000532
data\paderborn\extracted\KA01\KA01\N15_M07_F10_KA01_5.mat,outer_race,outer_race,0.000816,0.000003,0.998331,0.000849
data\paderborn\extracted\KA01\KA01\N15_M07_F10_KA01_5.mat,outer_race,outer_race,0.002592,0.000007,0.995476,0.001925
data\paderborn\extracted\KA01\KA01\N15_M07_F10_KA01_5.mat,outer_race,outer_race,0.001113,0.000004,0.996932,0.001951
data\paderborn\extracted\KA01\KA01\N15_M07_F10_KA01_5.mat,outer_race,outer_race,0.000751,0.000003,0.998196,0.001049
data\paderborn\extracted\KA01\KA01\N15_M07_F10_KA01_5.mat,outer_race,outer_race,0.000908,0.000003,0.998168,0.000921
data\paderborn\extracted\KA01\KA01\N15_M07_F10_KA01_5.mat,outer_race,outer_race,0.000778,0.000003,0.998003,0.001216
data\paderborn\extracted\KA01\KA01\N15_M07_F10_KA01_5.mat,outer_race,outer_race,0.001328,0.000004,0.997682,0.000986
data\paderborn\extracted\KA01\KA01\N15_M07_F10_KA01_5.mat,outer_race,outer_race,0.000920,0.000005,0.997525,0.001551
data\paderborn\extracted\KA01\KA01\N15_M07_F10_KA01_5.mat,outer_race,outer_race,0.000758,0.000004,0.997742,0.001496
data\paderborn\extracted\KA01\KA01\N15_M07_F10_KA01_5.mat,outer_race,outer_race,0.000519,0.000002,0.997778,0.001701
data\paderborn\extracted\KA01\KA01\N15_M07_F10_KA01_5.mat,outer_race,outer_race,0.000473,0.000003,0.998387,0.001137
data\paderborn\extracted\KA01\KA01\N15_M07_F10_KA01_5.mat,outer_race,outer_race,0.000536,0.000003,0.997432,0.002030
data\paderborn\extracted\KA01\KA01\N15_M07_F10_KA01_5.mat,outer_race,outer_race,0.001057,0.000004,0.997445,0.001494
data\paderborn\extracted\KA01\KA01\N15_M07_F10_KA01_5.mat,outer_race,outer_race,0.000888,0.000003,0.997867,0.001242
data\paderborn\extracted\KA01\KA01\N15_M07_F10_KA01_5.mat,outer_race,outer_race,0.001277,0.000004,0.997778,0.000940
data\paderborn\extracted\KA01\KA01\N15_M07_F10_KA01_6.mat,outer_race,outer_race,0.001103,0.000003,0.997959,0.000935
data\paderborn\extracted\KA01\KA01\N15_M07_F10_KA01_6.mat,outer_race,outer_race,0.005528,0.000005,0.993753,0.000713
data\paderborn\extracted\KA01\KA01\N15_M07_F10_KA01_6.mat,outer_race,outer_race,0.001024,0.000003,0.998103,0.000870
data\paderborn\extracted\KA01\KA01\N15_M07_F10_KA01_6.mat,outer_race,outer_race,0.000592,0.000002,0.998298,0.001108
data\paderborn\extracted\KA01\KA01\N15_M07_F10_KA01_6.mat,outer_race,outer_race,0.000512,0.000002,0.998255,0.001231
data\paderborn\extracted\KA01\KA01\N15_M07_F10_KA01_6.mat,outer_race,outer_race,0.000810,0.000003,0.998108,0.001079
data\paderborn\extracted\KA01\KA01\N15_M07_F10_KA01_6.mat,outer_race,outer_race,0.001255,0.000003,0.997144,0.001599
data\paderborn\extracted\KA01\KA01\N15_M07_F10_KA01_6.mat,outer_race,outer_race,0.002573,0.000008,0.995264,0.002155
data\paderborn\extracted\KA01\KA01\N15_M07_F10_KA01_6.mat,outer_race,outer_race,0.000751,0.000003,0.997650,0.001595
data\paderborn\extracted\KA01\KA01\N15_M07_F10_KA01_6.mat,outer_race,outer_race,0.000521,0.000003,0.998177,0.001299
data\paderborn\extracted\KA01\KA01\N15_M07_F10_KA01_6.mat,outer_race,outer_race,0.000625,0.000003,0.997912,0.001461
data\paderborn\extracted\KA01\KA01\N15_M07_F10_KA01_6.mat,outer_race,outer_race,0.000707,0.000004,0.998260,0.001029
data\paderborn\extracted\KA01\KA01\N15_M07_F10_KA01_6.mat,outer_race,outer_race,0.000671,0.000004,0.998012,0.001313
data\paderborn\extracted\KA01\KA01\N15_M07_F10_KA01_6.mat,outer_race,outer_race,0.001884,0.000006,0.996160,0.001950
data\paderborn\extracted\KA01\KA01\N15_M07_F10_KA01_6.mat,outer_race,outer_race,0.000651,0.000003,0.997473,0.001872
data\paderborn\extracted\KA01\KA01\N15_M07_F10_KA01_6.mat,outer_race,outer_race,0.001052,0.000002,0.997610,0.001335
data\paderborn\extracted\KA01\KA01\N15_M07_F10_KA01_7.mat,outer_race,outer_race,0.000844,0.000004,0.998189,0.000963
data\paderborn\extracted\KA01\KA01\N15_M07_F10_KA01_7.mat,outer_race,outer_race,0.001194,0.000002,0.997688,0.001116
data\paderborn\extracted\KA01\KA01\N15_M07_F10_KA01_7.mat,outer_race,outer_race,0.001006,0.000003,0.998563,0.000428
data\paderborn\extracted\KA01\KA01\N15_M07_F10_KA01_7.mat,outer_race,outer_race,0.000848,0.000005,0.997434,0.001712
data\paderborn\extracted\KA01\KA01\N15_M07_F10_KA01_7.mat,outer_race,outer_race,0.000668,0.000004,0.997706,0.001622
data\paderborn\extracted\KA01\KA01\N15_M07_F10_KA01_7.mat,outer_race,outer_race,0.000836,0.000004,0.997833,0.001327
data\paderborn\extracted\KA01\KA01\N15_M07_F10_KA01_7.mat,outer_race,outer_race,0.000777,0.000004,0.997354,0.001864
data\paderborn\extracted\KA01\KA01\N15_M07_F10_KA01_7.mat,outer_race,outer_race,0.000464,0.000003,0.998104,0.001429
data\paderborn\extracted\KA01\KA01\N15_M07_F10_KA01_7.mat,outer_race,outer_race,0.000809,0.000004,0.997879,0.001307
data\paderborn\extracted\KA01\KA01\N15_M07_F10_KA01_7.mat,outer_race,outer_race,0.000964,0.000003,0.998040,0.000993
data\paderborn\extracted\KA01\KA01\N15_M07_F10_KA01_7.mat,outer_race,outer_race,0.000779,0.000004,0.998304,0.000913
data\paderborn\extracted\KA01\KA01\N15_M07_F10_KA01_7.mat,outer_race,outer_race,0.000352,0.000003,0.998456,0.001189
data\paderborn\extracted\KA01\KA01\N15_M07_F10_KA01_7.mat,outer_race,outer_race,0.001118,0.000005,0.997687,0.001189
data\paderborn\extracted\KA01\KA01\N15_M07_F10_KA01_7.mat,outer_race,outer_race,0.000790,0.000003,0.998208,0.000999
data\paderborn\extracted\KA01\KA01\N15_M07_F10_KA01_7.mat,outer_race,outer_race,0.001020,0.000004,0.997891,0.001085
data\paderborn\extracted\KA01\KA01\N15_M07_F10_KA01_7.mat,outer_race,outer_race,0.000899,0.000003,0.998020,0.001078
data\paderborn\extracted\KA01\KA01\N15_M07_F10_KA01_8.mat,outer_race,outer_race,0.000997,0.000003,0.998223,0.000777
data\paderborn\extracted\KA01\KA01\N15_M07_F10_KA01_8.mat,outer_race,outer_race,0.000634,0.000003,0.998879,0.000484
data\paderborn\extracted\KA01\KA01\N15_M07_F10_KA01_8.mat,outer_race,outer_race,0.000719,0.000003,0.998313,0.000964
data\paderborn\extracted\KA01\KA01\N15_M07_F10_KA01_8.mat,outer_race,outer_race,0.000575,0.000003,0.996907,0.002514
data\paderborn\extracted\KA01\KA01\N15_M07_F10_KA01_8.mat,outer_race,outer_race,0.000723,0.000003,0.997547,0.001727
data\paderborn\extracted\KA01\KA01\N15_M07_F10_KA01_8.mat,outer_race,outer_race,0.000520,0.000003,0.997543,0.001935
data\paderborn\extracted\KA01\KA01\N15_M07_F10_KA01_8.mat,outer_race,outer_race,0.000877,0.000004,0.997535,0.001583
data\paderborn\extracted\KA01\KA01\N15_M07_F10_KA01_8.mat,outer_race,outer_race,0.000736,0.000005,0.997432,0.001827
data\paderborn\extracted\KA01\KA01\N15_M07_F10_KA01_8.mat,outer_race,outer_race,0.000733,0.000004,0.997622,0.001642
data\paderborn\extracted\KA01\KA01\N15_M07_F10_KA01_8.mat,outer_race,outer_race,0.000570,0.000003,0.997490,0.001937
data\paderborn\extracted\KA01\KA01\N15_M07_F10_KA01_8.mat,outer_race,outer_race,0.000739,0.000003,0.997711,0.001548
data\paderborn\extracted\KA01\KA01\N15_M07_F10_KA01_8.mat,outer_race,outer_race,0.001192,0.000005,0.996875,0.001928
data\paderborn\extracted\KA01\KA01\N15_M07_F10_KA01_8.mat,outer_race,outer_race,0.002881,0.000005,0.995698,0.001415
data\paderborn\extracted\KA01\KA01\N15_M07_F10_KA01_8.mat,outer_race,outer_race,0.000813,0.000003,0.997969,0.001215
data\paderborn\extracted\KA01\KA01\N15_M07_F10_KA01_8.mat,outer_race,outer_race,0.001341,0.000003,0.997413,0.001243
data\paderborn\extracted\KA01\KA01\N15_M07_F10_KA01_8.mat,outer_race,outer_race,0.001025,0.000003,0.998237,0.000735
data\paderborn\extracted\KA01\KA01\N15_M07_F10_KA01_9.mat,outer_race,outer_race,0.001132,0.000007,0.996002,0.002859
data\paderborn\extracted\KA01\KA01\N15_M07_F10_KA01_9.mat,outer_race,outer_race,0.000948,0.000005,0.997692,0.001356
data\paderborn\extracted\KA01\KA01\N15_M07_F10_KA01_9.mat,outer_race,outer_race,0.000458,0.000005,0.997645,0.001892
data\paderborn\extracted\KA01\KA01\N15_M07_F10_KA01_9.mat,outer_race,outer_race,0.000375,0.000003,0.997916,0.001706
data\paderborn\extracted\KA01\KA01\N15_M07_F10_KA01_9.mat,outer_race,outer_race,0.000838,0.000003,0.997342,0.001817
data\paderborn\extracted\KA01\KA01\N15_M07_F10_KA01_9.mat,outer_race,outer_race,0.000787,0.000003,0.998150,0.001059
data\paderborn\extracted\KA01\KA01\N15_M07_F10_KA01_9.mat,outer_race,outer_race,0.000908,0.000003,0.998098,0.000991
data\paderborn\extracted\KA01\KA01\N15_M07_F10_KA01_9.mat,outer_race,outer_race,0.000946,0.000004,0.998362,0.000689
data\paderborn\extracted\KA01\KA01\N15_M07_F10_KA01_9.mat,outer_race,outer_race,0.000966,0.000003,0.998375,0.000656
data\paderborn\extracted\KA01\KA01\N15_M07_F10_KA01_9.mat,outer_race,outer_race,0.000741,0.000003,0.998496,0.000760
data\paderborn\extracted\KA01\KA01\N15_M07_F10_KA01_9.mat,outer_race,outer_race,0.000507,0.000003,0.998276,0.001214
data\paderborn\extracted\KA01\KA01\N15_M07_F10_KA01_9.mat,outer_race,outer_race,0.001038,0.000003,0.997668,0.001291
data\paderborn\extracted\KA01\KA01\N15_M07_F10_KA01_9.mat,outer_race,outer_race,0.001837,0.000004,0.997002,0.001156
data\paderborn\extracted\KA01\KA01\N15_M07_F10_KA01_9.mat,outer_race,outer_race,0.001047,0.000003,0.998156,0.000794
data\paderborn\extracted\KA01\KA01\N15_M07_F10_KA01_9.mat,outer_race,outer_race,0.000695,0.000003,0.998732,0.000570
data\paderborn\extracted\KA01\KA01\N15_M07_F10_KA01_9.mat,outer_race,outer_race,0.000871,0.000004,0.998131,0.000995
data\paderborn\extracted\KB23\KB23\N09_M07_F10_KB23_1.mat,rolling_element,rolling_element,0.000010,0.013136,0.010141,0.976713
data\paderborn\extracted\KB23\KB23\N09_M07_F10_KB23_1.mat,rolling_element,rolling_element,0.000004,0.000401,0.004211,0.995384
data\paderborn\extracted\KB23\KB23\N09_M07_F10_KB23_1.mat,rolling_element,rolling_element,0.000009,0.001737,0.001343,0.996911
data\paderborn\extracted\KB23\KB23\N09_M07_F10_KB23_1.mat,rolling_element,rolling_element,0.000002,0.002966,0.019599,0.977433
data\paderborn\extracted\KB23\KB23\N09_M07_F10_KB23_1.mat,rolling_element,rolling_element,0.000009,0.013254,0.000777,0.985960
data\paderborn\extracted\KB23\KB23\N09_M07_F10_KB23_1.mat,rolling_element,rolling_element,0.000014,0.003514,0.000279,0.996193
data\paderborn\extracted\KB23\KB23\N09_M07_F10_KB23_1.mat,rolling_element,rolling_element,0.000003,0.000410,0.001264,0.998324
data\paderborn\extracted\KB23\KB23\N09_M07_F10_KB23_1.mat,rolling_element,rolling_element,0.000012,0.003162,0.006420,0.990407
data\paderborn\extracted\KB23\KB23\N09_M07_F10_KB23_1.mat,rolling_element,rolling_element,0.000212,0.002551,0.004999,0.992237
data\paderborn\extracted\KB23\KB23\N09_M07_F10_KB23_1.mat,rolling_element,rolling_element,0.000017,0.001658,0.012303,0.986023
data\paderborn\extracted\KB23\KB23\N09_M07_F10_KB23_1.mat,rolling_element,rolling_element,0.000002,0.000721,0.000667,0.998611
data\paderborn\extracted\KB23\KB23\N09_M07_F10_KB23_1.mat,rolling_element,rolling_element,0.000064,0.032150,0.001179,0.966606
data\paderborn\extracted\KB23\KB23\N09_M07_F10_KB23_1.mat,rolling_element,rolling_element,0.000092,0.000736,0.031332,0.967839
data\paderborn\extracted\KB23\KB23\N09_M07_F10_KB23_1.mat,rolling_element,rolling_element,0.000001,0.000910,0.000933,0.998156
data\paderborn\extracted\KB23\KB23\N09_M07_F10_KB23_1.mat,rolling_element,rolling_element,0.000001,0.000597,0.003617,0.995785
data\paderborn\extracted\KB23\KB23\N09_M07_F10_KB23_1.mat,rolling_element,rolling_element,0.000001,0.000464,0.000540,0.998994
data\paderborn\extracted\KB23\KB23\N09_M07_F10_KB23_10.mat,rolling_element,rolling_element,0.000030,0.003045,0.000848,0.996078
data\paderborn\extracted\KB23\KB23\N09_M07_F10_KB23_10.mat,rolling_element,rolling_element,0.000033,0.021919,0.003842,0.974207
data\paderborn\extracted\KB23\KB23\N09_M07_F10_KB23_10.mat,rolling_element,rolling_element,0.000025,0.133420,0.000591,0.865965
data\paderborn\extracted\KB23\KB23\N09_M07_F10_KB23_10.mat,rolling_element,rolling_element,0.000044,0.003770,0.015766,0.980421
data\paderborn\extracted\KB23\KB23\N09_M07_F10_KB23_10.mat,rolling_element,rolling_element,0.000004,0.004352,0.000860,0.994783
data\paderborn\extracted\KB23\KB23\N09_M07_F10_KB23_10.mat,rolling_element,rolling_element,0.000012,0.010618,0.001344,0.988026
data\paderborn\extracted\KB23\KB23\N09_M07_F10_KB23_10.mat,rolling_element,rolling_element,0.000001,0.001090,0.001926,0.996983
data\paderborn\extracted\KB23\KB23\N09_M07_F10_KB23_10.mat,rolling_element,rolling_element,0.000091,0.026766,0.002073,0.971070
data\paderborn\extracted\KB23\KB23\N09_M07_F10_KB23_10.mat,rolling_element,rolling_element,0.000004,0.000453,0.004423,0.995121
data\paderborn\extracted\KB23\KB23\N09_M07_F10_KB23_10.mat,rolling_element,rolling_element,0.000000,0.000620,0.000705,0.998675
data\paderborn\extracted\KB23\KB23\N09_M07_F10_KB23_10.mat,rolling_element,rolling_element,0.000001,0.001192,0.000269,0.998538
data\paderborn\extracted\KB23\KB23\N09_M07_F10_KB23_10.mat,rolling_element,rolling_element,0.000054,0.135299,0.000881,0.863766
data\paderborn\extracted\KB23\KB23\N09_M07_F10_KB23_10.mat,rolling_element,rolling_element,0.000010,0.000548,0.001799,0.997644
data\paderborn\extracted\KB23\KB23\N09_M07_F10_KB23_10.mat,rolling_element,rolling_element,0.000218,0.099330,0.000528,0.899924
data\paderborn\extracted\KB23\KB23\N09_M07_F10_KB23_10.mat,rolling_element,rolling_element,0.000790,0.015708,0.005833,0.977670
data\paderborn\extracted\KB23\KB23\N09_M07_F10_KB23_10.mat,rolling_element,rolling_element,0.000009,0.003694,0.000302,0.995996
data\paderborn\extracted\KB23\KB23\N09_M07_F10_KB23_11.mat,rolling_element,rolling_element,0.000521,0.047838,0.001838,0.949804
data\paderborn\extracted\KB23\KB23\N09_M07_F10_KB23_11.mat,rolling_element,rolling_element,0.000005,0.028462,0.000220,0.971314
data\paderborn\extracted\KB23\KB23\N09_M07_F10_KB23_11.mat,rolling_element,rolling_element,0.000010,0.000196,0.001932,0.997862
data\paderborn\extracted\KB23\KB23\N09_M07_F10_KB23_11.mat,rolling_element,rolling_element,0.000001,0.001395,0.008865,0.989739
data\paderborn\extracted\KB23\KB23\N09_M07_F10_KB23_11.mat,rolling_element,rolling_element,0.000018,0.011896,0.002094,0.985992
data\paderborn\extracted\KB23\KB23\N09_M07_F10_KB23_11.mat,rolling_element,rolling_element,0.000070,0.026498,0.002651,0.970781
data\paderborn\extracted\KB23\KB23\N09_M07_F10_KB23_11.mat,rolling_element,rolling_element,0.001527,0.258913,0.001209,0.738351
data\paderborn\extracted\KB23\KB23\N09_M07_F10_KB23_11.mat,rolling_element,rolling_element,0.000020,0.002468,0.006768,0.990744
data\paderborn\extracted\KB23\KB23\N09_M07_F10_KB23_11.mat,rolling_element,rolling_element,0.000004,0.001604,0.000123,0.998270
data\paderborn\extracted\KB23\KB23\N09_M07_F10_KB23_11.mat,rolling_element,rolling_element,0.000430,0.175572,0.001217,0.822781
data\paderborn\extracted\KB23\KB23\N09_M07_F10_KB23_11.mat,rolling_element,rolling_element,0.000015,0.094562,0.000756,0.904667
data\paderborn\extracted\KB23\KB23\N09_M07_F10_KB23_11.mat,rolling_element,rolling_element,0.000013,0.012693,0.001595,0.985700
data\paderborn\extracted\KB23\KB23\N09_M07_F10_KB23_11.mat,rolling_element,rolling_element,0.000008,0.028009,0.000219,0.971764
data\paderborn\extracted\KB23\KB23\N09_M07_F10_KB23_11.mat,rolling_element,rolling_element,0.000004,0.006298,0.001419,0.992279
data\paderborn\extracted\KB23\KB23\N09_M07_F10_KB23_11.mat,rolling_element,rolling_element,0.000031,0.001032,0.029709,0.969229
data\paderborn\extracted\KB23\KB23\N09_M07_F10_KB23_11.mat,rolling_element,rolling_element,0.000003,0.000242,0.003798,0.995957
data\paderborn\extracted\KB23\KB23\N09_M07_F10_KB23_12.mat,rolling_element,rolling_element,0.000011,0.000332,0.006462,0.993194
data\paderborn\extracted\KB23\KB23\N09_M07_F10_KB23_12.mat,rolling_element,rolling_element,0.000000,0.000421,0.000230,0.999348
data\paderborn\extracted\KB23\KB23\N09_M07_F10_KB23_12.mat,rolling_element,rolling_element,0.000001,0.001302,0.000343,0.998354
data\paderborn\extracted\KB23\KB23\N09_M07_F10_KB23_12.mat,rolling_element,rolling_element,0.000084,0.002920,0.002610,0.994385
data\paderborn\extracted\KB23\KB23\N09_M07_F10_KB23_12.mat,rolling_element,rolling_element,0.000045,0.006588,0.001380,0.991987
data\paderborn\extracted\KB23\KB23\N09_M07_F10_KB23_12.mat,rolling_element,rolling_element,0.000024,0.035025,0.000524,0.964428
data\paderborn\extracted\KB23\KB23\N09_M07_F10_KB23_12.mat,rolling_element,rolling_element,0.000010,0.001211,0.022199,0.976580
data\paderborn\extracted\KB23\KB23\N09_M07_F10_KB23_12.mat,rolling_element,rolling_element,0.000003,0.003193,0.000284,0.996520
data\paderborn\extracted\KB23\KB23\N09_M07_F10_KB23_12.mat,rolling_element,rolling_element,0.000000,0.000856,0.000267,0.998876
data\paderborn\extracted\KB23\KB23\N09_M07_F10_KB23_12.mat,rolling_element,rolling_element,0.000000,0.001578,0.000190,0.998232
data\paderborn\extracted\KB23\KB23\N09_M07_F10_KB23_12.mat,rolling_element,rolling_element,0.000015,0.009664,0.004841,0.985480
data\paderborn\extracted\KB23\KB23\N09_M07_F10_KB23_12.mat,rolling_element,rolling_element,0.000243,0.021302,0.005347,0.973108
data\paderborn\extracted\KB23\KB23\N09_M07_F10_KB23_12.mat,rolling_element,rolling_element,0.000141,0.010009,0.000470,0.989379
data\paderborn\extracted\KB23\KB23\N09_M07_F10_KB23_12.mat,rolling_element,rolling_element,0.000003,0.015123,0.001316,0.983558
data\paderborn\extracted\KB23\KB23\N09_M07_F10_KB23_12.mat,rolling_element,rolling_element,0.000004,0.007718,0.001398,0.990880
data\paderborn\extracted\KB23\KB23\N09_M07_F10_KB23_12.mat,rolling_element,rolling_element,0.000002,0.001694,0.000230,0.998074
data\paderborn\extracted\KB23\KB23\N09_M07_F10_KB23_13.mat,rolling_element,rolling_element,0.000003,0.001753,0.000223,0.998021
data\paderborn\extracted\KB23\KB23\N09_M07_F10_KB23_13.mat,rolling_element,rolling_element,0.000000,0.001569,0.000276,0.998155
data\paderborn\extracted\KB23\KB23\N09_M07_F10_KB23_13.mat,rolling_element,rolling_element,0.000004,0.000442,0.001655,0.997899
data\paderborn\extracted\KB23\KB23\N09_M07_F10_KB23_13.mat,rolling_element,rolling_element,0.000001,0.003118,0.000812,0.996070
data\paderborn\extracted\KB23\KB23\N09_M07_F10_KB23_13.mat,rolling_element,rolling_element,0.000005,0.000291,0.000643,0.999061
data\paderborn\extracted\KB23\KB23\N09_M07_F10_KB23_13.mat,rolling_element,rolling_element,0.000011,0.001274,0.039262,0.959453
data\paderborn\extracted\KB23\KB23\N09_M07_F10_KB23_13.mat,rolling_element,rolling_element,0.000131,0.204920,0.002159,0.792790
data\paderborn\extracted\KB23\KB23\N09_M07_F10_KB23_13.mat,rolling_element,rolling_element,0.000976,0.061512,0.004283,0.933229
data\paderborn\extracted\KB23\KB23\N09_M07_F10_KB23_13.mat,rolling_element,rolling_element,0.000008,0.004766,0.017976,0.977251
data\paderborn\extracted\KB23\KB23\N09_M07_F10_KB23_13.mat,rolling_element,rolling_element,0.000001,0.003018,0.001365,0.995615
data\paderborn\extracted\KB23\KB23\N09_M07_F10_KB23_13.mat,rolling_element,rolling_element,0.000002,0.000079,0.002708,0.997211
data\paderborn\extracted\KB23\KB23\N09_M07_F10_KB23_13.mat,rolling_element,rolling_element,0.000071,0.004724,0.004581,0.990624
data\paderborn\extracted\KB23\KB23\N09_M07_F10_KB23_13.mat,rolling_element,rolling_element,0.000006,0.002714,0.001540,0.995740
data\paderborn\extracted\KB23\KB23\N09_M07_F10_KB23_13.mat,rolling_element,rolling_element,0.000016,0.021346,0.002582,0.976056
data\paderborn\extracted\KB23\KB23\N09_M07_F10_KB23_13.mat,rolling_element,rolling_element,0.000105,0.011043,0.000912,0.987940
data\paderborn\extracted\KB23\KB23\N09_M07_F10_KB23_13.mat,rolling_element,rolling_element,0.000003,0.020382,0.000308,0.979307
data\paderborn\extracted\KB23\KB23\N09_M07_F10_KB23_14.mat,rolling_element,rolling_element,0.000003,0.000999,0.000214,0.998784
data\paderborn\extracted\KB23\KB23\N09_M07_F10_KB23_14.mat,rolling_element,rolling_element,0.000001,0.000861,0.001252,0.997885
data\paderborn\extracted\KB23\KB23\N09_M07_F10_KB23_14.mat,rolling_element,rolling_element,0.000104,0.188843,0.001102,0.809951
data\paderborn\extracted\KB23\KB23\N09_M07_F10_KB23_14.mat,rolling_element,rolling_element,0.000390,0.020265,0.010473,0.968872
data\paderborn\extracted\KB23\KB23\N09_M07_F10_KB23_14.mat,rolling_element,rolling_element,0.000018,0.001209,0.002135,0.996638
data\paderborn\extracted\KB23\KB23\N09_M07_F10_KB23_14.mat,rolling_element,rolling_element,0.000002,0.033036,0.000901,0.966061
data\paderborn\extracted\KB23\KB23\N09_M07_F10_KB23_14.mat,rolling_element,rolling_element,0.000001,0.003508,0.000282,0.996209
data\paderborn\extracted\KB23\KB23\N09_M07_F10_KB23_14.mat,rolling_element,rolling_element,0.000018,0.005994,0.001434,0.992553
data\paderborn\extracted\KB23\KB23\N09_M07_F10_KB23_14.mat,rolling_element,rolling_element,0.000007,0.002481,0.000261,0.997251
data\paderborn\extracted\KB23\KB23\N09_M07_F10_KB23_14.mat,rolling_element,rolling_element,0.000159,0.008042,0.001197,0.990603
data\paderborn\extracted\KB23\KB23\N09_M07_F10_KB23_14.mat,rolling_element,rolling_element,0.000002,0.002187,0.000259,0.997552
data\paderborn\extracted\KB23\KB23\N09_M07_F10_KB23_14.mat,rolling_element,rolling_element,0.000000,0.000353,0.000494,0.999152
data\paderborn\extracted\KB23\KB23\N09_M07_F10_KB23_14.mat,rolling_element,rolling_element,0.000001,0.000337,0.001416,0.998246
data\paderborn\extracted\KB23\KB23\N09_M07_F10_KB23_14.mat,rolling_element,rolling_element,0.000001,0.001081,0.001625,0.997293
data\paderborn\extracted\KB23\KB23\N09_M07_F10_KB23_14.mat,rolling_element,rolling_element,0.000156,0.026106,0.000814,0.972924
data\paderborn\extracted\KB23\KB23\N09_M07_F10_KB23_14.mat,rolling_element,rolling_element,0.002675,0.016506,0.102087,0.878733
data\paderborn\extracted\KB23\KB23\N09_M07_F10_KB23_15.mat,rolling_element,rolling_element,0.000170,0.011845,0.008260,0.979725
data\paderborn\extracted\KB23\KB23\N09_M07_F10_KB23_15.mat,rolling_element,rolling_element,0.000199,0.014759,0.005632,0.979411
data\paderborn\extracted\KB23\KB23\N09_M07_F10_KB23_15.mat,rolling_element,rolling_element,0.000000,0.001524,0.000645,0.997830
data\paderborn\extracted\KB23\KB23\N09_M07_F10_KB23_15.mat,rolling_element,rolling_element,0.000017,0.007378,0.003082,0.989523
data\paderborn\extracted\KB23\KB23\N09_M07_F10_KB23_15.mat,rolling_element,rolling_element,0.000007,0.001075,0.004820,0.994099
data\paderborn\extracted\KB23\KB23\N09_M07_F10_KB23_15.mat,rolling_element,rolling_element,0.000115,0.001834,0.009512,0.988539
data\paderborn\extracted\KB23\KB23\N09_M07_F10_KB23_15.mat,rolling_element,rolling_element,0.000012,0.003756,0.000221,0.996010
data\paderborn\extracted\KB23\KB23\N09_M07_F10_KB23_15.mat,rolling_element,rolling_element,0.000023,0.076034,0.002055,0.921888
data\paderborn\extracted\KB23\KB23\N09_M07_F10_KB23_15.mat,rolling_element,rolling_element,0.000064,0.006708,0.016687,0.976540
data\paderborn\extracted\KB23\KB23\N09_M07_F10_KB23_15.mat,rolling_element,rolling_element,0.000002,0.004286,0.001177,0.994535
data\paderborn\extracted\KB23\KB23\N09_M07_F10_KB23_15.mat,rolling_element,rolling_element,0.000020,0.069846,0.001869,0.928266
data\paderborn\extracted\KB23\KB23\N09_M07_F10_KB23_15.mat,rolling_element,rolling_element,0.000011,0.018935,0.007150,0.973904
data\paderborn\extracted\KB23\KB23\N09_M07_F10_KB23_15.mat,rolling_element,inner_race,0.005158,0.639731,0.047770,0.307341
data\paderborn\extracted\KB23\KB23\N09_M07_F10_KB23_15.mat,rolling_element,rolling_element,0.000001,0.000694,0.000590,0.998715
data\paderborn\extracted\KB23\KB23\N09_M07_F10_KB23_15.mat,rolling_element,rolling_element,0.000000,0.001192,0.000455,0.998352
data\paderborn\extracted\KB23\KB23\N09_M07_F10_KB23_15.mat,rolling_element,rolling_element,0.000013,0.004230,0.009035,0.986722
data\paderborn\extracted\KB23\KB23\N09_M07_F10_KB23_16.mat,rolling_element,rolling_element,0.000003,0.000174,0.010069,0.989755
data\paderborn\extracted\KB23\KB23\N09_M07_F10_KB23_16.mat,rolling_element,rolling_element,0.000007,0.035438,0.000285,0.964271
data\paderborn\extracted\KB23\KB23\N09_M07_F10_KB23_16.mat,rolling_element,rolling_element,0.000067,0.002542,0.000915,0.996476
data\paderborn\extracted\KB23\KB23\N09_M07_F10_KB23_16.mat,rolling_element,rolling_element,0.000003,0.005787,0.001323,0.992886
data\paderborn\extracted\KB23\KB23\N09_M07_F10_KB23_16.mat,rolling_element,rolling_element,0.000037,0.002722,0.005702,0.991539
data\paderborn\extracted\KB23\KB23\N09_M07_F10_KB23_16.mat,rolling_element,rolling_element,0.000270,0.083162,0.004052,0.912516
data\paderborn\extracted\KB23\KB23\N09_M07_F10_KB23_16.mat,rolling_element,rolling_element,0.000008,0.006670,0.001480,0.991841
data\paderborn\extracted\KB23\KB23\N09_M07_F10_KB23_16.mat,rolling_element,rolling_element,0.000003,0.011911,0.001635,0.986450
data\paderborn\extracted\KB23\KB23\N09_M07_F10_KB23_16.mat,rolling_element,rolling_element,0.000006,0.009937,0.001259,0.988798
data\paderborn\extracted\KB23\KB23\N09_M07_F10_KB23_16.mat,rolling_element,rolling_element,0.000025,0.003967,0.049809,0.946198
data\paderborn\extracted\KB23\KB23\N09_M07_F10_KB23_16.mat,rolling_element,rolling_element,0.000067,0.003955,0.000893,0.995085
data\paderborn\extracted\KB23\KB23\N09_M07_F10_KB23_16.mat,rolling_element,rolling_element,0.000010,0.001886,0.000388,0.997716
data\paderborn\extracted\KB23\KB23\N09_M07_F10_KB23_16.mat,rolling_element,rolling_element,0.000000,0.013477,0.000179,0.986344
data\paderborn\extracted\KB23\KB23\N09_M07_F10_KB23_16.mat,rolling_element,rolling_element,0.000003,0.000597,0.001548,0.997852
data\paderborn\extracted\KB23\KB23\N09_M07_F10_KB23_16.mat,rolling_element,rolling_element,0.000013,0.005412,0.000547,0.994028
data\paderborn\extracted\KB23\KB23\N09_M07_F10_KB23_16.mat,rolling_element,rolling_element,0.000005,0.004017,0.000191,0.995787
data\paderborn\extracted\KB23\KB23\N09_M07_F10_KB23_17.mat,rolling_element,rolling_element,0.000018,0.001353,0.007187,0.991442
data\paderborn\extracted\KB23\KB23\N09_M07_F10_KB23_17.mat,rolling_element,rolling_element,0.000003,0.009142,0.001621,0.989234
data\paderborn\extracted\KB23\KB23\N09_M07_F10_KB23_17.mat,rolling_element,rolling_element,0.000000,0.004131,0.000442,0.995427
data\paderborn\extracted\KB23\KB23\N09_M07_F10_KB23_17.mat,rolling_element,rolling_element,0.000010,0.000417,0.003038,0.996535
data\paderborn\extracted\KB23\KB23\N09_M07_F10_KB23_17.mat,rolling_element,rolling_element,0.000017,0.000251,0.008000,0.991732
data\paderborn\extracted\KB23\KB23\N09_M07_F10_KB23_17.mat,rolling_element,rolling_element,0.000004,0.029256,0.000149,0.970590
data\paderborn\extracted\KB23\KB23\N09_M07_F10_KB23_17.mat,rolling_element,rolling_element,0.000058,0.120374,0.002348,0.877220
data\paderborn\extracted\KB23\KB23\N09_M07_F10_KB23_17.mat,rolling_element,rolling_element,0.000010,0.001442,0.000186,0.998363
data\paderborn\extracted\KB23\KB23\N09_M07_F10_KB23_17.mat,rolling_element,rolling_element,0.000003,0.001439,0.003250,0.995308
data\paderborn\extracted\KB23\KB23\N09_M07_F10_KB23_17.mat,rolling_element,rolling_element,0.000223,0.051934,0.003936,0.943907
data\paderborn\extracted\KB23\KB23\N09_M07_F10_KB23_17.mat,rolling_element,rolling_element,0.000026,0.040109,0.005195,0.954671
data\paderborn\extracted\KB23\KB23\N09_M07_F10_KB23_17.mat,rolling_element,rolling_element,0.000358,0.017806,0.020507,0.961329
data\paderborn\extracted\KB23\KB23\N09_M07_F10_KB23_17.mat,rolling_element,rolling_element,0.000001,0.003381,0.001045,0.995573
data\paderborn\extracted\KB23\KB23\N09_M07_F10_KB23_17.mat,rolling_element,rolling_element,0.000003,0.001278,0.003315,0.995404
data\paderborn\extracted\KB23\KB23\N09_M07_F10_KB23_17.mat,rolling_element,rolling_element,0.000002,0.001331,0.002569,0.996098
data\paderborn\extracted\KB23\KB23\N09_M07_F10_KB23_17.mat,rolling_element,rolling_element,0.000004,0.004140,0.000769,0.995086
data\paderborn\extracted\KB23\KB23\N09_M07_F10_KB23_18.mat,rolling_element,rolling_element,0.000007,0.000964,0.012971,0.986057
data\paderborn\extracted\KB23\KB23\N09_M07_F10_KB23_18.mat,rolling_element,rolling_element,0.000003,0.000927,0.000597,0.998473
data\paderborn\extracted\KB23\KB23\N09_M07_F10_KB23_18.mat,rolling_element,rolling_element,0.000029,0.005696,0.001633,0.992642
data\paderborn\extracted\KB23\KB23\N09_M07_F10_KB23_18.mat,rolling_element,rolling_element,0.002918,0.170386,0.009199,0.817497
data\paderborn\extracted\KB23\KB23\N09_M07_F10_KB23_18.mat,rolling_element,rolling_element,0.000231,0.021845,0.002021,0.975903
data\paderborn\extracted\KB23\KB23\N09_M07_F10_KB23_18.mat,rolling_element,rolling_element,0.000001,0.000702,0.003161,0.996136
data\paderborn\extracted\KB23\KB23\N09_M07_F10_KB23_18.mat,rolling_element,rolling_element,0.000001,0.000542,0.001093,0.998365
data\paderborn\extracted\KB23\KB23\N09_M07_F10_KB23_18.mat,rolling_element,rolling_element,0.000012,0.001766,0.000951,0.997271
data\paderborn\extracted\KB23\KB23\N09_M07_F10_KB23_18.mat,rolling_element,rolling_element,0.000004,0.013307,0.000217,0.986472
data\paderborn\extracted\KB23\KB23\N09_M07_F10_KB23_18.mat,rolling_element,rolling_element,0.000019,0.002194,0.013377,0.984409
data\paderborn\extracted\KB23\KB23\N09_M07_F10_KB23_18.mat,rolling_element,rolling_element,0.000046,0.209448,0.000642,0.789865
data\paderborn\extracted\KB23\KB23\N09_M07_F10_KB23_18.mat,rolling_element,rolling_element,0.000254,0.266161,0.001125,0.732460
data\paderborn\extracted\KB23\KB23\N09_M07_F10_KB23_18.mat,rolling_element,rolling_element,0.000002,0.000603,0.000448,0.998947
data\paderborn\extracted\KB23\KB23\N09_M07_F10_KB23_18.mat,rolling_element,rolling_element,0.000002,0.005300,0.000151,0.994548
data\paderborn\extracted\KB23\KB23\N09_M07_F10_KB23_18.mat,rolling_element,rolling_element,0.000023,0.002349,0.000364,0.997263
data\paderborn\extracted\KB23\KB23\N09_M07_F10_KB23_18.mat,rolling_element,rolling_element,0.000008,0.005095,0.000652,0.994246
data\paderborn\extracted\KB23\KB23\N09_M07_F10_KB23_19.mat,rolling_element,rolling_element,0.000000,0.000644,0.000252,0.999104
data\paderborn\extracted\KB23\KB23\N09_M07_F10_KB23_19.mat,rolling_element,rolling_element,0.000003,0.000364,0.000704,0.998929
data\paderborn\extracted\KB23\KB23\N09_M07_F10_KB23_19.mat,rolling_element,rolling_element,0.000002,0.001391,0.001248,0.997360
data\paderborn\extracted\KB23\KB23\N09_M07_F10_KB23_19.mat,rolling_element,rolling_element,0.000004,0.003312,0.000277,0.996407
data\paderborn\extracted\KB23\KB23\N09_M07_F10_KB23_19.mat,rolling_element,inner_race,0.000661,0.651613,0.000800,0.346927
data\paderborn\extracted\KB23\KB23\N09_M07_F10_KB23_19.mat,rolling_element,rolling_element,0.000173,0.003908,0.022149,0.973770
data\paderborn\extracted\KB23\KB23\N09_M07_F10_KB23_19.mat,rolling_element,rolling_element,0.000043,0.060553,0.000412,0.938993
data\paderborn\extracted\KB23\KB23\N09_M07_F10_KB23_19.mat,rolling_element,rolling_element,0.000001,0.000557,0.001663,0.997779
data\paderborn\extracted\KB23\KB23\N09_M07_F10_KB23_19.mat,rolling_element,rolling_element,0.000001,0.000387,0.000956,0.998656
data\paderborn\extracted\KB23\KB23\N09_M07_F10_KB23_19.mat,rolling_element,rolling_element,0.000000,0.000513,0.000285,0.999202
data\paderborn\extracted\KB23\KB23\N09_M07_F10_KB23_19.mat,rolling_element,rolling_element,0.000014,0.014687,0.000333,0.984966
data\paderborn\extracted\KB23\KB23\N09_M07_F10_KB23_19.mat,rolling_element,rolling_element,0.000020,0.015179,0.003770,0.981032
data\paderborn\extracted\KB23\KB23\N09_M07_F10_KB23_19.mat,rolling_element,rolling_element,0.000004,0.036256,0.000646,0.963094
data\paderborn\extracted\KB23\KB23\N09_M07_F10_KB23_19.mat,rolling_element,rolling_element,0.000005,0.015867,0.000455,0.983673
data\paderborn\extracted\KB23\KB23\N09_M07_F10_KB23_19.mat,rolling_element,rolling_element,0.000009,0.015508,0.002097,0.982385
data\paderborn\extracted\KB23\KB23\N09_M07_F10_KB23_19.mat,rolling_element,rolling_element,0.000005,0.014022,0.000862,0.985111
data\paderborn\extracted\KB23\KB23\N09_M07_F10_KB23_2.mat,rolling_element,rolling_element,0.000001,0.011901,0.000280,0.987818
data\paderborn\extracted\KB23\KB23\N09_M07_F10_KB23_2.mat,rolling_element,rolling_element,0.000000,0.001505,0.000308,0.998186
data\paderborn\extracted\KB23\KB23\N09_M07_F10_KB23_2.mat,rolling_element,rolling_element,0.000005,0.004642,0.011119,0.984235
data\paderborn\extracted\KB23\KB23\N09_M07_F10_KB23_2.mat,rolling_element,rolling_element,0.000120,0.161357,0.008898,0.829625
data\paderborn\extracted\KB23\KB23\N09_M07_F10_KB23_2.mat,rolling_element,rolling_element,0.000044,0.015562,0.005462,0.978932
data\paderborn\extracted\KB23\KB23\N09_M07_F10_KB23_2.mat,rolling_element,rolling_element,0.000002,0.000945,0.001737,0.997316
data\paderborn\extracted\KB23\KB23\N09_M07_F10_KB23_2.mat,rolling_element,rolling_element,0.000001,0.001764,0.001497,0.996738
data\paderborn\extracted\KB23\KB23\N09_M07_F10_KB23_2.mat,rolling_element,rolling_element,0.000001,0.016229,0.000516,0.983253
data\paderborn\extracted\KB23\KB23\N09_M07_F10_KB23_2.mat,rolling_element,rolling_element,0.000093,0.196662,0.000995,0.802250
data\paderborn\extracted\KB23\KB23\N09_M07_F10_KB23_2.mat,rolling_element,rolling_element,0.000110,0.006728,0.011002,0.982160
data\paderborn\extracted\KB23\KB23\N09_M07_F10_KB23_2.mat,rolling_element,rolling_element,0.000052,0.026900,0.000553,0.972495
data\paderborn\extracted\KB23\KB23\N09_M07_F10_KB23_2.mat,rolling_element,rolling_element,0.000003,0.001026,0.000169,0.998801
data\paderborn\extracted\KB23\KB23\N09_M07_F10_KB23_2.mat,rolling_element,rolling_element,0.000002,0.000478,0.000642,0.998878
data\paderborn\extracted\KB23\KB23\N09_M07_F10_KB23_2.mat,rolling_element,rolling_element,0.000001,0.000291,0.004063,0.995645
data\paderborn\extracted\KB23\KB23\N09_M07_F10_KB23_2.mat,rolling_element,rolling_element,0.000001,0.002201,0.000462,0.997336
data\paderborn\extracted\KB23\KB23\N09_M07_F10_KB23_2.mat,rolling_element,rolling_element,0.001393,0.070760,0.013503,0.914344
data\paderborn\extracted\KB23\KB23\N09_M07_F10_KB23_20.mat,rolling_element,rolling_element,0.000007,0.034654,0.001213,0.964126
data\paderborn\extracted\KB23\KB23\N09_M07_F10_KB23_20.mat,rolling_element,rolling_element,0.000033,0.000323,0.020683,0.978961
data\paderborn\extracted\KB23\KB23\N09_M07_F10_KB23_20.mat,rolling_element,rolling_element,0.000056,0.018436,0.000564,0.980944
data\paderborn\extracted\KB23\KB23\N09_M07_F10_KB23_20.mat,rolling_element,rolling_element,0.000083,0.022980,0.001309,0.975629
data\paderborn\extracted\KB23\KB23\N09_M07_F10_KB23_20.mat,rolling_element,rolling_element,0.000039,0.009397,0.011029,0.979535
data\paderborn\extracted\KB23\KB23\N09_M07_F10_KB23_20.mat,rolling_element,rolling_element,0.000011,0.000824,0.000954,0.998212
data\paderborn\extracted\KB23\KB23\N09_M07_F10_KB23_20.mat,rolling_element,rolling_element,0.000024,0.047086,0.001847,0.951044
data\paderborn\extracted\KB23\KB23\N09_M07_F10_KB23_20.mat,rolling_element,rolling_element,0.000005,0.011213,0.002489,0.986293
data\paderborn\extracted\KB23\KB23\N09_M07_F10_KB23_20.mat,rolling_element,rolling_element,0.000004,0.002348,0.001291,0.996357
data\paderborn\extracted\KB23\KB23\N09_M07_F10_KB23_20.mat,rolling_element,rolling_element,0.000070,0.004118,0.003628,0.992184
data\paderborn\extracted\KB23\KB23\N09_M07_F10_KB23_20.mat,rolling_element,rolling_element,0.000003,0.001494,0.001495,0.997007
data\paderborn\extracted\KB23\KB23\N09_M07_F10_KB23_20.mat,rolling_element,rolling_element,0.000001,0.000181,0.000844,0.998974
data\paderborn\extracted\KB23\KB23\N09_M07_F10_KB23_20.mat,rolling_element,rolling_element,0.000001,0.001578,0.000162,0.998258
data\paderborn\extracted\KB23\KB23\N09_M07_F10_KB23_20.mat,rolling_element,rolling_element,0.000102,0.020121,0.001222,0.978554
data\paderborn\extracted\KB23\KB23\N09_M07_F10_KB23_20.mat,rolling_element,rolling_element,0.000005,0.014010,0.000215,0.985770
data\paderborn\extracted\KB23\KB23\N09_M07_F10_KB23_20.mat,rolling_element,rolling_element,0.000025,0.053357,0.002451,0.944167
data\paderborn\extracted\KB23\KB23\N09_M07_F10_KB23_3.mat,rolling_element,rolling_element,0.000021,0.001025,0.086807,0.912147
data\paderborn\extracted\KB23\KB23\N09_M07_F10_KB23_3.mat,rolling_element,rolling_element,0.000003,0.000339,0.002525,0.997133
data\paderborn\extracted\KB23\KB23\N09_M07_F10_KB23_3.mat,rolling_element,rolling_element,0.000009,0.064338,0.002533,0.933120
data\paderborn\extracted\KB23\KB23\N09_M07_F10_KB23_3.mat,rolling_element,rolling_element,0.000005,0.042419,0.001659,0.955917
data\paderborn\extracted\KB23\KB23\N09_M07_F10_KB23_3.mat,rolling_element,rolling_element,0.000028,0.003775,0.000351,0.995846
data\paderborn\extracted\KB23\KB23\N09_M07_F10_KB23_3.mat,rolling_element,rolling_element,0.000007,0.002198,0.002766,0.995029
data\paderborn\extracted\KB23\KB23\N09_M07_F10_KB23_3.mat,rolling_element,rolling_element,0.000003,0.002341,0.000245,0.997411
data\paderborn\extracted\KB23\KB23\N09_M07_F10_KB23_3.mat,rolling_element,rolling_element,0.000004,0.004060,0.000154,0.995783
data\paderborn\extracted\KB23\KB23\N09_M07_F10_KB23_3.mat,rolling_element,rolling_element,0.000116,0.103222,0.003301,0.893361
data\paderborn\extracted\KB23\KB23\N09_M07_F10_KB23_3.mat,rolling_element,rolling_element,0.000016,0.003376,0.003191,0.993417
data\paderborn\extracted\KB23\KB23\N09_M07_F10_KB23_3.mat,rolling_element,rolling_element,0.000177,0.253333,0.001046,0.745444
data\paderborn\extracted\KB23\KB23\N09_M07_F10_KB23_3.mat,rolling_element,rolling_element,0.000124,0.021047,0.006245,0.972584
data\paderborn\extracted\KB23\KB23\N09_M07_F10_KB23_3.mat,rolling_element,rolling_element,0.000017,0.000932,0.004778,0.994273
data\paderborn\extracted\KB23\KB23\N09_M07_F10_KB23_3.mat,rolling_element,rolling_element,0.000005,0.000279,0.033157,0.966558
data\paderborn\extracted\KB23\KB23\N09_M07_F10_KB23_3.mat,rolling_element,rolling_element,0.000004,0.009261,0.001239,0.989497
data\paderborn\extracted\KB23\KB23\N09_M07_F10_KB23_3.mat,rolling_element,rolling_element,0.000363,0.144197,0.003093,0.852347
data\paderborn\extracted\KB23\KB23\N09_M07_F10_KB23_4.mat,rolling_element,rolling_element,0.000044,0.012540,0.002451,0.984966
data\paderborn\extracted\KB23\KB23\N09_M07_F10_KB23_4.mat,rolling_element,rolling_element,0.000012,0.001463,0.000813,0.997713
data\paderborn\extracted\KB23\KB23\N09_M07_F10_KB23_4.mat,rolling_element,rolling_element,0.000001,0.000402,0.001114,0.998483
data\paderborn\extracted\KB23\KB23\N09_M07_F10_KB23_4.mat,rolling_element,rolling_element,0.000000,0.008177,0.000251,0.991572
data\paderborn\extracted\KB23\KB23\N09_M07_F10_KB23_4.mat,rolling_element,rolling_element,0.000010,0.001248,0.015339,0.983402
data\paderborn\extracted\KB23\KB23\N09_M07_F10_KB23_4.mat,rolling_element,rolling_element,0.000300,0.004885,0.001899,0.992916
data\paderborn\extracted\KB23\KB23\N09_M07_F10_KB23_4.mat,rolling_element,rolling_element,0.000003,0.001647,0.000364,0.997986
data\paderborn\extracted\KB23\KB23\N09_M07_F10_KB23_4.mat,rolling_element,rolling_element,0.000012,0.001660,0.003442,0.994887
data\paderborn\extracted\KB23\KB23\N09_M07_F10_KB23_4.mat,rolling_element,rolling_element,0.000008,0.001549,0.000609,0.997834
data\paderborn\extracted\KB23\KB23\N09_M07_F10_KB23_4.mat,rolling_element,rolling_element,0.000124,0.053521,0.001179,0.945177
data\paderborn\extracted\KB23\KB23\N09_M07_F10_KB23_4.mat,rolling_element,rolling_element,0.000004,0.000721,0.000587,0.998688
data\paderborn\extracted\KB23\KB23\N09_M07_F10_KB23_4.mat,rolling_element,rolling_element,0.000012,0.011260,0.001259,0.987469
data\paderborn\extracted\KB23\KB23\N09_M07_F10_KB23_4.mat,rolling_element,inner_race,0.000791,0.764219,0.002114,0.232876
data\paderborn\extracted\KB23\KB23\N09_M07_F10_KB23_4.mat,rolling_element,rolling_element,0.000001,0.007492,0.001704,0.990803
data\paderborn\extracted\KB23\KB23\N09_M07_F10_KB23_4.mat,rolling_element,rolling_element,0.000007,0.001685,0.001992,0.996316
data\paderborn\extracted\KB23\KB23\N09_M07_F10_KB23_4.mat,rolling_element,rolling_element,0.000001,0.000321,0.000587,0.999091
data\paderborn\extracted\KB23\KB23\N09_M07_F10_KB23_5.mat,rolling_element,rolling_element,0.000002,0.001810,0.001987,0.996201
data\paderborn\extracted\KB23\KB23\N09_M07_F10_KB23_5.mat,rolling_element,rolling_element,0.000011,0.010871,0.000392,0.988727
data\paderborn\extracted\KB23\KB23\N09_M07_F10_KB23_5.mat,rolling_element,rolling_element,0.000008,0.012255,0.000418,0.987319
data\paderborn\extracted\KB23\KB23\N09_M07_F10_KB23_5.mat,rolling_element,rolling_element,0.000004,0.000614,0.001023,0.998359
data\paderborn\extracted\KB23\KB23\N09_M07_F10_KB23_5.mat,rolling_element,rolling_element,0.000030,0.016985,0.000214,0.982771
data\paderborn\extracted\KB23\KB23\N09_M07_F10_KB23_5.mat,rolling_element,rolling_element,0.000004,0.016023,0.000805,0.983168
data\paderborn\extracted\KB23\KB23\N09_M07_F10_KB23_5.mat,rolling_element,rolling_element,0.000000,0.000454,0.000477,0.999068
data\paderborn\extracted\KB23\KB23\N09_M07_F10_KB23_5.mat,rolling_element,rolling_element,0.000000,0.001147,0.001013,0.997839
data\paderborn\extracted\KB23\KB23\N09_M07_F10_KB23_5.mat,rolling_element,rolling_element,0.000346,0.069928,0.002066,0.927660
data\paderborn\extracted\KB23\KB23\N09_M07_F10_KB23_5.mat,rolling_element,rolling_element,0.000656,0.116869,0.002083,0.880393
data\paderborn\extracted\KB23\KB23\N09_M07_F10_KB23_5.mat,rolling_element,rolling_element,0.000043,0.005977,0.001232,0.992748
data\paderborn\extracted\KB23\KB23\N09_M07_F10_KB23_5.mat,rolling_element,rolling_element,0.000085,0.164409,0.000764,0.834742
data\paderborn\extracted\KB23\KB23\N09_M07_F10_KB23_5.mat,rolling_element,rolling_element,0.000006,0.000494,0.005650,0.993850
data\paderborn\extracted\KB23\KB23\N09_M07_F10_KB23_5.mat,rolling_element,rolling_element,0.000004,0.000840,0.001616,0.997540
data\paderborn\extracted\KB23\KB23\N09_M07_F10_KB23_5.mat,rolling_element,rolling_element,0.000002,0.001761,0.000155,0.998082
data\paderborn\extracted\KB23\KB23\N09_M07_F10_KB23_5.mat,rolling_element,rolling_element,0.000065,0.008282,0.000890,0.990762
data\paderborn\extracted\KB23\KB23\N09_M07_F10_KB23_6.mat,rolling_element,rolling_element,0.000004,0.002623,0.011912,0.985461
data\paderborn\extracted\KB23\KB23\N09_M07_F10_KB23_6.mat,rolling_element,rolling_element,0.000023,0.051137,0.002481,0.946358
data\paderborn\extracted\KB23\KB23\N09_M07_F10_KB23_6.mat,rolling_element,rolling_element,0.000048,0.019958,0.006003,0.973992
data\paderborn\extracted\KB23\KB23\N09_M07_F10_KB23_6.mat,rolling_element,rolling_element,0.000218,0.081006,0.000663,0.918113
data\paderborn\extracted\KB23\KB23\N09_M07_F10_KB23_6.mat,rolling_element,rolling_element,0.000044,0.007748,0.005694,0.986514
data\paderborn\extracted\KB23\KB23\N09_M07_F10_KB23_6.mat,rolling_element,rolling_element,0.000007,0.001882,0.000847,0.997264
data\paderborn\extracted\KB23\KB23\N09_M07_F10_KB23_6.mat,rolling_element,rolling_element,0.000025,0.115243,0.000740,0.883992
data\paderborn\extracted\KB23\KB23\N09_M07_F10_KB23_6.mat,rolling_element,rolling_element,0.000002,0.000782,0.000650,0.998566
data\paderborn\extracted\KB23\KB23\N09_M07_F10_KB23_6.mat,rolling_element,rolling_element,0.000081,0.014206,0.000883,0.984830
data\paderborn\extracted\KB23\KB23\N09_M07_F10_KB23_6.mat,rolling_element,rolling_element,0.000005,0.001311,0.006587,0.992097
data\paderborn\extracted\KB23\KB23\N09_M07_F10_KB23_6.mat,rolling_element,rolling_element,0.000010,0.004860,0.000325,0.994805
data\paderborn\extracted\KB23\KB23\N09_M07_F10_KB23_6.mat,rolling_element,rolling_element,0.000004,0.001138,0.001746,0.997112
data\paderborn\extracted\KB23\KB23\N09_M07_F10_KB23_6.mat,rolling_element,rolling_element,0.000002,0.000241,0.002553,0.997204
data\paderborn\extracted\KB23\KB23\N09_M07_F10_KB23_6.mat,rolling_element,rolling_element,0.000001,0.001354,0.001356,0.997289
data\paderborn\extracted\KB23\KB23\N09_M07_F10_KB23_6.mat,rolling_element,rolling_element,0.000025,0.028208,0.000621,0.971145
data\paderborn\extracted\KB23\KB23\N09_M07_F10_KB23_6.mat,rolling_element,rolling_element,0.000142,0.046179,0.002344,0.951335
data\paderborn\extracted\KB23\KB23\N09_M07_F10_KB23_7.mat,rolling_element,rolling_element,0.000004,0.003250,0.003683,0.993063
data\paderborn\extracted\KB23\KB23\N09_M07_F10_KB23_7.mat,rolling_element,rolling_element,0.000008,0.000571,0.000598,0.998823
data\paderborn\extracted\KB23\KB23\N09_M07_F10_KB23_7.mat,rolling_element,rolling_element,0.000006,0.003401,0.000152,0.996440
data\paderborn\extracted\KB23\KB23\N09_M07_F10_KB23_7.mat,rolling_element,rolling_element,0.000002,0.001035,0.000445,0.998519
data\paderborn\extracted\KB23\KB23\N09_M07_F10_KB23_7.mat,rolling_element,rolling_element,0.000059,0.039708,0.002289,0.957944
data\paderborn\extracted\KB23\KB23\N09_M07_F10_KB23_7.mat,rolling_element,rolling_element,0.000147,0.208134,0.001151,0.790567
data\paderborn\extracted\KB23\KB23\N09_M07_F10_KB23_7.mat,rolling_element,rolling_element,0.000029,0.038203,0.001139,0.960630
data\paderborn\extracted\KB23\KB23\N09_M07_F10_KB23_7.mat,rolling_element,rolling_element,0.000003,0.000210,0.000841,0.998946
data\paderborn\extracted\KB23\KB23\N09_M07_F10_KB23_7.mat,rolling_element,rolling_element,0.000004,0.000183,0.009146,0.990667
data\paderborn\extracted\KB23\KB23\N09_M07_F10_KB23_7.mat,rolling_element,rolling_element,0.000001,0.001708,0.001928,0.996363
data\paderborn\extracted\KB23\KB23\N09_M07_F10_KB23_7.mat,rolling_element,rolling_element,0.000034,0.003502,0.006520,0.989945
data\paderborn\extracted\KB23\KB23\N09_M07_F10_KB23_7.mat,rolling_element,rolling_element,0.000041,0.043576,0.001234,0.955149
data\paderborn\extracted\KB23\KB23\N09_M07_F10_KB23_7.mat,rolling_element,rolling_element,0.000024,0.028372,0.001612,0.969993
data\paderborn\extracted\KB23\KB23\N09_M07_F10_KB23_7.mat,rolling_element,rolling_element,0.000004,0.007244,0.000340,0.992412
data\paderborn\extracted\KB23\KB23\N09_M07_F10_KB23_7.mat,rolling_element,rolling_element,0.000002,0.001140,0.000510,0.998348
data\paderborn\extracted\KB23\KB23\N09_M07_F10_KB23_7.mat,rolling_element,rolling_element,0.000023,0.026630,0.002527,0.970819
data\paderborn\extracted\KB23\KB23\N09_M07_F10_KB23_8.mat,rolling_element,rolling_element,0.000554,0.160741,0.002613,0.836092
data\paderborn\extracted\KB23\KB23\N09_M07_F10_KB23_8.mat,rolling_element,rolling_element,0.000011,0.000491,0.041865,0.957634
data\paderborn\extracted\KB23\KB23\N09_M07_F10_KB23_8.mat,rolling_element,rolling_element,0.000002,0.002194,0.000417,0.997387
data\paderborn\extracted\KB23\KB23\N09_M07_F10_KB23_8.mat,rolling_element,rolling_element,0.000011,0.003106,0.002812,0.994072
data\paderborn\extracted\KB23\KB23\N09_M07_F10_KB23_8.mat,rolling_element,rolling_element,0.000001,0.001389,0.000348,0.998262
data\paderborn\extracted\KB23\KB23\N09_M07_F10_KB23_8.mat,rolling_element,rolling_element,0.000004,0.000390,0.006257,0.993349
data\paderborn\extracted\KB23\KB23\N09_M07_F10_KB23_8.mat,rolling_element,rolling_element,0.000010,0.032970,0.000782,0.966238
data\paderborn\extracted\KB23\KB23\N09_M07_F10_KB23_8.mat,rolling_element,rolling_element,0.000006,0.019239,0.003392,0.977363
data\paderborn\extracted\KB23\KB23\N09_M07_F10_KB23_8.mat,rolling_element,rolling_element,0.000042,0.018747,0.001806,0.979405
data\paderborn\extracted\KB23\KB23\N09_M07_F10_KB23_8.mat,rolling_element,rolling_element,0.000004,0.000259,0.002226,0.997512
data\paderborn\extracted\KB23\KB23\N09_M07_F10_KB23_8.mat,rolling_element,rolling_element,0.000003,0.000509,0.005322,0.994167
data\paderborn\extracted\KB23\KB23\N09_M07_F10_KB23_8.mat,rolling_element,rolling_element,0.000079,0.153971,0.002294,0.843656
data\paderborn\extracted\KB23\KB23\N09_M07_F10_KB23_8.mat,rolling_element,rolling_element,0.000554,0.154150,0.027469,0.817826
data\paderborn\extracted\KB23\KB23\N09_M07_F10_KB23_8.mat,rolling_element,rolling_element,0.000020,0.017273,0.031391,0.951316
data\paderborn\extracted\KB23\KB23\N09_M07_F10_KB23_8.mat,rolling_element,rolling_element,0.000000,0.000717,0.000267,0.999016
data\paderborn\extracted\KB23\KB23\N09_M07_F10_KB23_8.mat,rolling_element,rolling_element,0.000000,0.000842,0.000323,0.998834
data\paderborn\extracted\KB23\KB23\N09_M07_F10_KB23_9.mat,rolling_element,rolling_element,0.000004,0.003272,0.000124,0.996600
data\paderborn\extracted\KB23\KB23\N09_M07_F10_KB23_9.mat,rolling_element,rolling_element,0.000002,0.003562,0.000742,0.995694
data\paderborn\extracted\KB23\KB23\N09_M07_F10_KB23_9.mat,rolling_element,rolling_element,0.000008,0.000415,0.005518,0.994059
data\paderborn\extracted\KB23\KB23\N09_M07_F10_KB23_9.mat,rolling_element,rolling_element,0.000042,0.024778,0.000828,0.974352
data\paderborn\extracted\KB23\KB23\N09_M07_F10_KB23_9.mat,rolling_element,rolling_element,0.000003,0.001256,0.002063,0.996677
data\paderborn\extracted\KB23\KB23\N09_M07_F10_KB23_9.mat,rolling_element,rolling_element,0.000025,0.012647,0.001129,0.986199
data\paderborn\extracted\KB23\KB23\N09_M07_F10_KB23_9.mat,rolling_element,rolling_element,0.000351,0.042091,0.001665,0.955893
data\paderborn\extracted\KB23\KB23\N09_M07_F10_KB23_9.mat,rolling_element,rolling_element,0.000122,0.084639,0.001719,0.913521
data\paderborn\extracted\KB23\KB23\N09_M07_F10_KB23_9.mat,rolling_element,rolling_element,0.000095,0.017189,0.004046,0.978670
data\paderborn\extracted\KB23\KB23\N09_M07_F10_KB23_9.mat,rolling_element,rolling_element,0.000000,0.000541,0.000343,0.999117
data\paderborn\extracted\KB23\KB23\N09_M07_F10_KB23_9.mat,rolling_element,rolling_element,0.000001,0.000506,0.001248,0.998245
data\paderborn\extracted\KB23\KB23\N09_M07_F10_KB23_9.mat,rolling_element,rolling_element,0.000006,0.001439,0.000718,0.997836
data\paderborn\extracted\KB23\KB23\N09_M07_F10_KB23_9.mat,rolling_element,rolling_element,0.000005,0.004024,0.000365,0.995606
data\paderborn\extracted\KB23\KB23\N09_M07_F10_KB23_9.mat,rolling_element,rolling_element,0.000007,0.010149,0.000254,0.989590
data\paderborn\extracted\KB23\KB23\N09_M07_F10_KB23_9.mat,rolling_element,rolling_element,0.000018,0.006111,0.001966,0.991905
data\paderborn\extracted\KB23\KB23\N09_M07_F10_KB23_9.mat,rolling_element,rolling_element,0.000039,0.007600,0.000284,0.992077
data\paderborn\extracted\KB23\KB23\N15_M01_F10_KB23_1.mat,rolling_element,rolling_element,0.000005,0.005105,0.000707,0.994183
data\paderborn\extracted\KB23\KB23\N15_M01_F10_KB23_1.mat,rolling_element,rolling_element,0.000002,0.003586,0.000598,0.995814
data\paderborn\extracted\KB23\KB23\N15_M01_F10_KB23_1.mat,rolling_element,rolling_element,0.000001,0.001011,0.000439,0.998549
data\paderborn\extracted\KB23\KB23\N15_M01_F10_KB23_1.mat,rolling_element,rolling_element,0.000000,0.000367,0.000161,0.999472
data\paderborn\extracted\KB23\KB23\N15_M01_F10_KB23_1.mat,rolling_element,rolling_element,0.000000,0.001279,0.000211,0.998509
data\paderborn\extracted\KB23\KB23\N15_M01_F10_KB23_1.mat,rolling_element,rolling_element,0.000000,0.003957,0.000326,0.995717
data\paderborn\extracted\KB23\KB23\N15_M01_F10_KB23_1.mat,rolling_element,rolling_element,0.000009,0.002514,0.000994,0.996483
data\paderborn\extracted\KB23\KB23\N15_M01_F10_KB23_1.mat,rolling_element,rolling_element,0.000022,0.003104,0.000333,0.996540
data\paderborn\extracted\KB23\KB23\N15_M01_F10_KB23_1.mat,rolling_element,rolling_element,0.000001,0.001838,0.000235,0.997926
data\paderborn\extracted\KB23\KB23\N15_M01_F10_KB23_1.mat,rolling_element,rolling_element,0.000004,0.005764,0.000909,0.993323
data\paderborn\extracted\KB23\KB23\N15_M01_F10_KB23_1.mat,rolling_element,rolling_element,0.000006,0.005011,0.000288,0.994696
data\paderborn\extracted\KB23\KB23\N15_M01_F10_KB23_1.mat,rolling_element,rolling_element,0.000002,0.002348,0.000272,0.997378
data\paderborn\extracted\KB23\KB23\N15_M01_F10_KB23_1.mat,rolling_element,rolling_element,0.000005,0.004075,0.000308,0.995612
data\paderborn\extracted\KB23\KB23\N15_M01_F10_KB23_1.mat,rolling_element,rolling_element,0.000001,0.001968,0.000773,0.997258
data\paderborn\extracted\KB23\KB23\N15_M01_F10_KB23_1.mat,rolling_element,rolling_element,0.000028,0.002580,0.000465,0.996927
data\paderborn\extracted\KB23\KB23\N15_M01_F10_KB23_1.mat,rolling_element,rolling_element,0.000002,0.000764,0.000990,0.998244
data\paderborn\extracted\KB23\KB23\N15_M01_F10_KB23_10.mat,rolling_element,rolling_element,0.000001,0.000204,0.002303,0.997492
data\paderborn\extracted\KB23\KB23\N15_M01_F10_KB23_10.mat,rolling_element,rolling_element,0.000000,0.000663,0.000178,0.999158
data\paderborn\extracted\KB23\KB23\N15_M01_F10_KB23_10.mat,rolling_element,rolling_element,0.000003,0.000912,0.000347,0.998738
data\paderborn\extracted\KB23\KB23\N15_M01_F10_KB23_10.mat,rolling_element,rolling_element,0.000004,0.002046,0.000926,0.997024
data\paderborn\extracted\KB23\KB23\N15_M01_F10_KB23_10.mat,rolling_element,rolling_element,0.000032,0.001182,0.000666,0.998121
data\paderborn\extracted\KB23\KB23\N15_M01_F10_KB23_10.mat,rolling_element,rolling_element,0.000093,0.001419,0.005903,0.992584
data\paderborn\extracted\KB23\KB23\N15_M01_F10_KB23_10.mat,rolling_element,rolling_element,0.000005,0.000163,0.000508,0.999324
data\paderborn\extracted\KB23\KB23\N15_M01_F10_KB23_10.mat,rolling_element,rolling_element,0.000001,0.000595,0.000361,0.999043
data\paderborn\extracted\KB23\KB23\N15_M01_F10_KB23_10.mat,rolling_element,rolling_element,0.000054,0.000935,0.001072,0.997939
data\paderborn\extracted\KB23\KB23\N15_M01_F10_KB23_10.mat,rolling_element,rolling_element,0.000001,0.000254,0.001131,0.998614
data\paderborn\extracted\KB23\KB23\N15_M01_F10_KB23_10.mat,rolling_element,rolling_element,0.000001,0.002932,0.000887,0.996179
data\paderborn\extracted\KB23\KB23\N15_M01_F10_KB23_10.mat,rolling_element,rolling_element,0.000169,0.036253,0.000875,0.962702
data\paderborn\extracted\KB23\KB23\N15_M01_F10_KB23_10.mat,rolling_element,rolling_element,0.000000,0.001735,0.000161,0.998104
data\paderborn\extracted\KB23\KB23\N15_M01_F10_KB23_10.mat,rolling_element,rolling_element,0.000001,0.003999,0.000288,0.995713
data\paderborn\extracted\KB23\KB23\N15_M01_F10_KB23_10.mat,rolling_element,rolling_element,0.000009,0.002965,0.000355,0.996671
data\paderborn\extracted\KB23\KB23\N15_M01_F10_KB23_10.mat,rolling_element,rolling_element,0.000001,0.000368,0.000235,0.999396
data\paderborn\extracted\KB23\KB23\N15_M01_F10_KB23_11.mat,rolling_element,rolling_element,0.000000,0.001501,0.000210,0.998288
data\paderborn\extracted\KB23\KB23\N15_M01_F10_KB23_11.mat,rolling_element,rolling_element,0.000098,0.000725,0.000910,0.998267
data\paderborn\extracted\KB23\KB23\N15_M01_F10_KB23_11.mat,rolling_element,rolling_element,0.000436,0.000754,0.001969,0.996842
data\paderborn\extracted\KB23\KB23\N15_M01_F10_KB23_11.mat,rolling_element,rolling_element,0.000002,0.000991,0.001980,0.997026
data\paderborn\extracted\KB23\KB23\N15_M01_F10_KB23_11.mat,rolling_element,rolling_element,0.000000,0.000613,0.000442,0.998945
data\paderborn\extracted\KB23\KB23\N15_M01_F10_KB23_11.mat,rolling_element,rolling_element,0.000000,0.000658,0.000174,0.999168
data\paderborn\extracted\KB23\KB23\N15_M01_F10_KB23_11.mat,rolling_element,rolling_element,0.000002,0.000906,0.000480,0.998612
data\paderborn\extracted\KB23\KB23\N15_M01_F10_KB23_11.mat,rolling_element,rolling_element,0.000006,0.001521,0.001138,0.997336
data\paderborn\extracted\KB23\KB23\N15_M01_F10_KB23_11.mat,rolling_element,rolling_element,0.000007,0.005192,0.000118,0.994683
data\paderborn\extracted\KB23\KB23\N15_M01_F10_KB23_11.mat,rolling_element,rolling_element,0.000001,0.001181,0.000172,0.998646
data\paderborn\extracted\KB23\KB23\N15_M01_F10_KB23_11.mat,rolling_element,rolling_element,0.000010,0.000805,0.002176,0.997010
data\paderborn\extracted\KB23\KB23\N15_M01_F10_KB23_11.mat,rolling_element,rolling_element,0.000001,0.002359,0.000799,0.996841
data\paderborn\extracted\KB23\KB23\N15_M01_F10_KB23_11.mat,rolling_element,rolling_element,0.000015,0.001267,0.000823,0.997895
data\paderborn\extracted\KB23\KB23\N15_M01_F10_KB23_11.mat,rolling_element,rolling_element,0.000011,0.010906,0.000259,0.988824
data\paderborn\extracted\KB23\KB23\N15_M01_F10_KB23_11.mat,rolling_element,rolling_element,0.000009,0.002740,0.000821,0.996429
data\paderborn\extracted\KB23\KB23\N15_M01_F10_KB23_11.mat,rolling_element,rolling_element,0.000000,0.000711,0.000343,0.998946
data\paderborn\extracted\KB23\KB23\N15_M01_F10_KB23_12.mat,rolling_element,rolling_element,0.000000,0.000396,0.000282,0.999321
data\paderborn\extracted\KB23\KB23\N15_M01_F10_KB23_12.mat,rolling_element,rolling_element,0.000001,0.003582,0.000339,0.996078
data\paderborn\extracted\KB23\KB23\N15_M01_F10_KB23_12.mat,rolling_element,rolling_element,0.000000,0.003328,0.000328,0.996344
data\paderborn\extracted\KB23\KB23\N15_M01_F10_KB23_12.mat,rolling_element,rolling_element,0.000172,0.019994,0.001556,0.978278
data\paderborn\extracted\KB23\KB23\N15_M01_F10_KB23_12.mat,rolling_element,rolling_element,0.000021,0.003536,0.000533,0.995910
data\paderborn\extracted\KB23\KB23\N15_M01_F10_KB23_12.mat,rolling_element,rolling_element,0.000005,0.001000,0.000198,0.998797
data\paderborn\extracted\KB23\KB23\N15_M01_F10_KB23_12.mat,rolling_element,rolling_element,0.000001,0.001775,0.000208,0.998016
data\paderborn\extracted\KB23\KB23\N15_M01_F10_KB23_12.mat,rolling_element,rolling_element,0.000001,0.001286,0.001251,0.997462
data\paderborn\extracted\KB23\KB23\N15_M01_F10_KB23_12.mat,rolling_element,rolling_element,0.000002,0.000427,0.001683,0.997888
data\paderborn\extracted\KB23\KB23\N15_M01_F10_KB23_12.mat,rolling_element,rolling_element,0.000000,0.002189,0.000158,0.997652
data\paderborn\extracted\KB23\KB23\N15_M01_F10_KB23_12.mat,rolling_element,rolling_element,0.000011,0.002933,0.000287,0.996770
data\paderborn\extracted\KB23\KB23\N15_M01_F10_KB23_12.mat,rolling_element,rolling_element,0.000002,0.000449,0.000485,0.999065
data\paderborn\extracted\KB23\KB23\N15_M01_F10_KB23_12.mat,rolling_element,rolling_element,0.000001,0.001106,0.000708,0.998185
data\paderborn\extracted\KB23\KB23\N15_M01_F10_KB23_12.mat,rolling_element,rolling_element,0.000003,0.002331,0.001440,0.996226
data\paderborn\extracted\KB23\KB23\N15_M01_F10_KB23_12.mat,rolling_element,rolling_element,0.000004,0.000266,0.000533,0.999197
data\paderborn\extracted\KB23\KB23\N15_M01_F10_KB23_12.mat,rolling_element,rolling_element,0.000019,0.023856,0.001047,0.975077
data\paderborn\extracted\KB23\KB23\N15_M01_F10_KB23_13.mat,rolling_element,rolling_element,0.000003,0.002974,0.000666,0.996357
data\paderborn\extracted\KB23\KB23\N15_M01_F10_KB23_13.mat,rolling_element,rolling_element,0.000002,0.001031,0.000339,0.998628
data\paderborn\extracted\KB23\KB23\N15_M01_F10_KB23_13.mat,rolling_element,rolling_element,0.000015,0.000284,0.000489,0.999212
data\paderborn\extracted\KB23\KB23\N15_M01_F10_KB23_13.mat,rolling_element,rolling_element,0.000002,0.000275,0.000670,0.999054
data\paderborn\extracted\KB23\KB23\N15_M01_F10_KB23_13.mat,rolling_element,rolling_element,0.000000,0.000519,0.001447,0.998034
data\paderborn\extracted\KB23\KB23\N15_M01_F10_KB23_13.mat,rolling_element,rolling_element,0.000000,0.000585,0.000341,0.999074
data\paderborn\extracted\KB23\KB23\N15_M01_F10_KB23_13.mat,rolling_element,rolling_element,0.000006,0.010974,0.000068,0.988953
data\paderborn\extracted\KB23\KB23\N15_M01_F10_KB23_13.mat,rolling_element,rolling_element,0.000005,0.001227,0.000303,0.998466
data\paderborn\extracted\KB23\KB23\N15_M01_F10_KB23_13.mat,rolling_element,rolling_element,0.000011,0.000536,0.000688,0.998766
data\paderborn\extracted\KB23\KB23\N15_M01_F10_KB23_13.mat,rolling_element,rolling_element,0.000000,0.000898,0.000240,0.998862
data\paderborn\extracted\KB23\KB23\N15_M01_F10_KB23_13.mat,rolling_element,rolling_element,0.000001,0.001638,0.001081,0.997279
data\paderborn\extracted\KB23\KB23\N15_M01_F10_KB23_13.mat,rolling_element,rolling_element,0.000005,0.000898,0.001601,0.997496
data\paderborn\extracted\KB23\KB23\N15_M01_F10_KB23_13.mat,rolling_element,rolling_element,0.000004,0.000264,0.000788,0.998944
data\paderborn\extracted\KB23\KB23\N15_M01_F10_KB23_13.mat,rolling_element,rolling_element,0.000012,0.003213,0.001657,0.995119
data\paderborn\extracted\KB23\KB23\N15_M01_F10_KB23_13.mat,rolling_element,rolling_element,0.000001,0.001053,0.000126,0.998820
data\paderborn\extracted\KB23\KB23\N15_M01_F10_KB23_13.mat,rolling_element,rolling_element,0.000000,0.000268,0.000421,0.999311
data\paderborn\extracted\KB23\KB23\N15_M01_F10_KB23_14.mat,rolling_element,rolling_element,0.000000,0.003239,0.000227,0.996533
data\paderborn\extracted\KB23\KB23\N15_M01_F10_KB23_14.mat,rolling_element,rolling_element,0.000002,0.001872,0.002573,0.995552
data\paderborn\extracted\KB23\KB23\N15_M01_F10_KB23_14.mat,rolling_element,rolling_element,0.000014,0.000939,0.002298,0.996749
data\paderborn\extracted\KB23\KB23\N15_M01_F10_KB23_14.mat,rolling_element,rolling_element,0.000009,0.002073,0.002177,0.995741
data\paderborn\extracted\KB23\KB23\N15_M01_F10_KB23_14.mat,rolling_element,rolling_element,0.000004,0.000357,0.000724,0.998915
data\paderborn\extracted\KB23\KB23\N15_M01_F10_KB23_14.mat,rolling_element,rolling_element,0.000005,0.000350,0.000301,0.999344
data\paderborn\extracted\KB23\KB23\N15_M01_F10_KB23_14.mat,rolling_element,rolling_element,0.000000,0.000220,0.000314,0.999465
data\paderborn\extracted\KB23\KB23\N15_M01_F10_KB23_14.mat,rolling_element,rolling_element,0.000000,0.001092,0.000155,0.998753
data\paderborn\extracted\KB23\KB23\N15_M01_F10_KB23_14.mat,rolling_element,rolling_element,0.000000,0.000663,0.000300,0.999037
data\paderborn\extracted\KB23\KB23\N15_M01_F10_KB23_14.mat,rolling_element,rolling_element,0.000009,0.003456,0.000188,0.996348
data\paderborn\extracted\KB23\KB23\N15_M01_F10_KB23_14.mat,rolling_element,rolling_element,0.000010,0.003837,0.000337,0.995816
data\paderborn\extracted\KB23\KB23\N15_M01_F10_KB23_14.mat,rolling_element,rolling_element,0.000001,0.000502,0.000702,0.998795
data\paderborn\extracted\KB23\KB23\N15_M01_F10_KB23_14.mat,rolling_element,rolling_element,0.000001,0.004767,0.000559,0.994673
data\paderborn\extracted\KB23\KB23\N15_M01_F10_KB23_14.mat,rolling_element,rolling_element,0.000050,0.000822,0.000698,0.998430
data\paderborn\extracted\KB23\KB23\N15_M01_F10_KB23_14.mat,rolling_element,rolling_element,0.000033,0.001012,0.000553,0.998402
data\paderborn\extracted\KB23\KB23\N15_M01_F10_KB23_14.mat,rolling_element,rolling_element,0.000022,0.000959,0.000524,0.998495
data\paderborn\extracted\KB23\KB23\N15_M01_F10_KB23_15.mat,rolling_element,rolling_element,0.000003,0.001127,0.000291,0.998580
data\paderborn\extracted\KB23\KB23\N15_M01_F10_KB23_15.mat,rolling_element,rolling_element,0.000003,0.001269,0.001480,0.997248
data\paderborn\extracted\KB23\KB23\N15_M01_F10_KB23_15.mat,rolling_element,rolling_element,0.000007,0.015679,0.000524,0.983789
data\paderborn\extracted\KB23\KB23\N15_M01_F10_KB23_15.mat,rolling_element,rolling_element,0.000000,0.000382,0.000183,0.999435
data\paderborn\extracted\KB23\KB23\N15_M01_F10_KB23_15.mat,rolling_element,rolling_element,0.000002,0.000500,0.000649,0.998849
data\paderborn\extracted\KB23\KB23\N15_M01_F10_KB23_15.mat,rolling_element,rolling_element,0.000012,0.001032,0.000330,0.998626
data\paderborn\extracted\KB23\KB23\N15_M01_F10_KB23_15.mat,rolling_element,rolling_element,0.000030,0.001214,0.000529,0.998227
data\paderborn\extracted\KB23\KB23\N15_M01_F10_KB23_15.mat,rolling_element,rolling_element,0.000016,0.005413,0.001802,0.992770
data\paderborn\extracted\KB23\KB23\N15_M01_F10_KB23_15.mat,rolling_element,rolling_element,0.000001,0.000178,0.000728,0.999094
data\paderborn\extracted\KB23\KB23\N15_M01_F10_KB23_15.mat,rolling_element,rolling_element,0.000001,0.001246,0.000254,0.998499
data\paderborn\extracted\KB23\KB23\N15_M01_F10_KB23_15.mat,rolling_element,rolling_element,0.000006,0.000411,0.000328,0.999255
data\paderborn\extracted\KB23\KB23\N15_M01_F10_KB23_15.mat,rolling_element,rolling_element,0.000000,0.000668,0.000351,0.998980
data\paderborn\extracted\KB23\KB23\N15_M01_F10_KB23_15.mat,rolling_element,rolling_element,0.000001,0.000984,0.001094,0.997921
data\paderborn\extracted\KB23\KB23\N15_M01_F10_KB23_15.mat,rolling_element,rolling_element,0.000002,0.000709,0.000487,0.998802
data\paderborn\extracted\KB23\KB23\N15_M01_F10_KB23_15.mat,rolling_element,rolling_element,0.000001,0.001320,0.000469,0.998210
data\paderborn\extracted\KB23\KB23\N15_M01_F10_KB23_15.mat,rolling_element,rolling_element,0.000000,0.000943,0.000338,0.998719
data\paderborn\extracted\KB23\KB23\N15_M01_F10_KB23_16.mat,rolling_element,rolling_element,0.000000,0.000271,0.000577,0.999152
data\paderborn\extracted\KB23\KB23\N15_M01_F10_KB23_16.mat,rolling_element,rolling_element,0.000007,0.000418,0.000624,0.998951
data\paderborn\extracted\KB23\KB23\N15_M01_F10_KB23_16.mat,rolling_element,rolling_element,0.000000,0.001462,0.000256,0.998282
data\paderborn\extracted\KB23\KB23\N15_M01_F10_KB23_16.mat,rolling_element,rolling_element,0.000000,0.000143,0.000437,0.999420
data\paderborn\extracted\KB23\KB23\N15_M01_F10_KB23_16.mat,rolling_element,rolling_element,0.000001,0.001754,0.000369,0.997876
data\paderborn\extracted\KB23\KB23\N15_M01_F10_KB23_16.mat,rolling_element,rolling_element,0.000160,0.015896,0.000832,0.983113
data\paderborn\extracted\KB23\KB23\N15_M01_F10_KB23_16.mat,rolling_element,rolling_element,0.000004,0.001147,0.000201,0.998648
data\paderborn\extracted\KB23\KB23\N15_M01_F10_KB23_16.mat,rolling_element,rolling_element,0.000001,0.000386,0.000374,0.999239
data\paderborn\extracted\KB23\KB23\N15_M01_F10_KB23_16.mat,rolling_element,rolling_element,0.000000,0.000569,0.000523,0.998908
data\paderborn\extracted\KB23\KB23\N15_M01_F10_KB23_16.mat,rolling_element,rolling_element,0.000001,0.000879,0.000598,0.998522
data\paderborn\extracted\KB23\KB23\N15_M01_F10_KB23_16.mat,rolling_element,rolling_element,0.000024,0.003950,0.000193,0.995833
data\paderborn\extracted\KB23\KB23\N15_M01_F10_KB23_16.mat,rolling_element,rolling_element,0.000013,0.000458,0.000273,0.999256
data\paderborn\extracted\KB23\KB23\N15_M01_F10_KB23_16.mat,rolling_element,rolling_element,0.000002,0.000308,0.001065,0.998625
data\paderborn\extracted\KB23\KB23\N15_M01_F10_KB23_16.mat,rolling_element,rolling_element,0.000003,0.001159,0.001075,0.997763
data\paderborn\extracted\KB23\KB23\N15_M01_F10_KB23_16.mat,rolling_element,rolling_element,0.000000,0.000278,0.000717,0.999004
data\paderborn\extracted\KB23\KB23\N15_M01_F10_KB23_16.mat,rolling_element,rolling_element,0.000001,0.001020,0.001895,0.997085
data\paderborn\extracted\KB23\KB23\N15_M01_F10_KB23_17.mat,rolling_element,rolling_element,0.000001,0.000337,0.000179,0.999483
data\paderborn\extracted\KB23\KB23\N15_M01_F10_KB23_17.mat,rolling_element,rolling_element,0.000003,0.000571,0.000248,0.999178
data\paderborn\extracted\KB23\KB23\N15_M01_F10_KB23_17.mat,rolling_element,rolling_element,0.000000,0.001857,0.000233,0.997910
data\paderborn\extracted\KB23\KB23\N15_M01_F10_KB23_17.mat,rolling_element,rolling_element,0.000000,0.000356,0.000983,0.998660
data\paderborn\extracted\KB23\KB23\N15_M01_F10_KB23_17.mat,rolling_element,rolling_element,0.000002,0.003246,0.000123,0.996630
data\paderborn\extracted\KB23\KB23\N15_M01_F10_KB23_17.mat,rolling_element,rolling_element,0.000030,0.000280,0.001011,0.998678
data\paderborn\extracted\KB23\KB23\N15_M01_F10_KB23_17.mat,rolling_element,rolling_element,0.000008,0.000409,0.000370,0.999214
data\paderborn\extracted\KB23\KB23\N15_M01_F10_KB23_17.mat,rolling_element,rolling_element,0.000002,0.001277,0.002410,0.996312
data\paderborn\extracted\KB23\KB23\N15_M01_F10_KB23_17.mat,rolling_element,rolling_element,0.000000,0.000388,0.000240,0.999371
data\paderborn\extracted\KB23\KB23\N15_M01_F10_KB23_17.mat,rolling_element,rolling_element,0.000001,0.002644,0.000486,0.996868
data\paderborn\extracted\KB23\KB23\N15_M01_F10_KB23_17.mat,rolling_element,rolling_element,0.000006,0.010018,0.004171,0.985805
data\paderborn\extracted\KB23\KB23\N15_M01_F10_KB23_17.mat,rolling_element,rolling_element,0.000000,0.001296,0.000316,0.998387
data\paderborn\extracted\KB23\KB23\N15_M01_F10_KB23_17.mat,rolling_element,rolling_element,0.000002,0.005243,0.000071,0.994684
data\paderborn\extracted\KB23\KB23\N15_M01_F10_KB23_17.mat,rolling_element,rolling_element,0.000001,0.003679,0.000184,0.996136
data\paderborn\extracted\KB23\KB23\N15_M01_F10_KB23_17.mat,rolling_element,rolling_element,0.000000,0.000792,0.000208,0.999000
data\paderborn\extracted\KB23\KB23\N15_M01_F10_KB23_17.mat,rolling_element,rolling_element,0.000001,0.000706,0.001055,0.998238
data\paderborn\extracted\KB23\KB23\N15_M01_F10_KB23_18.mat,rolling_element,rolling_element,0.000009,0.002137,0.000424,0.997430
data\paderborn\extracted\KB23\KB23\N15_M01_F10_KB23_18.mat,rolling_element,rolling_element,0.000025,0.001390,0.000705,0.997880
data\paderborn\extracted\KB23\KB23\N15_M01_F10_KB23_18.mat,rolling_element,rolling_element,0.000010,0.001442,0.000407,0.998141
data\paderborn\extracted\KB23\KB23\N15_M01_F10_KB23_18.mat,rolling_element,rolling_element,0.000002,0.002509,0.000416,0.997073
data\paderborn\extracted\KB23\KB23\N15_M01_F10_KB23_18.mat,rolling_element,rolling_element,0.000004,0.002975,0.000223,0.996797
data\paderborn\extracted\KB23\KB23\N15_M01_F10_KB23_18.mat,rolling_element,rolling_element,0.000059,0.000708,0.000683,0.998549
data\paderborn\extracted\KB23\KB23\N15_M01_F10_KB23_18.mat,rolling_element,rolling_element,0.000027,0.000994,0.000729,0.998250
data\paderborn\extracted\KB23\KB23\N15_M01_F10_KB23_18.mat,rolling_element,rolling_element,0.000014,0.004504,0.001114,0.994367
data\paderborn\extracted\KB23\KB23\N15_M01_F10_KB23_18.mat,rolling_element,rolling_element,0.000001,0.001219,0.000720,0.998059
data\paderborn\extracted\KB23\KB23\N15_M01_F10_KB23_18.mat,rolling_element,rolling_element,0.000001,0.002033,0.000911,0.997056
data\paderborn\extracted\KB23\KB23\N15_M01_F10_KB23_18.mat,rolling_element,rolling_element,0.000001,0.001217,0.000797,0.997986
data\paderborn\extracted\KB23\KB23\N15_M01_F10_KB23_18.mat,rolling_element,rolling_element,0.000013,0.001497,0.000506,0.997985
data\paderborn\extracted\KB23\KB23\N15_M01_F10_KB23_18.mat,rolling_element,rolling_element,0.000018,0.001742,0.001925,0.996316
data\paderborn\extracted\KB23\KB23\N15_M01_F10_KB23_18.mat,rolling_element,rolling_element,0.000030,0.000479,0.000469,0.999021
data\paderborn\extracted\KB23\KB23\N15_M01_F10_KB23_18.mat,rolling_element,rolling_element,0.000001,0.001280,0.000322,0.998398
data\paderborn\extracted\KB23\KB23\N15_M01_F10_KB23_18.mat,rolling_element,rolling_element,0.000000,0.000710,0.000378,0.998912
data\paderborn\extracted\KB23\KB23\N15_M01_F10_KB23_19.mat,rolling_element,rolling_element,0.000001,0.002407,0.000203,0.997389
data\paderborn\extracted\KB23\KB23\N15_M01_F10_KB23_19.mat,rolling_element,rolling_element,0.000011,0.001210,0.000667,0.998112
data\paderborn\extracted\KB23\KB23\N15_M01_F10_KB23_19.mat,rolling_element,rolling_element,0.000006,0.000789,0.000526,0.998679
data\paderborn\extracted\KB23\KB23\N15_M01_F10_KB23_19.mat,rolling_element,rolling_element,0.000012,0.000568,0.000773,0.998647
data\paderborn\extracted\KB23\KB23\N15_M01_F10_KB23_19.mat,rolling_element,rolling_element,0.000001,0.002124,0.000286,0.997588
data\paderborn\extracted\KB23\KB23\N15_M01_F10_KB23_19.mat,rolling_element,rolling_element,0.000003,0.006028,0.000712,0.993258
data\paderborn\extracted\KB23\KB23\N15_M01_F10_KB23_19.mat,rolling_element,rolling_element,0.000029,0.000765,0.000568,0.998638
data\paderborn\extracted\KB23\KB23\N15_M01_F10_KB23_19.mat,rolling_element,rolling_element,0.000373,0.000530,0.002046,0.997051
data\paderborn\extracted\KB23\KB23\N15_M01_F10_KB23_19.mat,rolling_element,rolling_element,0.000007,0.006284,0.000577,0.993133
data\paderborn\extracted\KB23\KB23\N15_M01_F10_KB23_19.mat,rolling_element,rolling_element,0.000001,0.002648,0.000179,0.997173
data\paderborn\extracted\KB23\KB23\N15_M01_F10_KB23_19.mat,rolling_element,rolling_element,0.000000,0.000714,0.000459,0.998828
data\paderborn\extracted\KB23\KB23\N15_M01_F10_KB23_19.mat,rolling_element,rolling_element,0.000001,0.004028,0.000143,0.995828
data\paderborn\extracted\KB23\KB23\N15_M01_F10_KB23_19.mat,rolling_element,rolling_element,0.000004,0.001217,0.000360,0.998419
data\paderborn\extracted\KB23\KB23\N15_M01_F10_KB23_19.mat,rolling_element,rolling_element,0.000007,0.002833,0.000852,0.996307
data\paderborn\extracted\KB23\KB23\N15_M01_F10_KB23_19.mat,rolling_element,rolling_element,0.000981,0.024413,0.001130,0.973475
data\paderborn\extracted\KB23\KB23\N15_M01_F10_KB23_19.mat,rolling_element,rolling_element,0.000000,0.000990,0.000292,0.998717
data\paderborn\extracted\KB23\KB23\N15_M01_F10_KB23_2.mat,rolling_element,rolling_element,0.000001,0.000503,0.000205,0.999291
data\paderborn\extracted\KB23\KB23\N15_M01_F10_KB23_2.mat,rolling_element,rolling_element,0.000001,0.002920,0.000317,0.996762
data\paderborn\extracted\KB23\KB23\N15_M01_F10_KB23_2.mat,rolling_element,rolling_element,0.000002,0.006916,0.000159,0.992923
data\paderborn\extracted\KB23\KB23\N15_M01_F10_KB23_2.mat,rolling_element,rolling_element,0.000002,0.006649,0.000181,0.993168
data\paderborn\extracted\KB23\KB23\N15_M01_F10_KB23_2.mat,rolling_element,rolling_element,0.000033,0.002927,0.000465,0.996575
data\paderborn\extracted\KB23\KB23\N15_M01_F10_KB23_2.mat,rolling_element,rolling_element,0.000030,0.010245,0.000322,0.989403
data\paderborn\extracted\KB23\KB23\N15_M01_F10_KB23_2.mat,rolling_element,rolling_element,0.000067,0.311691,0.000472,0.687770
data\paderborn\extracted\KB23\KB23\N15_M01_F10_KB23_2.mat,rolling_element,rolling_element,0.000001,0.006571,0.000407,0.993021
data\paderborn\extracted\KB23\KB23\N15_M01_F10_KB23_2.mat,rolling_element,rolling_element,0.000003,0.001971,0.001654,0.996372
data\paderborn\extracted\KB23\KB23\N15_M01_F10_KB23_2.mat,rolling_element,rolling_element,0.000003,0.005547,0.000515,0.993935
data\paderborn\extracted\KB23\KB23\N15_M01_F10_KB23_2.mat,rolling_element,rolling_element,0.000003,0.003511,0.000049,0.996438
data\paderborn\extracted\KB23\KB23\N15_M01_F10_KB23_2.mat,rolling_element,rolling_element,0.000111,0.010590,0.000303,0.988996
data\paderborn\extracted\KB23\KB23\N15_M01_F10_KB23_2.mat,rolling_element,rolling_element,0.000010,0.002689,0.000258,0.997043
data\paderborn\extracted\KB23\KB23\N15_M01_F10_KB23_2.mat,rolling_element,rolling_element,0.000001,0.015460,0.000169,0.984370
data\paderborn\extracted\KB23\KB23\N15_M01_F10_KB23_2.mat,rolling_element,rolling_element,0.000214,0.001681,0.014101,0.984003
data\paderborn\extracted\KB23\KB23\N15_M01_F10_KB23_2.mat,rolling_element,rolling_element,0.000056,0.001169,0.000745,0.998029
data\paderborn\extracted\KB23\KB23\N15_M01_F10_KB23_20.mat,rolling_element,rolling_element,0.000144,0.005983,0.000427,0.993446
data\paderborn\extracted\KB23\KB23\N15_M01_F10_KB23_20.mat,rolling_element,rolling_element,0.000004,0.000792,0.000244,0.998961
data\paderborn\extracted\KB23\KB23\N15_M01_F10_KB23_20.mat,rolling_element,rolling_element,0.000001,0.001644,0.000248,0.998108
data\paderborn\extracted\KB23\KB23\N15_M01_F10_KB23_20.mat,rolling_element,rolling_element,0.000001,0.000945,0.000653,0.998402
data\paderborn\extracted\KB23\KB23\N15_M01_F10_KB23_20.mat,rolling_element,rolling_element,0.000010,0.000611,0.002784,0.996594
data\paderborn\extracted\KB23\KB23\N15_M01_F10_KB23_20.mat,rolling_element,rolling_element,0.000003,0.003396,0.000503,0.996099
data\paderborn\extracted\KB23\KB23\N15_M01_F10_KB23_20.mat,rolling_element,rolling_element,0.000019,0.000325,0.001178,0.998478
data\paderborn\extracted\KB23\KB23\N15_M01_F10_KB23_20.mat,rolling_element,rolling_element,0.000004,0.000231,0.000512,0.999253
data\paderborn\extracted\KB23\KB23\N15_M01_F10_KB23_20.mat,rolling_element,rolling_element,0.000007,0.001755,0.000219,0.998018
data\paderborn\extracted\KB23\KB23\N15_M01_F10_KB23_20.mat,rolling_element,rolling_element,0.000001,0.000831,0.000659,0.998509
data\paderborn\extracted\KB23\KB23\N15_M01_F10_KB23_20.mat,rolling_element,rolling_element,0.000001,0.002724,0.000698,0.996577
data\paderborn\extracted\KB23\KB23\N15_M01_F10_KB23_20.mat,rolling_element,rolling_element,0.000009,0.000958,0.000336,0.998697
data\paderborn\extracted\KB23\KB23\N15_M01_F10_KB23_20.mat,rolling_element,rolling_element,0.000001,0.001111,0.000545,0.998343
data\paderborn\extracted\KB23\KB23\N15_M01_F10_KB23_20.mat,rolling_element,rolling_element,0.000001,0.006840,0.000342,0.992816
data\paderborn\extracted\KB23\KB23\N15_M01_F10_KB23_20.mat,rolling_element,rolling_element,0.000043,0.065232,0.000214,0.934511
data\paderborn\extracted\KB23\KB23\N15_M01_F10_KB23_20.mat,rolling_element,rolling_element,0.000000,0.001385,0.000198,0.998416
data\paderborn\extracted\KB23\KB23\N15_M01_F10_KB23_3.mat,rolling_element,rolling_element,0.000051,0.000790,0.000794,0.998364
data\paderborn\extracted\KB23\KB23\N15_M01_F10_KB23_3.mat,rolling_element,rolling_element,0.000004,0.002534,0.000204,0.997258
data\paderborn\extracted\KB23\KB23\N15_M01_F10_KB23_3.mat,rolling_element,rolling_element,0.000001,0.001252,0.000615,0.998132
data\paderborn\extracted\KB23\KB23\N15_M01_F10_KB23_3.mat,rolling_element,rolling_element,0.000004,0.003463,0.000668,0.995865
data\paderborn\extracted\KB23\KB23\N15_M01_F10_KB23_3.mat,rolling_element,rolling_element,0.000012,0.000544,0.000524,0.998920
data\paderborn\extracted\KB23\KB23\N15_M01_F10_KB23_3.mat,rolling_element,rolling_element,0.000465,0.034303,0.000365,0.964867
data\paderborn\extracted\KB23\KB23\N15_M01_F10_KB23_3.mat,rolling_element,rolling_element,0.000004,0.001642,0.001063,0.997292
data\paderborn\extracted\KB23\KB23\N15_M01_F10_KB23_3.mat,rolling_element,rolling_element,0.000001,0.000340,0.000407,0.999252
data\paderborn\extracted\KB23\KB23\N15_M01_F10_KB23_3.mat,rolling_element,rolling_element,0.000000,0.000457,0.000158,0.999384
data\paderborn\extracted\KB23\KB23\N15_M01_F10_KB23_3.mat,rolling_element,rolling_element,0.000007,0.010663,0.000928,0.988401
data\paderborn\extracted\KB23\KB23\N15_M01_F10_KB23_3.mat,rolling_element,rolling_element,0.000324,0.004264,0.003048,0.992364
data\paderborn\extracted\KB23\KB23\N15_M01_F10_KB23_3.mat,rolling_element,rolling_element,0.000211,0.006161,0.003999,0.989629
data\paderborn\extracted\KB23\KB23\N15_M01_F10_KB23_3.mat,rolling_element,rolling_element,0.000036,0.073454,0.000296,0.926214
data\paderborn\extracted\KB23\KB23\N15_M01_F10_KB23_3.mat,rolling_element,rolling_element,0.000000,0.000833,0.000353,0.998814
data\paderborn\extracted\KB23\KB23\N15_M01_F10_KB23_3.mat,rolling_element,rolling_element,0.000001,0.003896,0.000419,0.995685
data\paderborn\extracted\KB23\KB23\N15_M01_F10_KB23_3.mat,rolling_element,rolling_element,0.000003,0.001160,0.001192,0.997646
data\paderborn\extracted\KB23\KB23\N15_M01_F10_KB23_4.mat,rolling_element,rolling_element,0.000001,0.000832,0.000432,0.998735
data\paderborn\extracted\KB23\KB23\N15_M01_F10_KB23_4.mat,rolling_element,rolling_element,0.000016,0.002469,0.000384,0.997132
data\paderborn\extracted\KB23\KB23\N15_M01_F10_KB23_4.mat,rolling_element,rolling_element,0.000029,0.066612,0.000206,0.933154
data\paderborn\extracted\KB23\KB23\N15_M01_F10_KB23_4.mat,rolling_element,rolling_element,0.000001,0.001183,0.000559,0.998258
data\paderborn\extracted\KB23\KB23\N15_M01_F10_KB23_4.mat,rolling_element,rolling_element,0.000002,0.002489,0.001614,0.995895
data\paderborn\extracted\KB23\KB23\N15_M01_F10_KB23_4.mat,rolling_element,rolling_element,0.000017,0.000511,0.006194,0.993279
data\paderborn\extracted\KB23\KB23\N15_M01_F10_KB23_4.mat,rolling_element,rolling_element,0.000001,0.001237,0.000223,0.998539
data\paderborn\extracted\KB23\KB23\N15_M01_F10_KB23_4.mat,rolling_element,rolling_element,0.000001,0.000861,0.000085,0.999054
data\paderborn\extracted\KB23\KB23\N15_M01_F10_KB23_4.mat,rolling_element,rolling_element,0.000003,0.006064,0.000271,0.993662
data\paderborn\extracted\KB23\KB23\N15_M01_F10_KB23_4.mat,rolling_element,rolling_element,0.000001,0.003723,0.000140,0.996136
data\paderborn\extracted\KB23\KB23\N15_M01_F10_KB23_4.mat,rolling_element,rolling_element,0.000000,0.004195,0.000167,0.995637
data\paderborn\extracted\KB23\KB23\N15_M01_F10_KB23_4.mat,rolling_element,rolling_element,0.000007,0.001025,0.000404,0.998564
data\paderborn\extracted\KB23\KB23\N15_M01_F10_KB23_4.mat,rolling_element,rolling_element,0.000053,0.001507,0.000611,0.997829
data\paderborn\extracted\KB23\KB23\N15_M01_F10_KB23_4.mat,rolling_element,rolling_element,0.000020,0.001172,0.000436,0.998372
data\paderborn\extracted\KB23\KB23\N15_M01_F10_KB23_4.mat,rolling_element,rolling_element,0.000002,0.001461,0.000210,0.998328
data\paderborn\extracted\KB23\KB23\N15_M01_F10_KB23_4.mat,rolling_element,rolling_element,0.000000,0.000232,0.000279,0.999489
data\paderborn\extracted\KB23\KB23\N15_M01_F10_KB23_5.mat,rolling_element,rolling_element,0.000004,0.000725,0.006647,0.992623
data\paderborn\extracted\KB23\KB23\N15_M01_F10_KB23_5.mat,rolling_element,rolling_element,0.000001,0.000540,0.000170,0.999289
data\paderborn\extracted\KB23\KB23\N15_M01_F10_KB23_5.mat,rolling_element,rolling_element,0.000006,0.002731,0.000894,0.996369
data\paderborn\extracted\KB23\KB23\N15_M01_F10_KB23_5.mat,rolling_element,rolling_element,0.000020,0.022558,0.000896,0.976527
data\paderborn\extracted\KB23\KB23\N15_M01_F10_KB23_5.mat,rolling_element,rolling_element,0.000000,0.000563,0.000436,0.999000
data\paderborn\extracted\KB23\KB23\N15_M01_F10_KB23_5.mat,rolling_element,rolling_element,0.000017,0.029891,0.000098,0.969995
data\paderborn\extracted\KB23\KB23\N15_M01_F10_KB23_5.mat,rolling_element,rolling_element,0.000000,0.000267,0.000399,0.999334
data\paderborn\extracted\KB23\KB23\N15_M01_F10_KB23_5.mat,rolling_element,rolling_element,0.000000,0.000318,0.000409,0.999272
data\paderborn\extracted\KB23\KB23\N15_M01_F10_KB23_5.mat,rolling_element,rolling_element,0.000011,0.002080,0.000860,0.997049
data\paderborn\extracted\KB23\KB23\N15_M01_F10_KB23_5.mat,rolling_element,rolling_element,0.000049,0.002075,0.001250,0.996625
data\paderborn\extracted\KB23\KB23\N15_M01_F10_KB23_5.mat,rolling_element,rolling_element,0.000031,0.001924,0.000380,0.997666
data\paderborn\extracted\KB23\KB23\N15_M01_F10_KB23_5.mat,rolling_element,rolling_element,0.000000,0.003097,0.000374,0.996528
data\paderborn\extracted\KB23\KB23\N15_M01_F10_KB23_5.mat,rolling_element,rolling_element,0.000001,0.004873,0.000432,0.994695
data\paderborn\extracted\KB23\KB23\N15_M01_F10_KB23_5.mat,rolling_element,rolling_element,0.000004,0.000320,0.000480,0.999196
data\paderborn\extracted\KB23\KB23\N15_M01_F10_KB23_5.mat,rolling_element,rolling_element,0.000130,0.001437,0.002101,0.996332
data\paderborn\extracted\KB23\KB23\N15_M01_F10_KB23_5.mat,rolling_element,rolling_element,0.000006,0.002320,0.000453,0.997222
data\paderborn\extracted\KB23\KB23\N15_M01_F10_KB23_6.mat,rolling_element,rolling_element,0.000005,0.012806,0.002488,0.984701
data\paderborn\extracted\KB23\KB23\N15_M01_F10_KB23_6.mat,rolling_element,rolling_element,0.000001,0.000574,0.002083,0.997343
data\paderborn\extracted\KB23\KB23\N15_M01_F10_KB23_6.mat,rolling_element,rolling_element,0.000001,0.003294,0.000155,0.996550
data\paderborn\extracted\KB23\KB23\N15_M01_F10_KB23_6.mat,rolling_element,rolling_element,0.000010,0.002103,0.000188,0.997699
data\paderborn\extracted\KB23\KB23\N15_M01_F10_KB23_6.mat,rolling_element,rolling_element,0.000001,0.000591,0.000159,0.999250
data\paderborn\extracted\KB23\KB23\N15_M01_F10_KB23_6.mat,rolling_element,rolling_element,0.000000,0.000332,0.000315,0.999354
data\paderborn\extracted\KB23\KB23\N15_M01_F10_KB23_6.mat,rolling_element,rolling_element,0.000005,0.018614,0.000683,0.980698
data\paderborn\extracted\KB23\KB23\N15_M01_F10_KB23_6.mat,rolling_element,rolling_element,0.000004,0.000351,0.000984,0.998661
data\paderborn\extracted\KB23\KB23\N15_M01_F10_KB23_6.mat,rolling_element,rolling_element,0.000152,0.002772,0.001391,0.995685
data\paderborn\extracted\KB23\KB23\N15_M01_F10_KB23_6.mat,rolling_element,rolling_element,0.000005,0.001762,0.000729,0.997505
data\paderborn\extracted\KB23\KB23\N15_M01_F10_KB23_6.mat,rolling_element,rolling_element,0.000071,0.012713,0.003208,0.984008
data\paderborn\extracted\KB23\KB23\N15_M01_F10_KB23_6.mat,rolling_element,rolling_element,0.000009,0.004822,0.000179,0.994990
data\paderborn\extracted\KB23\KB23\N15_M01_F10_KB23_6.mat,rolling_element,rolling_element,0.000041,0.003268,0.000317,0.996374
data\paderborn\extracted\KB23\KB23\N15_M01_F10_KB23_6.mat,rolling_element,rolling_element,0.000094,0.000478,0.001247,0.998181
data\paderborn\extracted\KB23\KB23\N15_M01_F10_KB23_6.mat,rolling_element,rolling_element,0.000003,0.001609,0.000544,0.997844
data\paderborn\extracted\KB23\KB23\N15_M01_F10_KB23_6.mat,rolling_element,rolling_element,0.000003,0.002577,0.000533,0.996887
data\paderborn\extracted\KB23\KB23\N15_M01_F10_KB23_7.mat,rolling_element,rolling_element,0.000001,0.000496,0.001691,0.997812
data\paderborn\extracted\KB23\KB23\N15_M01_F10_KB23_7.mat,rolling_element,rolling_element,0.000001,0.011491,0.000454,0.988053
data\paderborn\extracted\KB23\KB23\N15_M01_F10_KB23_7.mat,rolling_element,rolling_element,0.000009,0.012164,0.000342,0.987485
data\paderborn\extracted\KB23\KB23\N15_M01_F10_KB23_7.mat,rolling_element,rolling_element,0.000008,0.000202,0.000959,0.998831
data\paderborn\extracted\KB23\KB23\N15_M01_F10_KB23_7.mat,rolling_element,rolling_element,0.000004,0.000269,0.001673,0.998054
data\paderborn\extracted\KB23\KB23\N15_M01_F10_KB23_7.mat,rolling_element,rolling_element,0.000001,0.000387,0.000886,0.998725
data\paderborn\extracted\KB23\KB23\N15_M01_F10_KB23_7.mat,rolling_element,rolling_element,0.000001,0.000468,0.000658,0.998874
data\paderborn\extracted\KB23\KB23\N15_M01_F10_KB23_7.mat,rolling_element,rolling_element,0.000000,0.001074,0.000237,0.998690
data\paderborn\extracted\KB23\KB23\N15_M01_F10_KB23_7.mat,rolling_element,rolling_element,0.000004,0.004597,0.000161,0.995238
data\paderborn\extracted\KB23\KB23\N15_M01_F10_KB23_7.mat,rolling_element,rolling_element,0.000049,0.000410,0.000720,0.998822
data\paderborn\extracted\KB23\KB23\N15_M01_F10_KB23_7.mat,rolling_element,rolling_element,0.000118,0.003047,0.008047,0.988788
data\paderborn\extracted\KB23\KB23\N15_M01_F10_KB23_7.mat,rolling_element,rolling_element,0.000000,0.000163,0.001354,0.998483
data\paderborn\extracted\KB23\KB23\N15_M01_F10_KB23_7.mat,rolling_element,rolling_element,0.000001,0.000548,0.000242,0.999209
data\paderborn\extracted\KB23\KB23\N15_M01_F10_KB23_7.mat,rolling_element,rolling_element,0.000000,0.000599,0.000140,0.999261
data\paderborn\extracted\KB23\KB23\N15_M01_F10_KB23_7.mat,rolling_element,rolling_element,0.000003,0.005385,0.000532,0.994080
data\paderborn\extracted\KB23\KB23\N15_M01_F10_KB23_7.mat,rolling_element,rolling_element,0.000002,0.004155,0.001414,0.994428
data\paderborn\extracted\KB23\KB23\N15_M01_F10_KB23_8.mat,rolling_element,rolling_element,0.000057,0.003996,0.000813,0.995134
data\paderborn\extracted\KB23\KB23\N15_M01_F10_KB23_8.mat,rolling_element,rolling_element,0.000001,0.001738,0.000649,0.997612
data\paderborn\extracted\KB23\KB23\N15_M01_F10_KB23_8.mat,rolling_element,rolling_element,0.000000,0.000895,0.000322,0.998783
data\paderborn\extracted\KB23\KB23\N15_M01_F10_KB23_8.mat,rolling_element,rolling_element,0.000001,0.001851,0.000311,0.997836
data\paderborn\extracted\KB23\KB23\N15_M01_F10_KB23_8.mat,rolling_element,rolling_element,0.000189,0.011704,0.000952,0.987155
data\paderborn\extracted\KB23\KB23\N15_M01_F10_KB23_8.mat,rolling_element,rolling_element,0.000018,0.000546,0.000609,0.998827
data\paderborn\extracted\KB23\KB23\N15_M01_F10_KB23_8.mat,rolling_element,rolling_element,0.000015,0.000382,0.002370,0.997233
data\paderborn\extracted\KB23\KB23\N15_M01_F10_KB23_8.mat,rolling_element,rolling_element,0.000001,0.000194,0.000819,0.998987
data\paderborn\extracted\KB23\KB23\N15_M01_F10_KB23_8.mat,rolling_element,rolling_element,0.000001,0.001224,0.000593,0.998182
data\paderborn\extracted\KB23\KB23\N15_M01_F10_KB23_8.mat,rolling_element,rolling_element,0.000000,0.001472,0.000362,0.998165
data\paderborn\extracted\KB23\KB23\N15_M01_F10_KB23_8.mat,rolling_element,rolling_element,0.000004,0.004230,0.000347,0.995418
data\paderborn\extracted\KB23\KB23\N15_M01_F10_KB23_8.mat,rolling_element,rolling_element,0.000000,0.000492,0.000288,0.999219
data\paderborn\extracted\KB23\KB23\N15_M01_F10_KB23_8.mat,rolling_element,rolling_element,0.000001,0.000894,0.000394,0.998710
data\paderborn\extracted\KB23\KB23\N15_M01_F10_KB23_8.mat,rolling_element,rolling_element,0.000003,0.001790,0.000314,0.997893
data\paderborn\extracted\KB23\KB23\N15_M01_F10_KB23_8.mat,rolling_element,rolling_element,0.000001,0.013155,0.000110,0.986735
data\paderborn\extracted\KB23\KB23\N15_M01_F10_KB23_8.mat,rolling_element,rolling_element,0.000001,0.003410,0.000634,0.995955
data\paderborn\extracted\KB23\KB23\N15_M01_F10_KB23_9.mat,rolling_element,rolling_element,0.000016,0.001088,0.000570,0.998326
data\paderborn\extracted\KB23\KB23\N15_M01_F10_KB23_9.mat,rolling_element,rolling_element,0.000199,0.001849,0.002449,0.995503
data\paderborn\extracted\KB23\KB23\N15_M01_F10_KB23_9.mat,rolling_element,rolling_element,0.000005,0.000504,0.000927,0.998564
data\paderborn\extracted\KB23\KB23\N15_M01_F10_KB23_9.mat,rolling_element,rolling_element,0.000001,0.000162,0.001179,0.998658
data\paderborn\extracted\KB23\KB23\N15_M01_F10_KB23_9.mat,rolling_element,rolling_element,0.000001,0.000576,0.000215,0.999208
data\paderborn\extracted\KB23\KB23\N15_M01_F10_KB23_9.mat,rolling_element,rolling_element,0.000001,0.003227,0.000276,0.996496
data\paderborn\extracted\KB23\KB23\N15_M01_F10_KB23_9.mat,rolling_element,rolling_element,0.000000,0.003356,0.000342,0.996302
data\paderborn\extracted\KB23\KB23\N15_M01_F10_KB23_9.mat,rolling_element,rolling_element,0.000010,0.029507,0.000334,0.970150
data\paderborn\extracted\KB23\KB23\N15_M01_F10_KB23_9.mat,rolling_element,rolling_element,0.000001,0.000723,0.000205,0.999072
data\paderborn\extracted\KB23\KB23\N15_M01_F10_KB23_9.mat,rolling_element,rolling_element,0.000000,0.000318,0.000251,0.999431
data\paderborn\extracted\KB23\KB23\N15_M01_F10_KB23_9.mat,rolling_element,rolling_element,0.000000,0.000580,0.000310,0.999110
data\paderborn\extracted\KB23\KB23\N15_M01_F10_KB23_9.mat,rolling_element,rolling_element,0.000011,0.000804,0.000481,0.998704
data\paderborn\extracted\KB23\KB23\N15_M01_F10_KB23_9.mat,rolling_element,rolling_element,0.000014,0.001066,0.000275,0.998645
data\paderborn\extracted\KB23\KB23\N15_M01_F10_KB23_9.mat,rolling_element,rolling_element,0.000005,0.003296,0.000254,0.996445
data\paderborn\extracted\KB23\KB23\N15_M01_F10_KB23_9.mat,rolling_element,rolling_element,0.000006,0.007370,0.002342,0.990282
data\paderborn\extracted\KB23\KB23\N15_M01_F10_KB23_9.mat,rolling_element,rolling_element,0.000001,0.001013,0.000356,0.998630
data\paderborn\extracted\KB23\KB23\N15_M07_F04_KB23_1.mat,rolling_element,rolling_element,0.000002,0.017534,0.000304,0.982160
data\paderborn\extracted\KB23\KB23\N15_M07_F04_KB23_1.mat,rolling_element,rolling_element,0.000000,0.006239,0.000194,0.993566
data\paderborn\extracted\KB23\KB23\N15_M07_F04_KB23_1.mat,rolling_element,rolling_element,0.000002,0.005805,0.000212,0.993981
data\paderborn\extracted\KB23\KB23\N15_M07_F04_KB23_1.mat,rolling_element,rolling_element,0.000001,0.002345,0.000803,0.996851
data\paderborn\extracted\KB23\KB23\N15_M07_F04_KB23_1.mat,rolling_element,rolling_element,0.000000,0.003863,0.000184,0.995953
data\paderborn\extracted\KB23\KB23\N15_M07_F04_KB23_1.mat,rolling_element,rolling_element,0.000003,0.001077,0.000245,0.998674
data\paderborn\extracted\KB23\KB23\N15_M07_F04_KB23_1.mat,rolling_element,rolling_element,0.000001,0.004509,0.000271,0.995218
data\paderborn\extracted\KB23\KB23\N15_M07_F04_KB23_1.mat,rolling_element,rolling_element,0.000559,0.032428,0.003347,0.963665
data\paderborn\extracted\KB23\KB23\N15_M07_F04_KB23_1.mat,rolling_element,rolling_element,0.000926,0.016617,0.004338,0.978119
data\paderborn\extracted\KB23\KB23\N15_M07_F04_KB23_1.mat,rolling_element,rolling_element,0.000026,0.018956,0.000231,0.980786
data\paderborn\extracted\KB23\KB23\N15_M07_F04_KB23_1.mat,rolling_element,rolling_element,0.000004,0.013255,0.000163,0.986577
data\paderborn\extracted\KB23\KB23\N15_M07_F04_KB23_1.mat,rolling_element,rolling_element,0.000003,0.001055,0.000335,0.998607
data\paderborn\extracted\KB23\KB23\N15_M07_F04_KB23_1.mat,rolling_element,rolling_element,0.000001,0.001328,0.000162,0.998509
data\paderborn\extracted\KB23\KB23\N15_M07_F04_KB23_1.mat,rolling_element,rolling_element,0.000021,0.012376,0.000290,0.987313
data\paderborn\extracted\KB23\KB23\N15_M07_F04_KB23_1.mat,rolling_element,rolling_element,0.000017,0.040322,0.000667,0.958995
data\paderborn\extracted\KB23\KB23\N15_M07_F04_KB23_1.mat,rolling_element,rolling_element,0.000003,0.001879,0.000261,0.997857
data\paderborn\extracted\KB23\KB23\N15_M07_F04_KB23_10.mat,rolling_element,rolling_element,0.000000,0.000453,0.000277,0.999270
data\paderborn\extracted\KB23\KB23\N15_M07_F04_KB23_10.mat,rolling_element,rolling_element,0.000001,0.002181,0.000211,0.997606
data\paderborn\extracted\KB23\KB23\N15_M07_F04_KB23_10.mat,rolling_element,rolling_element,0.000004,0.001748,0.000160,0.998087
data\paderborn\extracted\KB23\KB23\N15_M07_F04_KB23_10.mat,rolling_element,rolling_element,0.000001,0.008796,0.000095,0.991109
data\paderborn\extracted\KB23\KB23\N15_M07_F04_KB23_10.mat,rolling_element,rolling_element,0.000001,0.001357,0.000155,0.998487
data\paderborn\extracted\KB23\KB23\N15_M07_F04_KB23_10.mat,rolling_element,rolling_element,0.000002,0.005147,0.000115,0.994736
data\paderborn\extracted\KB23\KB23\N15_M07_F04_KB23_10.mat,rolling_element,rolling_element,0.000000,0.003876,0.000439,0.995685
data\paderborn\extracted\KB23\KB23\N15_M07_F04_KB23_10.mat,rolling_element,rolling_element,0.000001,0.006805,0.000213,0.992981
data\paderborn\extracted\KB23\KB23\N15_M07_F04_KB23_10.mat,rolling_element,rolling_element,0.000001,0.000793,0.000127,0.999079
data\paderborn\extracted\KB23\KB23\N15_M07_F04_KB23_10.mat,rolling_element,rolling_element,0.000001,0.002029,0.000261,0.997709
data\paderborn\extracted\KB23\KB23\N15_M07_F04_KB23_10.mat,rolling_element,rolling_element,0.000006,0.010036,0.000298,0.989660
data\paderborn\extracted\KB23\KB23\N15_M07_F04_KB23_10.mat,rolling_element,rolling_element,0.000001,0.002337,0.000167,0.997495
data\paderborn\extracted\KB23\KB23\N15_M07_F04_KB23_10.mat,rolling_element,rolling_element,0.000029,0.163252,0.000238,0.836481
data\paderborn\extracted\KB23\KB23\N15_M07_F04_KB23_10.mat,rolling_element,rolling_element,0.000003,0.002431,0.000277,0.997289
data\paderborn\extracted\KB23\KB23\N15_M07_F04_KB23_10.mat,rolling_element,rolling_element,0.000036,0.001435,0.000357,0.998173
data\paderborn\extracted\KB23\KB23\N15_M07_F04_KB23_10.mat,rolling_element,rolling_element,0.000021,0.001985,0.000419,0.997575
data\paderborn\extracted\KB23\KB23\N15_M07_F04_KB23_11.mat,rolling_element,rolling_element,0.000001,0.003221,0.000185,0.996593
data\paderborn\extracted\KB23\KB23\N15_M07_F04_KB23_11.mat,rolling_element,rolling_element,0.000001,0.004863,0.000147,0.994990
data\paderborn\extracted\KB23\KB23\N15_M07_F04_KB23_11.mat,rolling_element,rolling_element,0.000001,0.001940,0.000126,0.997933
data\paderborn\extracted\KB23\KB23\N15_M07_F04_KB23_11.mat,rolling_element,rolling_element,0.000000,0.000437,0.000174,0.999389
data\paderborn\extracted\KB23\KB23\N15_M07_F04_KB23_11.mat,rolling_element,rolling_element,0.000001,0.001579,0.000319,0.998100
data\paderborn\extracted\KB23\KB23\N15_M07_F04_KB23_11.mat,rolling_element,rolling_element,0.000001,0.001047,0.000266,0.998686
data\paderborn\extracted\KB23\KB23\N15_M07_F04_KB23_11.mat,rolling_element,rolling_element,0.000004,0.010478,0.000387,0.989131
data\paderborn\extracted\KB23\KB23\N15_M07_F04_KB23_11.mat,rolling_element,rolling_element,0.000001,0.001907,0.000113,0.997980
data\paderborn\extracted\KB23\KB23\N15_M07_F04_KB23_11.mat,rolling_element,rolling_element,0.000002,0.000792,0.000384,0.998822
data\paderborn\extracted\KB23\KB23\N15_M07_F04_KB23_11.mat,rolling_element,rolling_element,0.000003,0.011112,0.000307,0.988578
data\paderborn\extracted\KB23\KB23\N15_M07_F04_KB23_11.mat,rolling_element,rolling_element,0.000000,0.002166,0.000202,0.997632
data\paderborn\extracted\KB23\KB23\N15_M07_F04_KB23_11.mat,rolling_element,rolling_element,0.000004,0.012054,0.000524,0.987418
data\paderborn\extracted\KB23\KB23\N15_M07_F04_KB23_11.mat,rolling_element,rolling_element,0.000001,0.009060,0.000182,0.990757
data\paderborn\extracted\KB23\KB23\N15_M07_F04_KB23_11.mat,rolling_element,rolling_element,0.000000,0.002205,0.000215,0.997580
data\paderborn\extracted\KB23\KB23\N15_M07_F04_KB23_11.mat,rolling_element,rolling_element,0.000000,0.002180,0.000105,0.997714
data\paderborn\extracted\KB23\KB23\N15_M07_F04_KB23_11.mat,rolling_element,rolling_element,0.000001,0.003339,0.000098,0.996562
data\paderborn\extracted\KB23\KB23\N15_M07_F04_KB23_12.mat,rolling_element,rolling_element,0.000001,0.003838,0.000458,0.995703
data\paderborn\extracted\KB23\KB23\N15_M07_F04_KB23_12.mat,rolling_element,rolling_element,0.000001,0.002219,0.000173,0.997608
data\paderborn\extracted\KB23\KB23\N15_M07_F04_KB23_12.mat,rolling_element,rolling_element,0.000002,0.001669,0.000285,0.998044
data\paderborn\extracted\KB23\KB23\N15_M07_F04_KB23_12.mat,rolling_element,rolling_element,0.000003,0.001846,0.000217,0.997934
data\paderborn\extracted\KB23\KB23\N15_M07_F04_KB23_12.mat,rolling_element,rolling_element,0.000004,0.006090,0.000160,0.993747
data\paderborn\extracted\KB23\KB23\N15_M07_F04_KB23_12.mat,rolling_element,rolling_element,0.000001,0.007512,0.000220,0.992267
data\paderborn\extracted\KB23\KB23\N15_M07_F04_KB23_12.mat,rolling_element,rolling_element,0.000000,0.000247,0.000661,0.999091
data\paderborn\extracted\KB23\KB23\N15_M07_F04_KB23_12.mat,rolling_element,rolling_element,0.000000,0.002143,0.000170,0.997687
data\paderborn\extracted\KB23\KB23\N15_M07_F04_KB23_12.mat,rolling_element,rolling_element,0.000001,0.000947,0.000245,0.998807
data\paderborn\extracted\KB23\KB23\N15_M07_F04_KB23_12.mat,rolling_element,rolling_element,0.000001,0.001152,0.000336,0.998511
data\paderborn\extracted\KB23\KB23\N15_M07_F04_KB23_12.mat,rolling_element,rolling_element,0.000011,0.001920,0.000262,0.997807
data\paderborn\extracted\KB23\KB23\N15_M07_F04_KB23_12.mat,rolling_element,rolling_element,0.000005,0.033833,0.000270,0.965892
data\paderborn\extracted\KB23\KB23\N15_M07_F04_KB23_12.mat,rolling_element,rolling_element,0.000001,0.001674,0.000514,0.997811
data\paderborn\extracted\KB23\KB23\N15_M07_F04_KB23_12.mat,rolling_element,rolling_element,0.000001,0.000600,0.000179,0.999221
data\paderborn\extracted\KB23\KB23\N15_M07_F04_KB23_12.mat,rolling_element,rolling_element,0.000003,0.003240,0.000228,0.996529
data\paderborn\extracted\KB23\KB23\N15_M07_F04_KB23_12.mat,rolling_element,rolling_element,0.000019,0.004206,0.000476,0.995299
data\paderborn\extracted\KB23\KB23\N15_M07_F04_KB23_13.mat,rolling_element,rolling_element,0.000000,0.002336,0.000202,0.997461
data\paderborn\extracted\KB23\KB23\N15_M07_F04_KB23_13.mat,rolling_element,rolling_element,0.000001,0.005133,0.000118,0.994749
data\paderborn\extracted\KB23\KB23\N15_M07_F04_KB23_13.mat,rolling_element,rolling_element,0.000008,0.004665,0.000208,0.995118
data\paderborn\extracted\KB23\KB23\N15_M07_F04_KB23_13.mat,rolling_element,rolling_element,0.000000,0.000781,0.000186,0.999033
data\paderborn\extracted\KB23\KB23\N15_M07_F04_KB23_13.mat,rolling_element,rolling_element,0.000001,0.003506,0.000361,0.996133
data\paderborn\extracted\KB23\KB23\N15_M07_F04_KB23_13.mat,rolling_element,rolling_element,0.000001,0.001006,0.000844,0.998150
data\paderborn\extracted\KB23\KB23\N15_M07_F04_KB23_13.mat,rolling_element,rolling_element,0.000000,0.000818,0.000317,0.998865
data\paderborn\extracted\KB23\KB23\N15_M07_F04_KB23_13.mat,rolling_element,rolling_element,0.000000,0.001344,0.000105,0.998551
data\paderborn\extracted\KB23\KB23\N15_M07_F04_KB23_13.mat,rolling_element,rolling_element,0.000002,0.000544,0.002061,0.997392
data\paderborn\extracted\KB23\KB23\N15_M07_F04_KB23_13.mat,rolling_element,rolling_element,0.000008,0.018462,0.000822,0.980708
data\paderborn\extracted\KB23\KB23\N15_M07_F04_KB23_13.mat,rolling_element,rolling_element,0.000002,0.003988,0.000374,0.995637
data\paderborn\extracted\KB23\KB23\N15_M07_F04_KB23_13.mat,rolling_element,rolling_element,0.000003,0.010394,0.000295,0.989308
data\paderborn\extracted\KB23\KB23\N15_M07_F04_KB23_13.mat,rolling_element,rolling_element,0.000004,0.002512,0.000150,0.997334
data\paderborn\extracted\KB23\KB23\N15_M07_F04_KB23_13.mat,rolling_element,rolling_element,0.000005,0.001752,0.000242,0.998001
data\paderborn\extracted\KB23\KB23\N15_M07_F04_KB23_13.mat,rolling_element,rolling_element,0.000024,0.062513,0.000221,0.937242
data\paderborn\extracted\KB23\KB23\N15_M07_F04_KB23_13.mat,rolling_element,rolling_element,0.000001,0.002273,0.000185,0.997541
data\paderborn\extracted\KB23\KB23\N15_M07_F04_KB23_14.mat,rolling_element,rolling_element,0.000001,0.003781,0.000119,0.996099
data\paderborn\extracted\KB23\KB23\N15_M07_F04_KB23_14.mat,rolling_element,rolling_element,0.000000,0.001085,0.000452,0.998463
data\paderborn\extracted\KB23\KB23\N15_M07_F04_KB23_14.mat,rolling_element,rolling_element,0.000028,0.005969,0.001802,0.992201
data\paderborn\extracted\KB23\KB23\N15_M07_F04_KB23_14.mat,rolling_element,rolling_element,0.000007,0.002389,0.000312,0.997292
data\paderborn\extracted\KB23\KB23\N15_M07_F04_KB23_14.mat,rolling_element,rolling_element,0.000006,0.004030,0.000182,0.995782
data\paderborn\extracted\KB23\KB23\N15_M07_F04_KB23_14.mat,rolling_element,rolling_element,0.000003,0.003467,0.000329,0.996201
data\paderborn\extracted\KB23\KB23\N15_M07_F04_KB23_14.mat,rolling_element,rolling_element,0.000000,0.001767,0.000116,0.998117
data\paderborn\extracted\KB23\KB23\N15_M07_F04_KB23_14.mat,rolling_element,rolling_element,0.000000,0.000975,0.000320,0.998705
data\paderborn\extracted\KB23\KB23\N15_M07_F04_KB23_14.mat,rolling_element,rolling_element,0.000003,0.003285,0.000588,0.996124
data\paderborn\extracted\KB23\KB23\N15_M07_F04_KB23_14.mat,rolling_element,rolling_element,0.000023,0.005344,0.000304,0.994329
data\paderborn\extracted\KB23\KB23\N15_M07_F04_KB23_14.mat,rolling_element,rolling_element,0.000038,0.006562,0.000693,0.992707
data\paderborn\extracted\KB23\KB23\N15_M07_F04_KB23_14.mat,rolling_element,rolling_element,0.000008,0.036011,0.000156,0.963824
data\paderborn\extracted\KB23\KB23\N15_M07_F04_KB23_14.mat,rolling_element,rolling_element,0.000001,0.003770,0.000227,0.996002
data\paderborn\extracted\KB23\KB23\N15_M07_F04_KB23_14.mat,rolling_element,rolling_element,0.000002,0.002247,0.000176,0.997575
data\paderborn\extracted\KB23\KB23\N15_M07_F04_KB23_14.mat,rolling_element,rolling_element,0.000008,0.004411,0.000208,0.995373
data\paderborn\extracted\KB23\KB23\N15_M07_F04_KB23_14.mat,rolling_element,rolling_element,0.000001,0.000997,0.000329,0.998674
data\paderborn\extracted\KB23\KB23\N15_M07_F04_KB23_15.mat,rolling_element,rolling_element,0.000008,0.006023,0.000145,0.993823
data\paderborn\extracted\KB23\KB23\N15_M07_F04_KB23_15.mat,rolling_element,rolling_element,0.000006,0.001091,0.000202,0.998701
data\paderborn\extracted\KB23\KB23\N15_M07_F04_KB23_15.mat,rolling_element,rolling_element,0.000001,0.000806,0.000339,0.998854
data\paderborn\extracted\KB23\KB23\N15_M07_F04_KB23_15.mat,rolling_element,rolling_element,0.000003,0.002568,0.000212,0.997217
data\paderborn\extracted\KB23\KB23\N15_M07_F04_KB23_15.mat,rolling_element,rolling_element,0.000001,0.004292,0.000174,0.995533
data\paderborn\extracted\KB23\KB23\N15_M07_F04_KB23_15.mat,rolling_element,rolling_element,0.000006,0.008674,0.000575,0.990745
data\paderborn\extracted\KB23\KB23\N15_M07_F04_KB23_15.mat,rolling_element,rolling_element,0.000008,0.008997,0.000183,0.990812
data\paderborn\extracted\KB23\KB23\N15_M07_F04_KB23_15.mat,rolling_element,rolling_element,0.000003,0.002392,0.000314,0.997292
data\paderborn\extracted\KB23\KB23\N15_M07_F04_KB23_15.mat,rolling_element,rolling_element,0.000002,0.000994,0.000129,0.998875
data\paderborn\extracted\KB23\KB23\N15_M07_F04_KB23_15.mat,rolling_element,rolling_element,0.000003,0.001769,0.000194,0.998034
data\paderborn\extracted\KB23\KB23\N15_M07_F04_KB23_15.mat,rolling_element,rolling_element,0.000004,0.012692,0.000433,0.986871
data\paderborn\extracted\KB23\KB23\N15_M07_F04_KB23_15.mat,rolling_element,rolling_element,0.000005,0.002299,0.000314,0.997382
data\paderborn\extracted\KB23\KB23\N15_M07_F04_KB23_15.mat,rolling_element,rolling_element,0.000003,0.004318,0.000088,0.995592
data\paderborn\extracted\KB23\KB23\N15_M07_F04_KB23_15.mat,rolling_element,rolling_element,0.000001,0.001866,0.000140,0.997993
data\paderborn\extracted\KB23\KB23\N15_M07_F04_KB23_15.mat,rolling_element,rolling_element,0.000001,0.000618,0.000428,0.998953
data\paderborn\extracted\KB23\KB23\N15_M07_F04_KB23_15.mat,rolling_element,rolling_element,0.000006,0.009367,0.000430,0.990197
data\paderborn\extracted\KB23\KB23\N15_M07_F04_KB23_16.mat,rolling_element,rolling_element,0.000000,0.004740,0.000224,0.995035
data\paderborn\extracted\KB23\KB23\N15_M07_F04_KB23_16.mat,rolling_element,rolling_element,0.000001,0.000831,0.000856,0.998313
data\paderborn\extracted\KB23\KB23\N15_M07_F04_KB23_16.mat,rolling_element,rolling_element,0.000003,0.013566,0.000499,0.985932
data\paderborn\extracted\KB23\KB23\N15_M07_F04_KB23_16.mat,rolling_element,rolling_element,0.000384,0.023011,0.001919,0.974686
data\paderborn\extracted\KB23\KB23\N15_M07_F04_KB23_16.mat,rolling_element,rolling_element,0.000012,0.004521,0.000473,0.994993
data\paderborn\extracted\KB23\KB23\N15_M07_F04_KB23_16.mat,rolling_element,rolling_element,0.000001,0.003553,0.000213,0.996233
data\paderborn\extracted\KB23\KB23\N15_M07_F04_KB23_16.mat,rolling_element,rolling_element,0.000002,0.004092,0.000168,0.995738
data\paderborn\extracted\KB23\KB23\N15_M07_F04_KB23_16.mat,rolling_element,rolling_element,0.000068,0.090212,0.000448,0.909272
data\paderborn\extracted\KB23\KB23\N15_M07_F04_KB23_16.mat,rolling_element,rolling_element,0.000011,0.002548,0.000564,0.996877
data\paderborn\extracted\KB23\KB23\N15_M07_F04_KB23_16.mat,rolling_element,rolling_element,0.000001,0.000404,0.000348,0.999247
data\paderborn\extracted\KB23\KB23\N15_M07_F04_KB23_16.mat,rolling_element,rolling_element,0.000000,0.001638,0.000182,0.998180
data\paderborn\extracted\KB23\KB23\N15_M07_F04_KB23_16.mat,rolling_element,rolling_element,0.000007,0.008404,0.000198,0.991391
data\paderborn\extracted\KB23\KB23\N15_M07_F04_KB23_16.mat,rolling_element,rolling_element,0.000001,0.001253,0.000857,0.997890
data\paderborn\extracted\KB23\KB23\N15_M07_F04_KB23_16.mat,rolling_element,rolling_element,0.000003,0.001367,0.000393,0.998238
data\paderborn\extracted\KB23\KB23\N15_M07_F04_KB23_16.mat,rolling_element,rolling_element,0.000009,0.003142,0.000215,0.996634
data\paderborn\extracted\KB23\KB23\N15_M07_F04_KB23_16.mat,rolling_element,rolling_element,0.000001,0.004802,0.000215,0.994982
data\paderborn\extracted\KB23\KB23\N15_M07_F04_KB23_17.mat,rolling_element,rolling_element,0.000002,0.012066,0.000327,0.987605
data\paderborn\extracted\KB23\KB23\N15_M07_F04_KB23_17.mat,rolling_element,rolling_element,0.000003,0.004931,0.000234,0.994831
data\paderborn\extracted\KB23\KB23\N15_M07_F04_KB23_17.mat,rolling_element,rolling_element,0.000002,0.001959,0.000168,0.997871
data\paderborn\extracted\KB23\KB23\N15_M07_F04_KB23_17.mat,rolling_element,rolling_element,0.000036,0.015855,0.000271,0.983839
data\paderborn\extracted\KB23\KB23\N15_M07_F04_KB23_17.mat,rolling_element,rolling_element,0.000002,0.002955,0.000243,0.996800
data\paderborn\extracted\KB23\KB23\N15_M07_F04_KB23_17.mat,rolling_element,rolling_element,0.000003,0.002052,0.000125,0.997820
data\paderborn\extracted\KB23\KB23\N15_M07_F04_KB23_17.mat,rolling_element,rolling_element,0.000000,0.000643,0.000123,0.999234
data\paderborn\extracted\KB23\KB23\N15_M07_F04_KB23_17.mat,rolling_element,rolling_element,0.000001,0.002846,0.000132,0.997020
data\paderborn\extracted\KB23\KB23\N15_M07_F04_KB23_17.mat,rolling_element,rolling_element,0.000006,0.005061,0.000429,0.994504
data\paderborn\extracted\KB23\KB23\N15_M07_F04_KB23_17.mat,rolling_element,rolling_element,0.000001,0.004871,0.000126,0.995002
data\paderborn\extracted\KB23\KB23\N15_M07_F04_KB23_17.mat,rolling_element,rolling_element,0.000001,0.004710,0.000235,0.995054
data\paderborn\extracted\KB23\KB23\N15_M07_F04_KB23_17.mat,rolling_element,rolling_element,0.000008,0.007947,0.001032,0.991014
data\paderborn\extracted\KB23\KB23\N15_M07_F04_KB23_17.mat,rolling_element,rolling_element,0.000001,0.000502,0.000530,0.998967
data\paderborn\extracted\KB23\KB23\N15_M07_F04_KB23_17.mat,rolling_element,rolling_element,0.000002,0.021336,0.000339,0.978323
data\paderborn\extracted\KB23\KB23\N15_M07_F04_KB23_17.mat,rolling_element,rolling_element,0.000088,0.177677,0.000482,0.821753
data\paderborn\extracted\KB23\KB23\N15_M07_F04_KB23_17.mat,rolling_element,rolling_element,0.000015,0.001637,0.000282,0.998067
data\paderborn\extracted\KB23\KB23\N15_M07_F04_KB23_18.mat,rolling_element,rolling_element,0.000004,0.003336,0.000275,0.996386
data\paderborn\extracted\KB23\KB23\N15_M07_F04_KB23_18.mat,rolling_element,rolling_element,0.000000,0.000878,0.000237,0.998885
data\paderborn\extracted\KB23\KB23\N15_M07_F04_KB23_18.mat,rolling_element,rolling_element,0.000004,0.003750,0.000185,0.996062
data\paderborn\extracted\KB23\KB23\N15_M07_F04_KB23_18.mat,rolling_element,rolling_element,0.000003,0.014516,0.000178,0.985303
data\paderborn\extracted\KB23\KB23\N15_M07_F04_KB23_18.mat,rolling_element,rolling_element,0.000001,0.001938,0.000686,0.997376
data\paderborn\extracted\KB23\KB23\N15_M07_F04_KB23_18.mat,rolling_element,rolling_element,0.000000,0.000231,0.000449,0.999320
data\paderborn\extracted\KB23\KB23\N15_M07_F04_KB23_18.mat,rolling_element,rolling_element,0.000001,0.004093,0.000131,0.995775
data\paderborn\extracted\KB23\KB23\N15_M07_F04_KB23_18.mat,rolling_element,rolling_element,0.000000,0.001555,0.000084,0.998361
data\paderborn\extracted\KB23\KB23\N15_M07_F04_KB23_18.mat,rolling_element,rolling_element,0.000000,0.001761,0.000107,0.998131
data\paderborn\extracted\KB23\KB23\N15_M07_F04_KB23_18.mat,rolling_element,rolling_element,0.000002,0.006644,0.000375,0.992980
data\paderborn\extracted\KB23\KB23\N15_M07_F04_KB23_18.mat,rolling_element,rolling_element,0.000002,0.005161,0.002013,0.992824
data\paderborn\extracted\KB23\KB23\N15_M07_F04_KB23_18.mat,rolling_element,rolling_element,0.000002,0.003984,0.002259,0.993754
data\paderborn\extracted\KB23\KB23\N15_M07_F04_KB23_18.mat,rolling_element,rolling_element,0.000007,0.002127,0.000369,0.997498
data\paderborn\extracted\KB23\KB23\N15_M07_F04_KB23_18.mat,rolling_element,rolling_element,0.000002,0.007247,0.000353,0.992398
data\paderborn\extracted\KB23\KB23\N15_M07_F04_KB23_18.mat,rolling_element,rolling_element,0.000002,0.005455,0.000390,0.994153
data\paderborn\extracted\KB23\KB23\N15_M07_F04_KB23_18.mat,rolling_element,rolling_element,0.000002,0.002058,0.000995,0.996945
data\paderborn\extracted\KB23\KB23\N15_M07_F04_KB23_19.mat,rolling_element,rolling_element,0.000001,0.009508,0.000211,0.990280
data\paderborn\extracted\KB23\KB23\N15_M07_F04_KB23_19.mat,rolling_element,rolling_element,0.000003,0.011157,0.000127,0.988713
data\paderborn\extracted\KB23\KB23\N15_M07_F04_KB23_19.mat,rolling_element,rolling_element,0.000005,0.001388,0.000447,0.998159
data\paderborn\extracted\KB23\KB23\N15_M07_F04_KB23_19.mat,rolling_element,rolling_element,0.000105,0.010371,0.000771,0.988753
data\paderborn\extracted\KB23\KB23\N15_M07_F04_KB23_19.mat,rolling_element,rolling_element,0.000004,0.017405,0.000212,0.982379
data\paderborn\extracted\KB23\KB23\N15_M07_F04_KB23_19.mat,rolling_element,rolling_element,0.000000,0.002268,0.000331,0.997400
data\paderborn\extracted\KB23\KB23\N15_M07_F04_KB23_19.mat,rolling_element,rolling_element,0.000001,0.001619,0.000186,0.998194
data\paderborn\extracted\KB23\KB23\N15_M07_F04_KB23_19.mat,rolling_element,rolling_element,0.000014,0.002899,0.000585,0.996502
data\paderborn\extracted\KB23\KB23\N15_M07_F04_KB23_19.mat,rolling_element,rolling_element,0.000001,0.002233,0.000734,0.997033
data\paderborn\extracted\KB23\KB23\N15_M07_F04_KB23_19.mat,rolling_element,rolling_element,0.000000,0.001908,0.000202,0.997890
data\paderborn\extracted\KB23\KB23\N15_M07_F04_KB23_19.mat,rolling_element,rolling_element,0.000001,0.007489,0.000372,0.992138
data\paderborn\extracted\KB23\KB23\N15_M07_F04_KB23_19.mat,rolling_element,rolling_element,0.000001,0.004447,0.000126,0.995425
data\paderborn\extracted\KB23\KB23\N15_M07_F04_KB23_19.mat,rolling_element,rolling_element,0.000001,0.004800,0.000094,0.995106
data\paderborn\extracted\KB23\KB23\N15_M07_F04_KB23_19.mat,rolling_element,rolling_element,0.000000,0.000996,0.000101,0.998903
data\paderborn\extracted\KB23\KB23\N15_M07_F04_KB23_19.mat,rolling_element,rolling_element,0.000001,0.001648,0.001912,0.996439
data\paderborn\extracted\KB23\KB23\N15_M07_F04_KB23_19.mat,rolling_element,rolling_element,0.000001,0.002613,0.000832,0.996554
data\paderborn\extracted\KB23\KB23\N15_M07_F04_KB23_2.mat,rolling_element,rolling_element,0.000001,0.002155,0.000639,0.997205
data\paderborn\extracted\KB23\KB23\N15_M07_F04_KB23_2.mat,rolling_element,rolling_element,0.000001,0.002111,0.000235,0.997653
data\paderborn\extracted\KB23\KB23\N15_M07_F04_KB23_2.mat,rolling_element,rolling_element,0.000007,0.003225,0.001676,0.995093
data\paderborn\extracted\KB23\KB23\N15_M07_F04_KB23_2.mat,rolling_element,rolling_element,0.000004,0.002821,0.000160,0.997016
data\paderborn\extracted\KB23\KB23\N15_M07_F04_KB23_2.mat,rolling_element,rolling_element,0.000001,0.001325,0.000248,0.998426
data\paderborn\extracted\KB23\KB23\N15_M07_F04_KB23_2.mat,rolling_element,rolling_element,0.000018,0.007554,0.001801,0.990627
data\paderborn\extracted\KB23\KB23\N15_M07_F04_KB23_2.mat,rolling_element,rolling_element,0.000003,0.000536,0.000364,0.999096
data\paderborn\extracted\KB23\KB23\N15_M07_F04_KB23_2.mat,rolling_element,rolling_element,0.000000,0.000108,0.000688,0.999204
data\paderborn\extracted\KB23\KB23\N15_M07_F04_KB23_2.mat,rolling_element,rolling_element,0.000000,0.000794,0.000138,0.999068
data\paderborn\extracted\KB23\KB23\N15_M07_F04_KB23_2.mat,rolling_element,rolling_element,0.000000,0.001594,0.000183,0.998223
data\paderborn\extracted\KB23\KB23\N15_M07_F04_KB23_2.mat,rolling_element,rolling_element,0.000002,0.003144,0.000245,0.996609
data\paderborn\extracted\KB23\KB23\N15_M07_F04_KB23_2.mat,rolling_element,rolling_element,0.000002,0.004875,0.000188,0.994934
data\paderborn\extracted\KB23\KB23\N15_M07_F04_KB23_2.mat,rolling_element,rolling_element,0.000002,0.013194,0.000422,0.986382
data\paderborn\extracted\KB23\KB23\N15_M07_F04_KB23_2.mat,rolling_element,rolling_element,0.000001,0.006257,0.000178,0.993565
data\paderborn\extracted\KB23\KB23\N15_M07_F04_KB23_2.mat,rolling_element,rolling_element,0.000000,0.001335,0.000110,0.998555
data\paderborn\extracted\KB23\KB23\N15_M07_F04_KB23_2.mat,rolling_element,rolling_element,0.000000,0.002181,0.000107,0.997711
data\paderborn\extracted\KB23\KB23\N15_M07_F04_KB23_20.mat,rolling_element,rolling_element,0.000002,0.001913,0.000164,0.997921
data\paderborn\extracted\KB23\KB23\N15_M07_F04_KB23_20.mat,rolling_element,rolling_element,0.000003,0.007631,0.000090,0.992276
data\paderborn\extracted\KB23\KB23\N15_M07_F04_KB23_20.mat,rolling_element,rolling_element,0.000002,0.001046,0.000218,0.998734
data\paderborn\extracted\KB23\KB23\N15_M07_F04_KB23_20.mat,rolling_element,rolling_element,0.000001,0.000259,0.000269,0.999471
data\paderborn\extracted\KB23\KB23\N15_M07_F04_KB23_20.mat,rolling_element,rolling_element,0.000000,0.001236,0.000146,0.998617
data\paderborn\extracted\KB23\KB23\N15_M07_F04_KB23_20.mat,rolling_element,rolling_element,0.000001,0.002765,0.000139,0.997095
data\paderborn\extracted\KB23\KB23\N15_M07_F04_KB23_20.mat,rolling_element,rolling_element,0.000002,0.001897,0.000673,0.997428
data\paderborn\extracted\KB23\KB23\N15_M07_F04_KB23_20.mat,rolling_element,rolling_element,0.000011,0.005995,0.000384,0.993610
data\paderborn\extracted\KB23\KB23\N15_M07_F04_KB23_20.mat,rolling_element,rolling_element,0.000002,0.005515,0.000196,0.994287
data\paderborn\extracted\KB23\KB23\N15_M07_F04_KB23_20.mat,rolling_element,rolling_element,0.000001,0.002867,0.000294,0.996838
data\paderborn\extracted\KB23\KB23\N15_M07_F04_KB23_20.mat,rolling_element,rolling_element,0.000000,0.000390,0.000896,0.998713
data\paderborn\extracted\KB23\KB23\N15_M07_F04_KB23_20.mat,rolling_element,rolling_element,0.000000,0.000939,0.000192,0.998868
data\paderborn\extracted\KB23\KB23\N15_M07_F04_KB23_20.mat,rolling_element,rolling_element,0.000006,0.000873,0.000219,0.998903
data\paderborn\extracted\KB23\KB23\N15_M07_F04_KB23_20.mat,rolling_element,rolling_element,0.000004,0.001469,0.000271,0.998256
data\paderborn\extracted\KB23\KB23\N15_M07_F04_KB23_20.mat,rolling_element,rolling_element,0.000000,0.002147,0.000145,0.997707
data\paderborn\extracted\KB23\KB23\N15_M07_F04_KB23_20.mat,rolling_element,rolling_element,0.000000,0.003041,0.000254,0.996704
data\paderborn\extracted\KB23\KB23\N15_M07_F04_KB23_3.mat,rolling_element,rolling_element,0.000001,0.002516,0.000097,0.997387
data\paderborn\extracted\KB23\KB23\N15_M07_F04_KB23_3.mat,rolling_element,rolling_element,0.000001,0.008622,0.000194,0.991183
data\paderborn\extracted\KB23\KB23\N15_M07_F04_KB23_3.mat,rolling_element,rolling_element,0.000001,0.003847,0.000725,0.995426
data\paderborn\extracted\KB23\KB23\N15_M07_F04_KB23_3.mat,rolling_element,rolling_element,0.000001,0.001323,0.000262,0.998415
data\paderborn\extracted\KB23\KB23\N15_M07_F04_KB23_3.mat,rolling_element,rolling_element,0.000007,0.006580,0.000909,0.992504
data\paderborn\extracted\KB23\KB23\N15_M07_F04_KB23_3.mat,rolling_element,rolling_element,0.000004,0.005862,0.000965,0.993169
data\paderborn\extracted\KB23\KB23\N15_M07_F04_KB23_3.mat,rolling_element,rolling_element,0.000001,0.000377,0.000316,0.999306
data\paderborn\extracted\KB23\KB23\N15_M07_F04_KB23_3.mat,rolling_element,rolling_element,0.000001,0.001936,0.000185,0.997879
data\paderborn\extracted\KB23\KB23\N15_M07_F04_KB23_3.mat,rolling_element,rolling_element,0.000005,0.008992,0.000174,0.990830
data\paderborn\extracted\KB23\KB23\N15_M07_F04_KB23_3.mat,rolling_element,rolling_element,0.000003,0.000461,0.000299,0.999237
data\paderborn\extracted\KB23\KB23\N15_M07_F04_KB23_3.mat,rolling_element,rolling_element,0.000002,0.000582,0.000798,0.998618
data\paderborn\extracted\KB23\KB23\N15_M07_F04_KB23_3.mat,rolling_element,rolling_element,0.000005,0.014672,0.000538,0.984784
data\paderborn\extracted\KB23\KB23\N15_M07_F04_KB23_3.mat,rolling_element,rolling_element,0.000001,0.002564,0.000143,0.997292
data\paderborn\extracted\KB23\KB23\N15_M07_F04_KB23_3.mat,rolling_element,rolling_element,0.000000,0.002038,0.000148,0.997814
data\paderborn\extracted\KB23\KB23\N15_M07_F04_KB23_3.mat,rolling_element,rolling_element,0.000001,0.001608,0.000170,0.998222
data\paderborn\extracted\KB23\KB23\N15_M07_F04_KB23_3.mat,rolling_element,rolling_element,0.000006,0.009783,0.000586,0.989625
data\paderborn\extracted\KB23\KB23\N15_M07_F04_KB23_4.mat,rolling_element,rolling_element,0.000001,0.012243,0.000402,0.987354
data\paderborn\extracted\KB23\KB23\N15_M07_F04_KB23_4.mat,rolling_element,rolling_element,0.000000,0.002568,0.000125,0.997307
data\paderborn\extracted\KB23\KB23\N15_M07_F04_KB23_4.mat,rolling_element,rolling_element,0.000001,0.000673,0.000930,0.998397
data\paderborn\extracted\KB23\KB23\N15_M07_F04_KB23_4.mat,rolling_element,rolling_element,0.000001,0.009908,0.000094,0.989997
data\paderborn\extracted\KB23\KB23\N15_M07_F04_KB23_4.mat,rolling_element,rolling_element,0.000001,0.001113,0.000898,0.997988
data\paderborn\extracted\KB23\KB23\N15_M07_F04_KB23_4.mat,rolling_element,rolling_element,0.000001,0.001372,0.000661,0.997967
data\paderborn\extracted\KB23\KB23\N15_M07_F04_KB23_4.mat,rolling_element,rolling_element,0.000001,0.001238,0.000399,0.998362
data\paderborn\extracted\KB23\KB23\N15_M07_F04_KB23_4.mat,rolling_element,rolling_element,0.000002,0.003799,0.000248,0.995951
data\paderborn\extracted\KB23\KB23\N15_M07_F04_KB23_4.mat,rolling_element,rolling_element,0.000011,0.000472,0.000648,0.998870
data\paderborn\extracted\KB23\KB23\N15_M07_F04_KB23_4.mat,rolling_element,rolling_element,0.000001,0.001077,0.000243,0.998680
data\paderborn\extracted\KB23\KB23\N15_M07_F04_KB23_4.mat,rolling_element,rolling_element,0.000000,0.000423,0.000270,0.999307
data\paderborn\extracted\KB23\KB23\N15_M07_F04_KB23_4.mat,rolling_element,rolling_element,0.000001,0.001883,0.000090,0.998026
data\paderborn\extracted\KB23\KB23\N15_M07_F04_KB23_4.mat,rolling_element,rolling_element,0.000005,0.001978,0.000190,0.997827
data\paderborn\extracted\KB23\KB23\N15_M07_F04_KB23_4.mat,rolling_element,rolling_element,0.000005,0.039714,0.000359,0.959922
data\paderborn\extracted\KB23\KB23\N15_M07_F04_KB23_4.mat,rolling_element,rolling_element,0.000075,0.009467,0.000509,0.989949
data\paderborn\extracted\KB23\KB23\N15_M07_F04_KB23_4.mat,rolling_element,rolling_element,0.000000,0.001854,0.000198,0.997947
data\paderborn\extracted\KB23\KB23\N15_M07_F04_KB23_5.mat,rolling_element,rolling_element,0.000003,0.007623,0.000308,0.992067
data\paderborn\extracted\KB23\KB23\N15_M07_F04_KB23_5.mat,rolling_element,rolling_element,0.000042,0.030859,0.000259,0.968840
data\paderborn\extracted\KB23\KB23\N15_M07_F04_KB23_5.mat,rolling_element,rolling_element,0.000265,0.036542,0.000516,0.962677
data\paderborn\extracted\KB23\KB23\N15_M07_F04_KB23_5.mat,rolling_element,rolling_element,0.000001,0.000837,0.000963,0.998199
data\paderborn\extracted\KB23\KB23\N15_M07_F04_KB23_5.mat,rolling_element,rolling_element,0.000099,0.146361,0.001279,0.852261
data\paderborn\extracted\KB23\KB23\N15_M07_F04_KB23_5.mat,rolling_element,rolling_element,0.000009,0.005439,0.000380,0.994172
data\paderborn\extracted\KB23\KB23\N15_M07_F04_KB23_5.mat,rolling_element,rolling_element,0.000006,0.006611,0.000409,0.992974
data\paderborn\extracted\KB23\KB23\N15_M07_F04_KB23_5.mat,rolling_element,rolling_element,0.000021,0.018862,0.000871,0.980245
data\paderborn\extracted\KB23\KB23\N15_M07_F04_KB23_5.mat,rolling_element,rolling_element,0.000004,0.006858,0.000126,0.993012
data\paderborn\extracted\KB23\KB23\N15_M07_F04_KB23_5.mat,rolling_element,rolling_element,0.000005,0.028001,0.000408,0.971585
data\paderborn\extracted\KB23\KB23\N15_M07_F04_KB23_5.mat,rolling_element,rolling_element,0.000000,0.002202,0.000160,0.997638
data\paderborn\extracted\KB23\KB23\N15_M07_F04_KB23_5.mat,rolling_element,rolling_element,0.000045,0.037477,0.000232,0.962245
data\paderborn\extracted\KB23\KB23\N15_M07_F04_KB23_5.mat,rolling_element,rolling_element,0.000000,0.001828,0.000209,0.997962
data\paderborn\extracted\KB23\KB23\N15_M07_F04_KB23_5.mat,rolling_element,rolling_element,0.000011,0.044947,0.000207,0.954834
data\paderborn\extracted\KB23\KB23\N15_M07_F04_KB23_5.mat,rolling_element,rolling_element,0.000002,0.003621,0.000432,0.995944
data\paderborn\extracted\KB23\KB23\N15_M07_F04_KB23_5.mat,rolling_element,rolling_element,0.000002,0.003826,0.000118,0.996053
data\paderborn\extracted\KB23\KB23\N15_M07_F04_KB23_6.mat,rolling_element,rolling_element,0.000069,0.024224,0.000129,0.975578
data\paderborn\extracted\KB23\KB23\N15_M07_F04_KB23_6.mat,rolling_element,rolling_element,0.000730,0.466801,0.000150,0.532319
data\paderborn\extracted\KB23\KB23\N15_M07_F04_KB23_6.mat,rolling_element,rolling_element,0.000008,0.041356,0.000165,0.958472
data\paderborn\extracted\KB23\KB23\N15_M07_F04_KB23_6.mat,rolling_element,rolling_element,0.000073,0.024506,0.000261,0.975160
data\paderborn\extracted\KB23\KB23\N15_M07_F04_KB23_6.mat,rolling_element,rolling_element,0.000001,0.000309,0.000382,0.999309
data\paderborn\extracted\KB23\KB23\N15_M07_F04_KB23_6.mat,rolling_element,rolling_element,0.000003,0.014907,0.000113,0.984977
data\paderborn\extracted\KB23\KB23\N15_M07_F04_KB23_6.mat,rolling_element,rolling_element,0.000000,0.000826,0.000359,0.998815
data\paderborn\extracted\KB23\KB23\N15_M07_F04_KB23_6.mat,rolling_element,rolling_element,0.000097,0.001695,0.006409,0.991799
data\paderborn\extracted\KB23\KB23\N15_M07_F04_KB23_6.mat,rolling_element,rolling_element,0.000001,0.002925,0.000241,0.996833
data\paderborn\extracted\KB23\KB23\N15_M07_F04_KB23_6.mat,rolling_element,rolling_element,0.000002,0.003288,0.000193,0.996518
data\paderborn\extracted\KB23\KB23\N15_M07_F04_KB23_6.mat,rolling_element,rolling_element,0.000002,0.009030,0.000315,0.990653
data\paderborn\extracted\KB23\KB23\N15_M07_F04_KB23_6.mat,rolling_element,rolling_element,0.000002,0.007379,0.000401,0.992218
data\paderborn\extracted\KB23\KB23\N15_M07_F04_KB23_6.mat,rolling_element,rolling_element,0.000114,0.009876,0.000425,0.989585
data\paderborn\extracted\KB23\KB23\N15_M07_F04_KB23_6.mat,rolling_element,rolling_element,0.000007,0.002922,0.000521,0.996550
data\paderborn\extracted\KB23\KB23\N15_M07_F04_KB23_6.mat,rolling_element,rolling_element,0.000001,0.002250,0.000352,0.997397
data\paderborn\extracted\KB23\KB23\N15_M07_F04_KB23_6.mat,rolling_element,rolling_element,0.000029,0.009912,0.000510,0.989550
data\paderborn\extracted\KB23\KB23\N15_M07_F04_KB23_7.mat,rolling_element,rolling_element,0.000001,0.001327,0.000556,0.998117
data\paderborn\extracted\KB23\KB23\N15_M07_F04_KB23_7.mat,rolling_element,rolling_element,0.000002,0.002011,0.000333,0.997654
data\paderborn\extracted\KB23\KB23\N15_M07_F04_KB23_7.mat,rolling_element,rolling_element,0.000001,0.000681,0.000276,0.999042
data\paderborn\extracted\KB23\KB23\N15_M07_F04_KB23_7.mat,rolling_element,rolling_element,0.000001,0.011348,0.000116,0.988535
data\paderborn\extracted\KB23\KB23\N15_M07_F04_KB23_7.mat,rolling_element,rolling_element,0.000004,0.012186,0.000142,0.987668
data\paderborn\extracted\KB23\KB23\N15_M07_F04_KB23_7.mat,rolling_element,rolling_element,0.000002,0.000451,0.000803,0.998744
data\paderborn\extracted\KB23\KB23\N15_M07_F04_KB23_7.mat,rolling_element,rolling_element,0.000015,0.002741,0.000419,0.996825
data\paderborn\extracted\KB23\KB23\N15_M07_F04_KB23_7.mat,rolling_element,rolling_element,0.000004,0.001576,0.000352,0.998068
data\paderborn\extracted\KB23\KB23\N15_M07_F04_KB23_7.mat,rolling_element,rolling_element,0.000002,0.008524,0.000171,0.991304
data\paderborn\extracted\KB23\KB23\N15_M07_F04_KB23_7.mat,rolling_element,rolling_element,0.000002,0.001207,0.000116,0.998676
data\paderborn\extracted\KB23\KB23\N15_M07_F04_KB23_7.mat,rolling_element,rolling_element,0.000043,0.083761,0.000482,0.915714
data\paderborn\extracted\KB23\KB23\N15_M07_F04_KB23_7.mat,rolling_element,rolling_element,0.000002,0.000439,0.000257,0.999303
data\paderborn\extracted\KB23\KB23\N15_M07_F04_KB23_7.mat,rolling_element,rolling_element,0.000000,0.000591,0.000094,0.999315
data\paderborn\extracted\KB23\KB23\N15_M07_F04_KB23_7.mat,rolling_element,rolling_element,0.000001,0.002884,0.000078,0.997036
data\paderborn\extracted\KB23\KB23\N15_M07_F04_KB23_7.mat,rolling_element,rolling_element,0.000001,0.012015,0.000320,0.987663
data\paderborn\extracted\KB23\KB23\N15_M07_F04_KB23_7.mat,rolling_element,rolling_element,0.000001,0.004917,0.000188,0.994893
data\paderborn\extracted\KB23\KB23\N15_M07_F04_KB23_8.mat,rolling_element,rolling_element,0.000004,0.009321,0.000490,0.990186
data\paderborn\extracted\KB23\KB23\N15_M07_F04_KB23_8.mat,rolling_element,rolling_element,0.000000,0.000577,0.000159,0.999263
data\paderborn\extracted\KB23\KB23\N15_M07_F04_KB23_8.mat,rolling_element,rolling_element,0.000004,0.000667,0.000370,0.998959
data\paderborn\extracted\KB23\KB23\N15_M07_F04_KB23_8.mat,rolling_element,rolling_element,0.000001,0.000424,0.000532,0.999043
data\paderborn\extracted\KB23\KB23\N15_M07_F04_KB23_8.mat,rolling_element,rolling_element,0.000012,0.062253,0.000167,0.937568
data\paderborn\extracted\KB23\KB23\N15_M07_F04_KB23_8.mat,rolling_element,rolling_element,0.000002,0.000644,0.000302,0.999052
data\paderborn\extracted\KB23\KB23\N15_M07_F04_KB23_8.mat,rolling_element,rolling_element,0.000000,0.000473,0.000243,0.999283
data\paderborn\extracted\KB23\KB23\N15_M07_F04_KB23_8.mat,rolling_element,rolling_element,0.000000,0.000891,0.000148,0.998961
data\paderborn\extracted\KB23\KB23\N15_M07_F04_KB23_8.mat,rolling_element,rolling_element,0.000000,0.000260,0.000261,0.999479
data\paderborn\extracted\KB23\KB23\N15_M07_F04_KB23_8.mat,rolling_element,rolling_element,0.000001,0.004087,0.000241,0.995671
data\paderborn\extracted\KB23\KB23\N15_M07_F04_KB23_8.mat,rolling_element,rolling_element,0.000001,0.007009,0.000361,0.992629
data\paderborn\extracted\KB23\KB23\N15_M07_F04_KB23_8.mat,rolling_element,rolling_element,0.000004,0.005558,0.001290,0.993149
data\paderborn\extracted\KB23\KB23\N15_M07_F04_KB23_8.mat,rolling_element,rolling_element,0.000000,0.001681,0.000245,0.998074
data\paderborn\extracted\KB23\KB23\N15_M07_F04_KB23_8.mat,rolling_element,rolling_element,0.000001,0.001039,0.000351,0.998609
data\paderborn\extracted\KB23\KB23\N15_M07_F04_KB23_8.mat,rolling_element,rolling_element,0.000002,0.001055,0.001234,0.997709
data\paderborn\extracted\KB23\KB23\N15_M07_F04_KB23_8.mat,rolling_element,rolling_element,0.000000,0.000484,0.000237,0.999279
data\paderborn\extracted\KB23\KB23\N15_M07_F04_KB23_9.mat,rolling_element,rolling_element,0.000001,0.001756,0.000237,0.998006
data\paderborn\extracted\KB23\KB23\N15_M07_F04_KB23_9.mat,rolling_element,rolling_element,0.000001,0.003323,0.000123,0.996554
data\paderborn\extracted\KB23\KB23\N15_M07_F04_KB23_9.mat,rolling_element,rolling_element,0.000000,0.000360,0.000445,0.999195
data\paderborn\extracted\KB23\KB23\N15_M07_F04_KB23_9.mat,rolling_element,rolling_element,0.000030,0.002332,0.001202,0.996435
data\paderborn\extracted\KB23\KB23\N15_M07_F04_KB23_9.mat,rolling_element,rolling_element,0.000010,0.011335,0.000463,0.988191
data\paderborn\extracted\KB23\KB23\N15_M07_F04_KB23_9.mat,rolling_element,rolling_element,0.000001,0.005738,0.000124,0.994137
data\paderborn\extracted\KB23\KB23\N15_M07_F04_KB23_9.mat,rolling_element,rolling_element,0.000000,0.000267,0.000421,0.999312
data\paderborn\extracted\KB23\KB23\N15_M07_F04_KB23_9.mat,rolling_element,rolling_element,0.000000,0.001228,0.000189,0.998583
data\paderborn\extracted\KB23\KB23\N15_M07_F04_KB23_9.mat,rolling_element,rolling_element,0.000000,0.001401,0.000122,0.998477
data\paderborn\extracted\KB23\KB23\N15_M07_F04_KB23_9.mat,rolling_element,rolling_element,0.000000,0.002927,0.000158,0.996914
data\paderborn\extracted\KB23\KB23\N15_M07_F04_KB23_9.mat,rolling_element,rolling_element,0.000003,0.011490,0.000263,0.988243
data\paderborn\extracted\KB23\KB23\N15_M07_F04_KB23_9.mat,rolling_element,rolling_element,0.000011,0.003443,0.000431,0.996115
data\paderborn\extracted\KB23\KB23\N15_M07_F04_KB23_9.mat,rolling_element,rolling_element,0.000000,0.001022,0.000155,0.998822
data\paderborn\extracted\KB23\KB23\N15_M07_F04_KB23_9.mat,rolling_element,rolling_element,0.000001,0.004028,0.000093,0.995877
data\paderborn\extracted\KB23\KB23\N15_M07_F04_KB23_9.mat,rolling_element,rolling_element,0.000006,0.013416,0.000275,0.986303
data\paderborn\extracted\KB23\KB23\N15_M07_F04_KB23_9.mat,rolling_element,rolling_element,0.000001,0.001136,0.000247,0.998616
data\paderborn\extracted\KB23\KB23\N15_M07_F10_KB23_1.mat,rolling_element,rolling_element,0.000011,0.001115,0.000774,0.998100
data\paderborn\extracted\KB23\KB23\N15_M07_F10_KB23_1.mat,rolling_element,rolling_element,0.000004,0.000489,0.000434,0.999073
data\paderborn\extracted\KB23\KB23\N15_M07_F10_KB23_1.mat,rolling_element,rolling_element,0.000001,0.001811,0.000142,0.998046
data\paderborn\extracted\KB23\KB23\N15_M07_F10_KB23_1.mat,rolling_element,rolling_element,0.000001,0.001631,0.000315,0.998052
data\paderborn\extracted\KB23\KB23\N15_M07_F10_KB23_1.mat,rolling_element,rolling_element,0.000000,0.000900,0.000195,0.998905
data\paderborn\extracted\KB23\KB23\N15_M07_F10_KB23_1.mat,rolling_element,rolling_element,0.000006,0.003724,0.000411,0.995859
data\paderborn\extracted\KB23\KB23\N15_M07_F10_KB23_1.mat,rolling_element,rolling_element,0.000032,0.014532,0.000394,0.985041
data\paderborn\extracted\KB23\KB23\N15_M07_F10_KB23_1.mat,rolling_element,rolling_element,0.000007,0.001063,0.000566,0.998364
data\paderborn\extracted\KB23\KB23\N15_M07_F10_KB23_1.mat,rolling_element,rolling_element,0.000000,0.000983,0.000116,0.998901
data\paderborn\extracted\KB23\KB23\N15_M07_F10_KB23_1.mat,rolling_element,rolling_element,0.000001,0.001332,0.000548,0.998120
data\paderborn\extracted\KB23\KB23\N15_M07_F10_KB23_1.mat,rolling_element,rolling_element,0.000001,0.001274,0.000312,0.998414
data\paderborn\extracted\KB23\KB23\N15_M07_F10_KB23_1.mat,rolling_element,rolling_element,0.000000,0.000461,0.000479,0.999060
data\paderborn\extracted\KB23\KB23\N15_M07_F10_KB23_1.mat,rolling_element,rolling_element,0.000027,0.003825,0.000398,0.995751
data\paderborn\extracted\KB23\KB23\N15_M07_F10_KB23_1.mat,rolling_element,rolling_element,0.000007,0.002153,0.000123,0.997717
data\paderborn\extracted\KB23\KB23\N15_M07_F10_KB23_1.mat,rolling_element,rolling_element,0.000001,0.000778,0.000135,0.999086
data\paderborn\extracted\KB23\KB23\N15_M07_F10_KB23_1.mat,rolling_element,rolling_element,0.000003,0.001963,0.000234,0.997801
data\paderborn\extracted\KB23\KB23\N15_M07_F10_KB23_10.mat,rolling_element,rolling_element,0.000002,0.001485,0.000492,0.998021
data\paderborn\extracted\KB23\KB23\N15_M07_F10_KB23_10.mat,rolling_element,rolling_element,0.000012,0.000667,0.000214,0.999106
data\paderborn\extracted\KB23\KB23\N15_M07_F10_KB23_10.mat,rolling_element,rolling_element,0.000009,0.060194,0.000155,0.939641
data\paderborn\extracted\KB23\KB23\N15_M07_F10_KB23_10.mat,rolling_element,rolling_element,0.000001,0.005873,0.000466,0.993660
data\paderborn\extracted\KB23\KB23\N15_M07_F10_KB23_10.mat,rolling_element,rolling_element,0.000000,0.000297,0.000259,0.999443
data\paderborn\extracted\KB23\KB23\N15_M07_F10_KB23_10.mat,rolling_element,rolling_element,0.000002,0.007177,0.000301,0.992520
data\paderborn\extracted\KB23\KB23\N15_M07_F10_KB23_10.mat,rolling_element,rolling_element,0.000020,0.006960,0.000135,0.992885
data\paderborn\extracted\KB23\KB23\N15_M07_F10_KB23_10.mat,rolling_element,rolling_element,0.000282,0.003440,0.000463,0.995814
data\paderborn\extracted\KB23\KB23\N15_M07_F10_KB23_10.mat,rolling_element,rolling_element,0.000061,0.004437,0.000736,0.994766
data\paderborn\extracted\KB23\KB23\N15_M07_F10_KB23_10.mat,rolling_element,rolling_element,0.000002,0.001132,0.000465,0.998401
data\paderborn\extracted\KB23\KB23\N15_M07_F10_KB23_10.mat,rolling_element,rolling_element,0.000001,0.001565,0.000913,0.997521
data\paderborn\extracted\KB23\KB23\N15_M07_F10_KB23_10.mat,rolling_element,rolling_element,0.000010,0.004888,0.001971,0.993131
data\paderborn\extracted\KB23\KB23\N15_M07_F10_KB23_10.mat,rolling_element,rolling_element,0.000002,0.002464,0.000482,0.997052
data\paderborn\extracted\KB23\KB23\N15_M07_F10_KB23_10.mat,rolling_element,rolling_element,0.000062,0.020513,0.000285,0.979140
data\paderborn\extracted\KB23\KB23\N15_M07_F10_KB23_10.mat,rolling_element,rolling_element,0.000008,0.000281,0.000222,0.999488
data\paderborn\extracted\KB23\KB23\N15_M07_F10_KB23_10.mat,rolling_element,rolling_element,0.000001,0.000348,0.000155,0.999497
data\paderborn\extracted\KB23\KB23\N15_M07_F10_KB23_11.mat,rolling_element,rolling_element,0.000050,0.011601,0.000817,0.987532
data\paderborn\extracted\KB23\KB23\N15_M07_F10_KB23_11.mat,rolling_element,rolling_element,0.000046,0.003012,0.000223,0.996719
data\paderborn\extracted\KB23\KB23\N15_M07_F10_KB23_11.mat,rolling_element,rolling_element,0.000112,0.000638,0.005350,0.993899
data\paderborn\extracted\KB23\KB23\N15_M07_F10_KB23_11.mat,rolling_element,rolling_element,0.000001,0.001639,0.000100,0.998260
data\paderborn\extracted\KB23\KB23\N15_M07_F10_KB23_11.mat,rolling_element,rolling_element,0.000001,0.000859,0.001240,0.997900
data\paderborn\extracted\KB23\KB23\N15_M07_F10_KB23_11.mat,rolling_element,rolling_element,0.000001,0.004952,0.000429,0.994618
data\paderborn\extracted\KB23\KB23\N15_M07_F10_KB23_11.mat,rolling_element,rolling_element,0.000058,0.004731,0.000717,0.994494
data\paderborn\extracted\KB23\KB23\N15_M07_F10_KB23_11.mat,rolling_element,rolling_element,0.000003,0.002945,0.000244,0.996808
data\paderborn\extracted\KB23\KB23\N15_M07_F10_KB23_11.mat,rolling_element,rolling_element,0.000002,0.000217,0.000232,0.999550
data\paderborn\extracted\KB23\KB23\N15_M07_F10_KB23_11.mat,rolling_element,rolling_element,0.000000,0.001148,0.000071,0.998780
data\paderborn\extracted\KB23\KB23\N15_M07_F10_KB23_11.mat,rolling_element,rolling_element,0.000001,0.000571,0.000753,0.998676
data\paderborn\extracted\KB23\KB23\N15_M07_F10_KB23_11.mat,rolling_element,rolling_element,0.000001,0.001284,0.000154,0.998561
data\paderborn\extracted\KB23\KB23\N15_M07_F10_KB23_11.mat,rolling_element,rolling_element,0.000017,0.004792,0.000220,0.994971
data\paderborn\extracted\KB23\KB23\N15_M07_F10_KB23_11.mat,rolling_element,rolling_element,0.000006,0.004096,0.000211,0.995687
data\paderborn\extracted\KB23\KB23\N15_M07_F10_KB23_11.mat,rolling_element,rolling_element,0.000006,0.003394,0.000132,0.996468
data\paderborn\extracted\KB23\KB23\N15_M07_F10_KB23_11.mat,rolling_element,rolling_element,0.000000,0.000811,0.000083,0.999106
data\paderborn\extracted\KB23\KB23\N15_M07_F10_KB23_12.mat,rolling_element,rolling_element,0.000001,0.000621,0.000171,0.999208
data\paderborn\extracted\KB23\KB23\N15_M07_F10_KB23_12.mat,rolling_element,rolling_element,0.000010,0.002678,0.000513,0.996799
data\paderborn\extracted\KB23\KB23\N15_M07_F10_KB23_12.mat,rolling_element,rolling_element,0.000002,0.001410,0.000387,0.998200
data\paderborn\extracted\KB23\KB23\N15_M07_F10_KB23_12.mat,rolling_element,rolling_element,0.000415,0.001620,0.001312,0.996653
data\paderborn\extracted\KB23\KB23\N15_M07_F10_KB23_12.mat,rolling_element,rolling_element,0.000382,0.007780,0.000444,0.991394
data\paderborn\extracted\KB23\KB23\N15_M07_F10_KB23_12.mat,rolling_element,rolling_element,0.000002,0.001032,0.000482,0.998484
data\paderborn\extracted\KB23\KB23\N15_M07_F10_KB23_12.mat,rolling_element,rolling_element,0.000024,0.013204,0.001589,0.985184
data\paderborn\extracted\KB23\KB23\N15_M07_F10_KB23_12.mat,rolling_element,rolling_element,0.000001,0.000951,0.000502,0.998546
data\paderborn\extracted\KB23\KB23\N15_M07_F10_KB23_12.mat,rolling_element,rolling_element,0.000003,0.003611,0.000355,0.996032
data\paderborn\extracted\KB23\KB23\N15_M07_F10_KB23_12.mat,rolling_element,rolling_element,0.000137,0.015835,0.000319,0.983710
data\paderborn\extracted\KB23\KB23\N15_M07_F10_KB23_12.mat,rolling_element,rolling_element,0.000161,0.010689,0.001932,0.987218
data\paderborn\extracted\KB23\KB23\N15_M07_F10_KB23_12.mat,rolling_element,rolling_element,0.000002,0.001710,0.000306,0.997982
data\paderborn\extracted\KB23\KB23\N15_M07_F10_KB23_12.mat,rolling_element,rolling_element,0.000002,0.018281,0.000456,0.981260
data\paderborn\extracted\KB23\KB23\N15_M07_F10_KB23_12.mat,rolling_element,rolling_element,0.000002,0.007249,0.000502,0.992247
data\paderborn\extracted\KB23\KB23\N15_M07_F10_KB23_12.mat,rolling_element,rolling_element,0.000413,0.002504,0.000617,0.996466
data\paderborn\extracted\KB23\KB23\N15_M07_F10_KB23_12.mat,rolling_element,rolling_element,0.000009,0.000756,0.000436,0.998799
data\paderborn\extracted\KB23\KB23\N15_M07_F10_KB23_13.mat,rolling_element,rolling_element,0.000018,0.001330,0.000953,0.997699
data\paderborn\extracted\KB23\KB23\N15_M07_F10_KB23_13.mat,rolling_element,rolling_element,0.000010,0.005107,0.000561,0.994321
data\paderborn\extracted\KB23\KB23\N15_M07_F10_KB23_13.mat,rolling_element,rolling_element,0.000000,0.001754,0.000402,0.997843
data\paderborn\extracted\KB23\KB23\N15_M07_F10_KB23_13.mat,rolling_element,rolling_element,0.000002,0.003226,0.000137,0.996636
data\paderborn\extracted\KB23\KB23\N15_M07_F10_KB23_13.mat,rolling_element,rolling_element,0.000003,0.007391,0.000192,0.992414
data\paderborn\extracted\KB23\KB23\N15_M07_F10_KB23_13.mat,rolling_element,rolling_element,0.000002,0.000889,0.000260,0.998849
data\paderborn\extracted\KB23\KB23\N15_M07_F10_KB23_13.mat,rolling_element,rolling_element,0.000012,0.000338,0.000787,0.998862
data\paderborn\extracted\KB23\KB23\N15_M07_F10_KB23_13.mat,rolling_element,rolling_element,0.000022,0.002770,0.000686,0.996522
data\paderborn\extracted\KB23\KB23\N15_M07_F10_KB23_13.mat,rolling_element,rolling_element,0.000003,0.001716,0.000652,0.997630
data\paderborn\extracted\KB23\KB23\N15_M07_F10_KB23_13.mat,rolling_element,rolling_element,0.000003,0.001878,0.001732,0.996387
data\paderborn\extracted\KB23\KB23\N15_M07_F10_KB23_13.mat,rolling_element,rolling_element,0.000003,0.004486,0.000332,0.995179
data\paderborn\extracted\KB23\KB23\N15_M07_F10_KB23_13.mat,rolling_element,rolling_element,0.000056,0.000849,0.000401,0.998694
data\paderborn\extracted\KB23\KB23\N15_M07_F10_KB23_13.mat,rolling_element,rolling_element,0.000002,0.000324,0.000165,0.999509
data\paderborn\extracted\KB23\KB23\N15_M07_F10_KB23_13.mat,rolling_element,rolling_element,0.000001,0.002708,0.000169,0.997122
data\paderborn\extracted\KB23\KB23\N15_M07_F10_KB23_13.mat,rolling_element,rolling_element,0.000008,0.008935,0.000098,0.990960
data\paderborn\extracted\KB23\KB23\N15_M07_F10_KB23_13.mat,rolling_element,rolling_element,0.000000,0.001319,0.000130,0.998550
data\paderborn\extracted\KB23\KB23\N15_M07_F10_KB23_14.mat,rolling_element,rolling_element,0.000000,0.000737,0.000163,0.999100
data\paderborn\extracted\KB23\KB23\N15_M07_F10_KB23_14.mat,rolling_element,rolling_element,0.000000,0.001967,0.000077,0.997956
data\paderborn\extracted\KB23\KB23\N15_M07_F10_KB23_14.mat,rolling_element,rolling_element,0.000010,0.007676,0.001227,0.991088
data\paderborn\extracted\KB23\KB23\N15_M07_F10_KB23_14.mat,rolling_element,rolling_element,0.000014,0.002825,0.000382,0.996779
data\paderborn\extracted\KB23\KB23\N15_M07_F10_KB23_14.mat,rolling_element,rolling_element,0.000004,0.001063,0.000305,0.998627
data\paderborn\extracted\KB23\KB23\N15_M07_F10_KB23_14.mat,rolling_element,rolling_element,0.000004,0.003320,0.000517,0.996160
data\paderborn\extracted\KB23\KB23\N15_M07_F10_KB23_14.mat,rolling_element,rolling_element,0.000289,0.013783,0.001301,0.984628
data\paderborn\extracted\KB23\KB23\N15_M07_F10_KB23_14.mat,rolling_element,rolling_element,0.000133,0.003786,0.000519,0.995563
data\paderborn\extracted\KB23\KB23\N15_M07_F10_KB23_14.mat,rolling_element,rolling_element,0.000055,0.007404,0.000482,0.992059
data\paderborn\extracted\KB23\KB23\N15_M07_F10_KB23_14.mat,rolling_element,rolling_element,0.000001,0.006173,0.000089,0.993736
data\paderborn\extracted\KB23\KB23\N15_M07_F10_KB23_14.mat,rolling_element,rolling_element,0.000000,0.001230,0.000272,0.998498
data\paderborn\extracted\KB23\KB23\N15_M07_F10_KB23_14.mat,rolling_element,rolling_element,0.000002,0.003538,0.000956,0.995504
data\paderborn\extracted\KB23\KB23\N15_M07_F10_KB23_14.mat,rolling_element,rolling_element,0.000001,0.002550,0.000201,0.997249
data\paderborn\extracted\KB23\KB23\N15_M07_F10_KB23_14.mat,rolling_element,rolling_element,0.000029,0.004292,0.000961,0.994719
data\paderborn\extracted\KB23\KB23\N15_M07_F10_KB23_14.mat,rolling_element,rolling_element,0.000010,0.000173,0.000554,0.999263
data\paderborn\extracted\KB23\KB23\N15_M07_F10_KB23_14.mat,rolling_element,rolling_element,0.000231,0.002453,0.000471,0.996844
data\paderborn\extracted\KB23\KB23\N15_M07_F10_KB23_15.mat,rolling_element,rolling_element,0.000001,0.000888,0.000229,0.998882
data\paderborn\extracted\KB23\KB23\N15_M07_F10_KB23_15.mat,rolling_element,rolling_element,0.000010,0.021042,0.000199,0.978749
data\paderborn\extracted\KB23\KB23\N15_M07_F10_KB23_15.mat,rolling_element,rolling_element,0.000003,0.004901,0.000816,0.994280
data\paderborn\extracted\KB23\KB23\N15_M07_F10_KB23_15.mat,rolling_element,rolling_element,0.000001,0.002083,0.000129,0.997787
data\paderborn\extracted\KB23\KB23\N15_M07_F10_KB23_15.mat,rolling_element,rolling_element,0.000001,0.002417,0.000253,0.997329
data\paderborn\extracted\KB23\KB23\N15_M07_F10_KB23_15.mat,rolling_element,rolling_element,0.000009,0.000193,0.000418,0.999380
data\paderborn\extracted\KB23\KB23\N15_M07_F10_KB23_15.mat,rolling_element,rolling_element,0.000064,0.001379,0.000263,0.998295
data\paderborn\extracted\KB23\KB23\N15_M07_F10_KB23_15.mat,rolling_element,rolling_element,0.000001,0.007134,0.000546,0.992319
data\paderborn\extracted\KB23\KB23\N15_M07_F10_KB23_15.mat,rolling_element,rolling_element,0.000002,0.014052,0.000163,0.985784
data\paderborn\extracted\KB23\KB23\N15_M07_F10_KB23_15.mat,rolling_element,rolling_element,0.000116,0.024108,0.000627,0.975149
data\paderborn\extracted\KB23\KB23\N15_M07_F10_KB23_15.mat,rolling_element,rolling_element,0.000002,0.000735,0.000961,0.998302
data\paderborn\extracted\KB23\KB23\N15_M07_F10_KB23_15.mat,rolling_element,rolling_element,0.000008,0.000443,0.000788,0.998761
data\paderborn\extracted\KB23\KB23\N15_M07_F10_KB23_15.mat,rolling_element,rolling_element,0.001650,0.078993,0.001089,0.918267
data\paderborn\extracted\KB23\KB23\N15_M07_F10_KB23_15.mat,rolling_element,rolling_element,0.000407,0.089515,0.001564,0.908514
data\paderborn\extracted\KB23\KB23\N15_M07_F10_KB23_15.mat,rolling_element,rolling_element,0.000001,0.005672,0.000598,0.993729
data\paderborn\extracted\KB23\KB23\N15_M07_F10_KB23_15.mat,rolling_element,rolling_element,0.000002,0.004757,0.000262,0.994980
data\paderborn\extracted\KB23\KB23\N15_M07_F10_KB23_16.mat,rolling_element,rolling_element,0.000009,0.003085,0.000222,0.996685
data\paderborn\extracted\KB23\KB23\N15_M07_F10_KB23_16.mat,rolling_element,rolling_element,0.000053,0.001558,0.001725,0.996664
data\paderborn\extracted\KB23\KB23\N15_M07_F10_KB23_16.mat,rolling_element,rolling_element,0.000000,0.000983,0.000373,0.998644
data\paderborn\extracted\KB23\KB23\N15_M07_F10_KB23_16.mat,rolling_element,rolling_element,0.000002,0.001087,0.002219,0.996692
data\paderborn\extracted\KB23\KB23\N15_M07_F10_KB23_16.mat,rolling_element,rolling_element,0.000005,0.000430,0.000561,0.999004
data\paderborn\extracted\KB23\KB23\N15_M07_F10_KB23_16.mat,rolling_element,rolling_element,0.000106,0.000809,0.001286,0.997799
data\paderborn\extracted\KB23\KB23\N15_M07_F10_KB23_16.mat,rolling_element,rolling_element,0.000023,0.009204,0.000397,0.990377
data\paderborn\extracted\KB23\KB23\N15_M07_F10_KB23_16.mat,rolling_element,rolling_element,0.000002,0.001205,0.000158,0.998635
data\paderborn\extracted\KB23\KB23\N15_M07_F10_KB23_16.mat,rolling_element,rolling_element,0.000001,0.000774,0.000085,0.999140
data\paderborn\extracted\KB23\KB23\N15_M07_F10_KB23_16.mat,rolling_element,rolling_element,0.000000,0.000534,0.000388,0.999078
data\paderborn\extracted\KB23\KB23\N15_M07_F10_KB23_16.mat,rolling_element,rolling_element,0.000001,0.001387,0.000381,0.998231
data\paderborn\extracted\KB23\KB23\N15_M07_F10_KB23_16.mat,rolling_element,rolling_element,0.000001,0.003611,0.000127,0.996261
data\paderborn\extracted\KB23\KB23\N15_M07_F10_KB23_16.mat,rolling_element,rolling_element,0.000000,0.000795,0.000497,0.998708
data\paderborn\extracted\KB23\KB23\N15_M07_F10_KB23_16.mat,rolling_element,rolling_element,0.000000,0.000427,0.000303,0.999269
data\paderborn\extracted\KB23\KB23\N15_M07_F10_KB23_16.mat,rolling_element,rolling_element,0.000002,0.000546,0.000771,0.998681
data\paderborn\extracted\KB23\KB23\N15_M07_F10_KB23_16.mat,rolling_element,rolling_element,0.000001,0.001157,0.000412,0.998431
data\paderborn\extracted\KB23\KB23\N15_M07_F10_KB23_17.mat,rolling_element,rolling_element,0.000002,0.011569,0.000257,0.988172
data\paderborn\extracted\KB23\KB23\N15_M07_F10_KB23_17.mat,rolling_element,rolling_element,0.000003,0.008197,0.000283,0.991517
data\paderborn\extracted\KB23\KB23\N15_M07_F10_KB23_17.mat,rolling_element,rolling_element,0.000680,0.026427,0.001016,0.971876
data\paderborn\extracted\KB23\KB23\N15_M07_F10_KB23_17.mat,rolling_element,rolling_element,0.000001,0.002075,0.000378,0.997546
data\paderborn\extracted\KB23\KB23\N15_M07_F10_KB23_17.mat,rolling_element,rolling_element,0.000002,0.003563,0.000188,0.996247
data\paderborn\extracted\KB23\KB23\N15_M07_F10_KB23_17.mat,rolling_element,rolling_element,0.000001,0.001269,0.000456,0.998274
data\paderborn\extracted\KB23\KB23\N15_M07_F10_KB23_17.mat,rolling_element,rolling_element,0.000000,0.000380,0.000169,0.999451
data\paderborn\extracted\KB23\KB23\N15_M07_F10_KB23_17.mat,rolling_element,rolling_element,0.000008,0.008973,0.000803,0.990217
data\paderborn\extracted\KB23\KB23\N15_M07_F10_KB23_17.mat,rolling_element,rolling_element,0.000001,0.006039,0.000133,0.993827
data\paderborn\extracted\KB23\KB23\N15_M07_F10_KB23_17.mat,rolling_element,rolling_element,0.000001,0.000201,0.000454,0.999344
data\paderborn\extracted\KB23\KB23\N15_M07_F10_KB23_17.mat,rolling_element,rolling_element,0.000009,0.000402,0.000456,0.999133
data\paderborn\extracted\KB23\KB23\N15_M07_F10_KB23_17.mat,rolling_element,rolling_element,0.000014,0.007966,0.000611,0.991409
data\paderborn\extracted\KB23\KB23\N15_M07_F10_KB23_17.mat,rolling_element,rolling_element,0.000003,0.006463,0.000355,0.993179
data\paderborn\extracted\KB23\KB23\N15_M07_F10_KB23_17.mat,rolling_element,rolling_element,0.000002,0.004643,0.000482,0.994874
data\paderborn\extracted\KB23\KB23\N15_M07_F10_KB23_17.mat,rolling_element,rolling_element,0.000007,0.001542,0.001629,0.996822
data\paderborn\extracted\KB23\KB23\N15_M07_F10_KB23_17.mat,rolling_element,rolling_element,0.000007,0.000861,0.000174,0.998958
data\paderborn\extracted\KB23\KB23\N15_M07_F10_KB23_18.mat,rolling_element,rolling_element,0.000001,0.001023,0.000296,0.998681
data\paderborn\extracted\KB23\KB23\N15_M07_F10_KB23_18.mat,rolling_element,rolling_element,0.000035,0.022005,0.000174,0.977786
data\paderborn\extracted\KB23\KB23\N15_M07_F10_KB23_18.mat,rolling_element,rolling_element,0.000003,0.001558,0.000413,0.998025
data\paderborn\extracted\KB23\KB23\N15_M07_F10_KB23_18.mat,rolling_element,rolling_element,0.000002,0.006309,0.000087,0.993602
data\paderborn\extracted\KB23\KB23\N15_M07_F10_KB23_18.mat,rolling_element,rolling_element,0.000002,0.003086,0.000237,0.996676
data\paderborn\extracted\KB23\KB23\N15_M07_F10_KB23_18.mat,rolling_element,rolling_element,0.000000,0.000406,0.000200,0.999394
data\paderborn\extracted\KB23\KB23\N15_M07_F10_KB23_18.mat,rolling_element,rolling_element,0.000002,0.003206,0.000227,0.996565
data\paderborn\extracted\KB23\KB23\N15_M07_F10_KB23_18.mat,rolling_element,rolling_element,0.000001,0.000273,0.000249,0.999477
data\paderborn\extracted\KB23\KB23\N15_M07_F10_KB23_18.mat,rolling_element,rolling_element,0.000550,0.011723,0.001414,0.986313
data\paderborn\extracted\KB23\KB23\N15_M07_F10_KB23_18.mat,rolling_element,rolling_element,0.000012,0.002498,0.000235,0.997255
data\paderborn\extracted\KB23\KB23\N15_M07_F10_KB23_18.mat,rolling_element,rolling_element,0.000005,0.000671,0.001446,0.997879
data\paderborn\extracted\KB23\KB23\N15_M07_F10_KB23_18.mat,rolling_element,rolling_element,0.000001,0.001400,0.000234,0.998365
data\paderborn\extracted\KB23\KB23\N15_M07_F10_KB23_18.mat,rolling_element,rolling_element,0.000002,0.001461,0.000657,0.997881
data\paderborn\extracted\KB23\KB23\N15_M07_F10_KB23_18.mat,rolling_element,rolling_element,0.000223,0.001704,0.000414,0.997658
data\paderborn\extracted\KB23\KB23\N15_M07_F10_KB23_18.mat,rolling_element,rolling_element,0.000004,0.000430,0.001018,0.998548
data\paderborn\extracted\KB23\KB23\N15_M07_F10_KB23_18.mat,rolling_element,rolling_element,0.000003,0.000533,0.000598,0.998866
data\paderborn\extracted\KB23\KB23\N15_M07_F10_KB23_19.mat,rolling_element,rolling_element,0.000005,0.000897,0.000207,0.998892
data\paderborn\extracted\KB23\KB23\N15_M07_F10_KB23_19.mat,rolling_element,rolling_element,0.000002,0.008618,0.000170,0.991210
data\paderborn\extracted\KB23\KB23\N15_M07_F10_KB23_19.mat,rolling_element,rolling_element,0.000000,0.001596,0.000127,0.998277
data\paderborn\extracted\KB23\KB23\N15_M07_F10_KB23_19.mat,rolling_element,rolling_element,0.000003,0.003300,0.000611,0.996086
data\paderborn\extracted\KB23\KB23\N15_M07_F10_KB23_19.mat,rolling_element,rolling_element,0.000008,0.034742,0.001469,0.963780
data\paderborn\extracted\KB23\KB23\N15_M07_F10_KB23_19.mat,rolling_element,rolling_element,0.000001,0.000550,0.000597,0.998851
data\paderborn\extracted\KB23\KB23\N15_M07_F10_KB23_19.mat,rolling_element,rolling_element,0.000032,0.011253,0.000118,0.988598
data\paderborn\extracted\KB23\KB23\N15_M07_F10_KB23_19.mat,rolling_element,rolling_element,0.000007,0.014830,0.000158,0.985005
data\paderborn\extracted\KB23\KB23\N15_M07_F10_KB23_19.mat,rolling_element,rolling_element,0.000001,0.010071,0.000314,0.989613
data\paderborn\extracted\KB23\KB23\N15_M07_F10_KB23_19.mat,rolling_element,rolling_element,0.000001,0.001377,0.000830,0.997792
data\paderborn\extracted\KB23\KB23\N15_M07_F10_KB23_19.mat,rolling_element,rolling_element,0.000001,0.000895,0.000200,0.998904
data\paderborn\extracted\KB23\KB23\N15_M07_F10_KB23_19.mat,rolling_element,rolling_element,0.000006,0.000268,0.000498,0.999228
data\paderborn\extracted\KB23\KB23\N15_M07_F10_KB23_19.mat,rolling_element,rolling_element,0.000010,0.001073,0.000312,0.998605
data\paderborn\extracted\KB23\KB23\N15_M07_F10_KB23_19.mat,rolling_element,rolling_element,0.000001,0.005016,0.000126,0.994858
data\paderborn\extracted\KB23\KB23\N15_M07_F10_KB23_19.mat,rolling_element,rolling_element,0.000001,0.001166,0.000192,0.998641
data\paderborn\extracted\KB23\KB23\N15_M07_F10_KB23_19.mat,rolling_element,rolling_element,0.000032,0.002843,0.000819,0.996306
data\paderborn\extracted\KB23\KB23\N15_M07_F10_KB23_2.mat,rolling_element,rolling_element,0.000004,0.001779,0.000245,0.997971
data\paderborn\extracted\KB23\KB23\N15_M07_F10_KB23_2.mat,rolling_element,rolling_element,0.000005,0.001859,0.000680,0.997456
data\paderborn\extracted\KB23\KB23\N15_M07_F10_KB23_2.mat,rolling_element,rolling_element,0.000020,0.031304,0.000113,0.968563
data\paderborn\extracted\KB23\KB23\N15_M07_F10_KB23_2.mat,rolling_element,rolling_element,0.000000,0.001665,0.000205,0.998129
data\paderborn\extracted\KB23\KB23\N15_M07_F10_KB23_2.mat,rolling_element,rolling_element,0.000001,0.001439,0.000211,0.998349
data\paderborn\extracted\KB23\KB23\N15_M07_F10_KB23_2.mat,rolling_element,rolling_element,0.000001,0.001291,0.001487,0.997221
data\paderborn\extracted\KB23\KB23\N15_M07_F10_KB23_2.mat,rolling_element,rolling_element,0.000002,0.006795,0.000233,0.992969
data\paderborn\extracted\KB23\KB23\N15_M07_F10_KB23_2.mat,rolling_element,rolling_element,0.000150,0.002085,0.000693,0.997071
data\paderborn\extracted\KB23\KB23\N15_M07_F10_KB23_2.mat,rolling_element,rolling_element,0.000212,0.023181,0.000154,0.976454
data\paderborn\extracted\KB23\KB23\N15_M07_F10_KB23_2.mat,rolling_element,rolling_element,0.000004,0.001751,0.000273,0.997972
data\paderborn\extracted\KB23\KB23\N15_M07_F10_KB23_2.mat,rolling_element,rolling_element,0.000001,0.003037,0.000442,0.996520
data\paderborn\extracted\KB23\KB23\N15_M07_F10_KB23_2.mat,rolling_element,rolling_element,0.000002,0.003749,0.001336,0.994913
data\paderborn\extracted\KB23\KB23\N15_M07_F10_KB23_2.mat,rolling_element,rolling_element,0.000001,0.003657,0.000211,0.996131
data\paderborn\extracted\KB23\KB23\N15_M07_F10_KB23_2.mat,rolling_element,rolling_element,0.000004,0.005682,0.000518,0.993797
data\paderborn\extracted\KB23\KB23\N15_M07_F10_KB23_2.mat,rolling_element,rolling_element,0.000020,0.000580,0.000342,0.999058
data\paderborn\extracted\KB23\KB23\N15_M07_F10_KB23_2.mat,rolling_element,rolling_element,0.000014,0.003393,0.000080,0.996513
data\paderborn\extracted\KB23\KB23\N15_M07_F10_KB23_20.mat,rolling_element,rolling_element,0.000024,0.000982,0.000302,0.998693
data\paderborn\extracted\KB23\KB23\N15_M07_F10_KB23_20.mat,rolling_element,rolling_element,0.000013,0.004119,0.000311,0.995558
data\paderborn\extracted\KB23\KB23\N15_M07_F10_KB23_20.mat,rolling_element,rolling_element,0.000001,0.005907,0.000173,0.993919
data\paderborn\extracted\KB23\KB23\N15_M07_F10_KB23_20.mat,rolling_element,rolling_element,0.000001,0.002932,0.000324,0.996744
data\paderborn\extracted\KB23\KB23\N15_M07_F10_KB23_20.mat,rolling_element,rolling_element,0.000001,0.003630,0.000379,0.995989
data\paderborn\extracted\KB23\KB23\N15_M07_F10_KB23_20.mat,rolling_element,rolling_element,0.000001,0.001074,0.000103,0.998823
data\paderborn\extracted\KB23\KB23\N15_M07_F10_KB23_20.mat,rolling_element,rolling_element,0.000014,0.003266,0.000123,0.996597
data\paderborn\extracted\KB23\KB23\N15_M07_F10_KB23_20.mat,rolling_element,rolling_element,0.000007,0.001395,0.000346,0.998251
data\paderborn\extracted\KB23\KB23\N15_M07_F10_KB23_20.mat,rolling_element,rolling_element,0.000001,0.001459,0.000181,0.998359
data\paderborn\extracted\KB23\KB23\N15_M07_F10_KB23_20.mat,rolling_element,rolling_element,0.000007,0.000918,0.005649,0.993425
data\paderborn\extracted\KB23\KB23\N15_M07_F10_KB23_20.mat,rolling_element,rolling_element,0.000003,0.000918,0.000180,0.998899
data\paderborn\extracted\KB23\KB23\N15_M07_F10_KB23_20.mat,rolling_element,rolling_element,0.000015,0.001533,0.000338,0.998115
data\paderborn\extracted\KB23\KB23\N15_M07_F10_KB23_20.mat,rolling_element,rolling_element,0.000009,0.000485,0.000585,0.998921
data\paderborn\extracted\KB23\KB23\N15_M07_F10_KB23_20.mat,rolling_element,rolling_element,0.000001,0.000688,0.000099,0.999212
data\paderborn\extracted\KB23\KB23\N15_M07_F10_KB23_20.mat,rolling_element,rolling_element,0.000000,0.000202,0.000270,0.999527
data\paderborn\extracted\KB23\KB23\N15_M07_F10_KB23_20.mat,rolling_element,rolling_element,0.000001,0.000420,0.000495,0.999085
data\paderborn\extracted\KB23\KB23\N15_M07_F10_KB23_3.mat,rolling_element,rolling_element,0.000007,0.010994,0.000200,0.988799
data\paderborn\extracted\KB23\KB23\N15_M07_F10_KB23_3.mat,rolling_element,rolling_element,0.000000,0.000519,0.000092,0.999390
data\paderborn\extracted\KB23\KB23\N15_M07_F10_KB23_3.mat,rolling_element,rolling_element,0.000001,0.002223,0.000125,0.997651
data\paderborn\extracted\KB23\KB23\N15_M07_F10_KB23_3.mat,rolling_element,rolling_element,0.000008,0.004794,0.000212,0.994986
data\paderborn\extracted\KB23\KB23\N15_M07_F10_KB23_3.mat,rolling_element,rolling_element,0.000076,0.000801,0.000703,0.998420
data\paderborn\extracted\KB23\KB23\N15_M07_F10_KB23_3.mat,rolling_element,rolling_element,0.000032,0.019983,0.000389,0.979596
data\paderborn\extracted\KB23\KB23\N15_M07_F10_KB23_3.mat,rolling_element,rolling_element,0.000002,0.000603,0.000303,0.999092
data\paderborn\extracted\KB23\KB23\N15_M07_F10_KB23_3.mat,rolling_element,rolling_element,0.000001,0.000870,0.000238,0.998891
data\paderborn\extracted\KB23\KB23\N15_M07_F10_KB23_3.mat,rolling_element,rolling_element,0.000002,0.000482,0.000214,0.999301
data\paderborn\extracted\KB23\KB23\N15_M07_F10_KB23_3.mat,rolling_element,rolling_element,0.000001,0.000454,0.000288,0.999257
data\paderborn\extracted\KB23\KB23\N15_M07_F10_KB23_3.mat,rolling_element,rolling_element,0.000002,0.010145,0.000292,0.989560
data\paderborn\extracted\KB23\KB23\N15_M07_F10_KB23_3.mat,rolling_element,rolling_element,0.000144,0.059596,0.000173,0.940087
data\paderborn\extracted\KB23\KB23\N15_M07_F10_KB23_3.mat,rolling_element,rolling_element,0.000000,0.000217,0.000513,0.999269
data\paderborn\extracted\KB23\KB23\N15_M07_F10_KB23_3.mat,rolling_element,rolling_element,0.000001,0.001973,0.000740,0.997285
data\paderborn\extracted\KB23\KB23\N15_M07_F10_KB23_3.mat,rolling_element,rolling_element,0.000002,0.000686,0.000380,0.998932
data\paderborn\extracted\KB23\KB23\N15_M07_F10_KB23_3.mat,rolling_element,rolling_element,0.000034,0.001036,0.000319,0.998611
data\paderborn\extracted\KB23\KB23\N15_M07_F10_KB23_4.mat,rolling_element,rolling_element,0.000002,0.001966,0.000179,0.997853
data\paderborn\extracted\KB23\KB23\N15_M07_F10_KB23_4.mat,rolling_element,rolling_element,0.000001,0.005959,0.000169,0.993871
data\paderborn\extracted\KB23\KB23\N15_M07_F10_KB23_4.mat,rolling_element,rolling_element,0.000003,0.009162,0.000152,0.990683
data\paderborn\extracted\KB23\KB23\N15_M07_F10_KB23_4.mat,rolling_element,rolling_element,0.000004,0.000435,0.000609,0.998952
data\paderborn\extracted\KB23\KB23\N15_M07_F10_KB23_4.mat,rolling_element,rolling_element,0.000003,0.000718,0.000263,0.999017
data\paderborn\extracted\KB23\KB23\N15_M07_F10_KB23_4.mat,rolling_element,rolling_element,0.000019,0.003245,0.000224,0.996513
data\paderborn\extracted\KB23\KB23\N15_M07_F10_KB23_4.mat,rolling_element,rolling_element,0.000001,0.000145,0.000289,0.999565
data\paderborn\extracted\KB23\KB23\N15_M07_F10_KB23_4.mat,rolling_element,rolling_element,0.000004,0.009510,0.000211,0.990276
data\paderborn\extracted\KB23\KB23\N15_M07_F10_KB23_4.mat,rolling_element,rolling_element,0.000001,0.001457,0.000140,0.998402
data\paderborn\extracted\KB23\KB23\N15_M07_F10_KB23_4.mat,rolling_element,rolling_element,0.000008,0.000229,0.000338,0.999425
data\paderborn\extracted\KB23\KB23\N15_M07_F10_KB23_4.mat,rolling_element,rolling_element,0.000010,0.000513,0.000365,0.999112
data\paderborn\extracted\KB23\KB23\N15_M07_F10_KB23_4.mat,rolling_element,rolling_element,0.000001,0.000554,0.000192,0.999253
data\paderborn\extracted\KB23\KB23\N15_M07_F10_KB23_4.mat,rolling_element,rolling_element,0.000000,0.001532,0.000304,0.998163
data\paderborn\extracted\KB23\KB23\N15_M07_F10_KB23_4.mat,rolling_element,rolling_element,0.000001,0.002173,0.000161,0.997665
data\paderborn\extracted\KB23\KB23\N15_M07_F10_KB23_4.mat,rolling_element,rolling_element,0.000000,0.000658,0.000145,0.999197
data\paderborn\extracted\KB23\KB23\N15_M07_F10_KB23_4.mat,rolling_element,rolling_element,0.000004,0.000880,0.001521,0.997596
data\paderborn\extracted\KB23\KB23\N15_M07_F10_KB23_5.mat,rolling_element,rolling_element,0.000005,0.000944,0.000326,0.998726
data\paderborn\extracted\KB23\KB23\N15_M07_F10_KB23_5.mat,rolling_element,rolling_element,0.000000,0.001117,0.000281,0.998602
data\paderborn\extracted\KB23\KB23\N15_M07_F10_KB23_5.mat,rolling_element,rolling_element,0.000002,0.008137,0.000273,0.991588
data\paderborn\extracted\KB23\KB23\N15_M07_F10_KB23_5.mat,rolling_element,rolling_element,0.000000,0.000929,0.000213,0.998858
data\paderborn\extracted\KB23\KB23\N15_M07_F10_KB23_5.mat,rolling_element,rolling_element,0.000004,0.001376,0.000321,0.998299
data\paderborn\extracted\KB23\KB23\N15_M07_F10_KB23_5.mat,rolling_element,rolling_element,0.000033,0.005587,0.000922,0.993458
data\paderborn\extracted\KB23\KB23\N15_M07_F10_KB23_5.mat,rolling_element,rolling_element,0.000016,0.001333,0.000338,0.998313
data\paderborn\extracted\KB23\KB23\N15_M07_F10_KB23_5.mat,rolling_element,rolling_element,0.000039,0.006669,0.000139,0.993153
data\paderborn\extracted\KB23\KB23\N15_M07_F10_KB23_5.mat,rolling_element,rolling_element,0.000006,0.000290,0.000331,0.999373
data\paderborn\extracted\KB23\KB23\N15_M07_F10_KB23_5.mat,rolling_element,rolling_element,0.000005,0.008723,0.000605,0.990668
data\paderborn\extracted\KB23\KB23\N15_M07_F10_KB23_5.mat,rolling_element,rolling_element,0.000001,0.006272,0.000606,0.993121
data\paderborn\extracted\KB23\KB23\N15_M07_F10_KB23_5.mat,rolling_element,rolling_element,0.000023,0.004032,0.000539,0.995406
data\paderborn\extracted\KB23\KB23\N15_M07_F10_KB23_5.mat,rolling_element,rolling_element,0.000026,0.002518,0.000771,0.996685
data\paderborn\extracted\KB23\KB23\N15_M07_F10_KB23_5.mat,rolling_element,rolling_element,0.000001,0.000273,0.000348,0.999379
data\paderborn\extracted\KB23\KB23\N15_M07_F10_KB23_5.mat,rolling_element,rolling_element,0.000002,0.000399,0.000093,0.999506
data\paderborn\extracted\KB23\KB23\N15_M07_F10_KB23_5.mat,rolling_element,rolling_element,0.000000,0.000940,0.000259,0.998801
data\paderborn\extracted\KB23\KB23\N15_M07_F10_KB23_6.mat,rolling_element,rolling_element,0.000021,0.002098,0.000253,0.997628
data\paderborn\extracted\KB23\KB23\N15_M07_F10_KB23_6.mat,rolling_element,rolling_element,0.000002,0.001639,0.000618,0.997740
data\paderborn\extracted\KB23\KB23\N15_M07_F10_KB23_6.mat,rolling_element,rolling_element,0.000010,0.004120,0.000557,0.995312
data\paderborn\extracted\KB23\KB23\N15_M07_F10_KB23_6.mat,rolling_element,rolling_element,0.000357,0.024099,0.000271,0.975272
data\paderborn\extracted\KB23\KB23\N15_M07_F10_KB23_6.mat,rolling_element,rolling_element,0.000026,0.006748,0.000254,0.992972
data\paderborn\extracted\KB23\KB23\N15_M07_F10_KB23_6.mat,rolling_element,rolling_element,0.000006,0.009496,0.000643,0.989855
data\paderborn\extracted\KB23\KB23\N15_M07_F10_KB23_6.mat,rolling_element,rolling_element,0.000066,0.009422,0.000959,0.989554
data\paderborn\extracted\KB23\KB23\N15_M07_F10_KB23_6.mat,rolling_element,rolling_element,0.000043,0.033436,0.001179,0.965342
data\paderborn\extracted\KB23\KB23\N15_M07_F10_KB23_6.mat,rolling_element,rolling_element,0.000000,0.001416,0.000511,0.998073
data\paderborn\extracted\KB23\KB23\N15_M07_F10_KB23_6.mat,rolling_element,rolling_element,0.000008,0.001051,0.000261,0.998680
data\paderborn\extracted\KB23\KB23\N15_M07_F10_KB23_6.mat,rolling_element,rolling_element,0.000002,0.005265,0.000705,0.994028
data\paderborn\extracted\KB23\KB23\N15_M07_F10_KB23_6.mat,rolling_element,rolling_element,0.000015,0.002477,0.000699,0.996809
data\paderborn\extracted\KB23\KB23\N15_M07_F10_KB23_6.mat,rolling_element,rolling_element,0.000001,0.000978,0.000212,0.998809
data\paderborn\extracted\KB23\KB23\N15_M07_F10_KB23_6.mat,rolling_element,rolling_element,0.000000,0.002464,0.000253,0.997283
data\paderborn\extracted\KB23\KB23\N15_M07_F10_KB23_6.mat,rolling_element,rolling_element,0.000000,0.000735,0.000362,0.998902
data\paderborn\extracted\KB23\KB23\N15_M07_F10_KB23_6.mat,rolling_element,rolling_element,0.000005,0.000431,0.000293,0.999270
data\paderborn\extracted\KB23\KB23\N15_M07_F10_KB23_7.mat,rolling_element,rolling_element,0.000110,0.013398,0.000431,0.986061
data\paderborn\extracted\KB23\KB23\N15_M07_F10_KB23_7.mat,rolling_element,rolling_element,0.000004,0.001324,0.000184,0.998487
data\paderborn\extracted\KB23\KB23\N15_M07_F10_KB23_7.mat,rolling_element,rolling_element,0.000006,0.001595,0.002267,0.996132
data\paderborn\extracted\KB23\KB23\N15_M07_F10_KB23_7.mat,rolling_element,rolling_element,0.000015,0.004237,0.000553,0.995194
data\paderborn\extracted\KB23\KB23\N15_M07_F10_KB23_7.mat,rolling_element,rolling_element,0.000026,0.000463,0.000506,0.999005
data\paderborn\extracted\KB23\KB23\N15_M07_F10_KB23_7.mat,rolling_element,rolling_element,0.000008,0.001902,0.000822,0.997268
data\paderborn\extracted\KB23\KB23\N15_M07_F10_KB23_7.mat,rolling_element,rolling_element,0.000001,0.003802,0.000060,0.996137
data\paderborn\extracted\KB23\KB23\N15_M07_F10_KB23_7.mat,rolling_element,rolling_element,0.000001,0.000416,0.000167,0.999417
data\paderborn\extracted\KB23\KB23\N15_M07_F10_KB23_7.mat,rolling_element,rolling_element,0.000001,0.004497,0.000499,0.995003
data\paderborn\extracted\KB23\KB23\N15_M07_F10_KB23_7.mat,rolling_element,rolling_element,0.000001,0.001108,0.000459,0.998432
data\paderborn\extracted\KB23\KB23\N15_M07_F10_KB23_7.mat,rolling_element,rolling_element,0.000071,0.017585,0.001504,0.980840
data\paderborn\extracted\KB23\KB23\N15_M07_F10_KB23_7.mat,rolling_element,rolling_element,0.000028,0.005571,0.000182,0.994218
data\paderborn\extracted\KB23\KB23\N15_M07_F10_KB23_7.mat,rolling_element,rolling_element,0.000002,0.002548,0.000143,0.997308
data\paderborn\extracted\KB23\KB23\N15_M07_F10_KB23_7.mat,rolling_element,rolling_element,0.000001,0.002668,0.000303,0.997028
data\paderborn\extracted\KB23\KB23\N15_M07_F10_KB23_7.mat,rolling_element,rolling_element,0.000000,0.001594,0.000508,0.997898
data\paderborn\extracted\KB23\KB23\N15_M07_F10_KB23_7.mat,rolling_element,rolling_element,0.000001,0.000218,0.000723,0.999058
data\paderborn\extracted\KB23\KB23\N15_M07_F10_KB23_8.mat,rolling_element,rolling_element,0.000012,0.000383,0.000184,0.999422
data\paderborn\extracted\KB23\KB23\N15_M07_F10_KB23_8.mat,rolling_element,rolling_element,0.000000,0.000332,0.000145,0.999523
data\paderborn\extracted\KB23\KB23\N15_M07_F10_KB23_8.mat,rolling_element,rolling_element,0.000001,0.015012,0.000165,0.984823
data\paderborn\extracted\KB23\KB23\N15_M07_F10_KB23_8.mat,rolling_element,rolling_element,0.000001,0.005158,0.000280,0.994561
data\paderborn\extracted\KB23\KB23\N15_M07_F10_KB23_8.mat,rolling_element,rolling_element,0.000000,0.001665,0.000188,0.998146
data\paderborn\extracted\KB23\KB23\N15_M07_F10_KB23_8.mat,rolling_element,rolling_element,0.000000,0.000651,0.000106,0.999243
data\paderborn\extracted\KB23\KB23\N15_M07_F10_KB23_8.mat,rolling_element,rolling_element,0.000002,0.000292,0.000231,0.999475
data\paderborn\extracted\KB23\KB23\N15_M07_F10_KB23_8.mat,rolling_element,rolling_element,0.000006,0.000474,0.000340,0.999180
data\paderborn\extracted\KB23\KB23\N15_M07_F10_KB23_8.mat,rolling_element,rolling_element,0.000003,0.001296,0.000692,0.998009
data\paderborn\extracted\KB23\KB23\N15_M07_F10_KB23_8.mat,rolling_element,rolling_element,0.000003,0.005156,0.000242,0.994599
data\paderborn\extracted\KB23\KB23\N15_M07_F10_KB23_8.mat,rolling_element,rolling_element,0.000005,0.002077,0.000092,0.997826
data\paderborn\extracted\KB23\KB23\N15_M07_F10_KB23_8.mat,rolling_element,rolling_element,0.000007,0.003673,0.000331,0.995989
data\paderborn\extracted\KB23\KB23\N15_M07_F10_KB23_8.mat,rolling_element,rolling_element,0.000004,0.001797,0.000216,0.997983
data\paderborn\extracted\KB23\KB23\N15_M07_F10_KB23_8.mat,rolling_element,rolling_element,0.000002,0.003565,0.000298,0.996134
data\paderborn\extracted\KB23\KB23\N15_M07_F10_KB23_8.mat,rolling_element,rolling_element,0.000001,0.003829,0.000385,0.995785
data\paderborn\extracted\KB23\KB23\N15_M07_F10_KB23_8.mat,rolling_element,rolling_element,0.000001,0.005226,0.000326,0.994447
data\paderborn\extracted\KB23\KB23\N15_M07_F10_KB23_9.mat,rolling_element,rolling_element,0.000002,0.002773,0.000405,0.996820
data\paderborn\extracted\KB23\KB23\N15_M07_F10_KB23_9.mat,rolling_element,rolling_element,0.000002,0.000952,0.001424,0.997622
data\paderborn\extracted\KB23\KB23\N15_M07_F10_KB23_9.mat,rolling_element,rolling_element,0.000126,0.004697,0.000829,0.994348
data\paderborn\extracted\KB23\KB23\N15_M07_F10_KB23_9.mat,rolling_element,rolling_element,0.000019,0.002855,0.000532,0.996593
data\paderborn\extracted\KB23\KB23\N15_M07_F10_KB23_9.mat,rolling_element,rolling_element,0.000001,0.001437,0.000279,0.998283
data\paderborn\extracted\KB23\KB23\N15_M07_F10_KB23_9.mat,rolling_element,rolling_element,0.000000,0.001170,0.000206,0.998624
data\paderborn\extracted\KB23\KB23\N15_M07_F10_KB23_9.mat,rolling_element,rolling_element,0.000000,0.001051,0.000235,0.998714
data\paderborn\extracted\KB23\KB23\N15_M07_F10_KB23_9.mat,rolling_element,rolling_element,0.000013,0.001218,0.000371,0.998397
data\paderborn\extracted\KB23\KB23\N15_M07_F10_KB23_9.mat,rolling_element,rolling_element,0.000029,0.009631,0.000152,0.990188
data\paderborn\extracted\KB23\KB23\N15_M07_F10_KB23_9.mat,rolling_element,rolling_element,0.000002,0.001594,0.000144,0.998260
data\paderborn\extracted\KB23\KB23\N15_M07_F10_KB23_9.mat,rolling_element,rolling_element,0.000001,0.004097,0.000110,0.995792
data\paderborn\extracted\KB23\KB23\N15_M07_F10_KB23_9.mat,rolling_element,rolling_element,0.000003,0.001229,0.000533,0.998235
data\paderborn\extracted\KB23\KB23\N15_M07_F10_KB23_9.mat,rolling_element,rolling_element,0.000001,0.001320,0.000087,0.998593
data\paderborn\extracted\KB23\KB23\N15_M07_F10_KB23_9.mat,rolling_element,rolling_element,0.000001,0.000635,0.000176,0.999189
data\paderborn\extracted\KB23\KB23\N15_M07_F10_KB23_9.mat,rolling_element,rolling_element,0.000030,0.023633,0.000218,0.976119
data\paderborn\extracted\KB23\KB23\N15_M07_F10_KB23_9.mat,rolling_element,rolling_element,0.000137,0.000844,0.000950,0.998069
data\paderborn\extracted\KI01\KI01\N09_M07_F10_KI01_1.mat,inner_race,inner_race,0.016006,0.977990,0.000478,0.005526
data\paderborn\extracted\KI01\KI01\N09_M07_F10_KI01_1.mat,inner_race,inner_race,0.001121,0.974765,0.001168,0.022946
data\paderborn\extracted\KI01\KI01\N09_M07_F10_KI01_1.mat,inner_race,inner_race,0.004360,0.992729,0.000272,0.002639
data\paderborn\extracted\KI01\KI01\N09_M07_F10_KI01_1.mat,inner_race,inner_race,0.002319,0.966679,0.000308,0.030694
data\paderborn\extracted\KI01\KI01\N09_M07_F10_KI01_1.mat,inner_race,inner_race,0.005227,0.982655,0.000315,0.011802
data\paderborn\extracted\KI01\KI01\N09_M07_F10_KI01_1.mat,inner_race,inner_race,0.390134,0.607186,0.001443,0.001237
data\paderborn\extracted\KI01\KI01\N09_M07_F10_KI01_1.mat,inner_race,inner_race,0.004500,0.979029,0.000817,0.015653
data\paderborn\extracted\KI01\KI01\N09_M07_F10_KI01_1.mat,inner_race,inner_race,0.006335,0.984730,0.000392,0.008543
data\paderborn\extracted\KI01\KI01\N09_M07_F10_KI01_1.mat,inner_race,inner_race,0.030436,0.876105,0.008246,0.085213
data\paderborn\extracted\KI01\KI01\N09_M07_F10_KI01_1.mat,inner_race,inner_race,0.229278,0.750861,0.013654,0.006207
data\paderborn\extracted\KI01\KI01\N09_M07_F10_KI01_1.mat,inner_race,inner_race,0.001757,0.995776,0.000379,0.002089
data\paderborn\extracted\KI01\KI01\N09_M07_F10_KI01_1.mat,inner_race,inner_race,0.057282,0.934471,0.001443,0.006804
data\paderborn\extracted\KI01\KI01\N09_M07_F10_KI01_1.mat,inner_race,inner_race,0.002804,0.943732,0.000655,0.052810
data\paderborn\extracted\KI01\KI01\N09_M07_F10_KI01_1.mat,inner_race,inner_race,0.014370,0.768624,0.003934,0.213072
data\paderborn\extracted\KI01\KI01\N09_M07_F10_KI01_1.mat,inner_race,inner_race,0.002368,0.965401,0.001648,0.030583
data\paderborn\extracted\KI01\KI01\N09_M07_F10_KI01_1.mat,inner_race,inner_race,0.286305,0.699187,0.012479,0.002029
data\paderborn\extracted\KI01\KI01\N09_M07_F10_KI01_10.mat,inner_race,inner_race,0.000720,0.964733,0.000848,0.033698
data\paderborn\extracted\KI01\KI01\N09_M07_F10_KI01_10.mat,inner_race,inner_race,0.242640,0.742489,0.001233,0.013638
data\paderborn\extracted\KI01\KI01\N09_M07_F10_KI01_10.mat,inner_race,inner_race,0.001200,0.591850,0.008006,0.398944
data\paderborn\extracted\KI01\KI01\N09_M07_F10_KI01_10.mat,inner_race,inner_race,0.048335,0.941360,0.001029,0.009277
data\paderborn\extracted\KI01\KI01\N09_M07_F10_KI01_10.mat,inner_race,inner_race,0.000609,0.911242,0.002184,0.085965
data\paderborn\extracted\KI01\KI01\N09_M07_F10_KI01_10.mat,inner_race,inner_race,0.025218,0.968634,0.004572,0.001576
data\paderborn\extracted\KI01\KI01\N09_M07_F10_KI01_10.mat,inner_race,inner_race,0.000535,0.903206,0.001285,0.094974
data\paderborn\extracted\KI01\KI01\N09_M07_F10_KI01_10.mat,inner_race,inner_race,0.002279,0.940250,0.000567,0.056905
data\paderborn\extracted\KI01\KI01\N09_M07_F10_KI01_10.mat,inner_race,healthy,0.718343,0.276198,0.004543,0.000915
data\paderborn\extracted\KI01\KI01\N09_M07_F10_KI01_10.mat,inner_race,inner_race,0.016245,0.979187,0.000671,0.003897
data\paderborn\extracted\KI01\KI01\N09_M07_F10_KI01_10.mat,inner_race,inner_race,0.010962,0.987872,0.000889,0.000276
data\paderborn\extracted\KI01\KI01\N09_M07_F10_KI01_10.mat,inner_race,inner_race,0.001023,0.964494,0.013483,0.021000
data\paderborn\extracted\KI01\KI01\N09_M07_F10_KI01_10.mat,inner_race,inner_race,0.065248,0.932574,0.001886,0.000293
data\paderborn\extracted\KI01\KI01\N09_M07_F10_KI01_10.mat,inner_race,inner_race,0.000693,0.969626,0.001920,0.027761
data\paderborn\extracted\KI01\KI01\N09_M07_F10_KI01_10.mat,inner_race,inner_race,0.136575,0.860935,0.002209,0.000281
data\paderborn\extracted\KI01\KI01\N09_M07_F10_KI01_10.mat,inner_race,inner_race,0.001879,0.987547,0.002704,0.007870
data\paderborn\extracted\KI01\KI01\N09_M07_F10_KI01_11.mat,inner_race,inner_race,0.005598,0.993577,0.000422,0.000403
data\paderborn\extracted\KI01\KI01\N09_M07_F10_KI01_11.mat,inner_race,inner_race,0.001888,0.993539,0.001503,0.003070
data\paderborn\extracted\KI01\KI01\N09_M07_F10_KI01_11.mat,inner_race,inner_race,0.003111,0.993223,0.000133,0.003533
data\paderborn\extracted\KI01\KI01\N09_M07_F10_KI01_11.mat,inner_race,inner_race,0.005910,0.986251,0.000682,0.007158
data\paderborn\extracted\KI01\KI01\N09_M07_F10_KI01_11.mat,inner_race,inner_race,0.001270,0.944347,0.008414,0.045969
data\paderborn\extracted\KI01\KI01\N09_M07_F10_KI01_11.mat,inner_race,inner_race,0.277575,0.710954,0.009898,0.001573
data\paderborn\extracted\KI01\KI01\N09_M07_F10_KI01_11.mat,inner_race,inner_race,0.000633,0.943649,0.000521,0.055196
data\paderborn\extracted\KI01\KI01\N09_M07_F10_KI01_11.mat,inner_race,inner_race,0.006311,0.991744,0.000398,0.001547
data\paderborn\extracted\KI01\KI01\N09_M07_F10_KI01_11.mat,inner_race,inner_race,0.000311,0.972782,0.003228,0.023679
data\paderborn\extracted\KI01\KI01\N09_M07_F10_KI01_11.mat,inner_race,inner_race,0.051193,0.946387,0.002013,0.000406
data\paderborn\extracted\KI01\KI01\N09_M07_F10_KI01_11.mat,inner_race,inner_race,0.000352,0.985077,0.003609,0.010961
data\paderborn\extracted\KI01\KI01\N09_M07_F10_KI01_11.mat,inner_race,inner_race,0.340703,0.634959,0.024326,0.000012
data\paderborn\extracted\KI01\KI01\N09_M07_F10_KI01_11.mat,inner_race,inner_race,0.000351,0.814730,0.006732,0.178187
data\paderborn\extracted\KI01\KI01\N09_M07_F10_KI01_11.mat,inner_race,healthy,0.588790,0.407821,0.001274,0.002115
data\paderborn\extracted\KI01\KI01\N09_M07_F10_KI01_11.mat,inner_race,inner_race,0.011727,0.976074,0.001558,0.010641
data\paderborn\extracted\KI01\KI01\N09_M07_F10_KI01_11.mat,inner_race,inner_race,0.198201,0.799779,0.000994,0.001026
data\paderborn\extracted\KI01\KI01\N09_M07_F10_KI01_12.mat,inner_race,inner_race,0.003475,0.954085,0.006450,0.035990
data\paderborn\extracted\KI01\KI01\N09_M07_F10_KI01_12.mat,inner_race,inner_race,0.011279,0.982183,0.000855,0.005683
data\paderborn\extracted\KI01\KI01\N09_M07_F10_KI01_12.mat,inner_race,inner_race,0.008220,0.971292,0.017064,0.003425
data\paderborn\extracted\KI01\KI01\N09_M07_F10_KI01_12.mat,inner_race,inner_race,0.002630,0.974071,0.000318,0.022981
data\paderborn\extracted\KI01\KI01\N09_M07_F10_KI01_12.mat,inner_race,inner_race,0.013237,0.986169,0.000241,0.000353
data\paderborn\extracted\KI01\KI01\N09_M07_F10_KI01_12.mat,inner_race,inner_race,0.001555,0.968719,0.003835,0.025891
data\paderborn\extracted\KI01\KI01\N09_M07_F10_KI01_12.mat,inner_race,inner_race,0.228510,0.759201,0.011161,0.001128
data\paderborn\extracted\KI01\KI01\N09_M07_F10_KI01_12.mat,inner_race,inner_race,0.000200,0.732279,0.002414,0.265107
data\paderborn\extracted\KI01\KI01\N09_M07_F10_KI01_12.mat,inner_race,inner_race,0.032081,0.965566,0.000548,0.001805
data\paderborn\extracted\KI01\KI01\N09_M07_F10_KI01_12.mat,inner_race,inner_race,0.000440,0.835340,0.003970,0.160250
data\paderborn\extracted\KI01\KI01\N09_M07_F10_KI01_12.mat,inner_race,healthy,0.743960,0.254292,0.001670,0.000078
data\paderborn\extracted\KI01\KI01\N09_M07_F10_KI01_12.mat,inner_race,inner_race,0.001049,0.992742,0.001811,0.004397
data\paderborn\extracted\KI01\KI01\N09_M07_F10_KI01_12.mat,inner_race,healthy,0.538122,0.398157,0.049667,0.014055
data\paderborn\extracted\KI01\KI01\N09_M07_F10_KI01_12.mat,inner_race,inner_race,0.000394,0.893682,0.004840,0.101084
data\paderborn\extracted\KI01\KI01\N09_M07_F10_KI01_12.mat,inner_race,inner_race,0.080901,0.915868,0.002719,0.000512
data\paderborn\extracted\KI01\KI01\N09_M07_F10_KI01_12.mat,inner_race,inner_race,0.001620,0.996898,0.000496,0.000987
data\paderborn\extracted\KI01\KI01\N09_M07_F10_KI01_13.mat,inner_race,inner_race,0.017964,0.979980,0.000932,0.001125
data\paderborn\extracted\KI01\KI01\N09_M07_F10_KI01_13.mat,inner_race,inner_race,0.000559,0.948528,0.000920,0.049992
data\paderborn\extracted\KI01\KI01\N09_M07_F10_KI01_13.mat,inner_race,inner_race,0.267087,0.715777,0.006948,0.010189
data\paderborn\extracted\KI01\KI01\N09_M07_F10_KI01_13.mat,inner_race,inner_race,0.001979,0.959073,0.009157,0.029790
data\paderborn\extracted\KI01\KI01\N09_M07_F10_KI01_13.mat,inner_race,inner_race,0.020845,0.978499,0.000391,0.000265
data\paderborn\extracted\KI01\KI01\N09_M07_F10_KI01_13.mat,inner_race,inner_race,0.007794,0.991399,0.000222,0.000585
data\paderborn\extracted\KI01\KI01\N09_M07_F10_KI01_13.mat,inner_race,healthy,0.720909,0.272591,0.002758,0.003742
data\paderborn\extracted\KI01\KI01\N09_M07_F10_KI01_13.mat,inner_race,inner_race,0.005068,0.990839,0.001044,0.003049
data\paderborn\extracted\KI01\KI01\N09_M07_F10_KI01_13.mat,inner_race,inner_race,0.218052,0.774554,0.007009,0.000384
data\paderborn\extracted\KI01\KI01\N09_M07_F10_KI01_13.mat,inner_race,inner_race,0.001522,0.971986,0.006192,0.020300
data\paderborn\extracted\KI01\KI01\N09_M07_F10_KI01_13.mat,inner_race,inner_race,0.280706,0.716892,0.000652,0.001750
data\paderborn\extracted\KI01\KI01\N09_M07_F10_KI01_13.mat,inner_race,inner_race,0.002876,0.978956,0.000188,0.017980
data\paderborn\extracted\KI01\KI01\N09_M07_F10_KI01_13.mat,inner_race,inner_race,0.162842,0.828047,0.001067,0.008044
data\paderborn\extracted\KI01\KI01\N09_M07_F10_KI01_13.mat,inner_race,inner_race,0.001589,0.960056,0.000692,0.037663
data\paderborn\extracted\KI01\KI01\N09_M07_F10_KI01_13.mat,inner_race,inner_race,0.076591,0.904455,0.005759,0.013195
data\paderborn\extracted\KI01\KI01\N09_M07_F10_KI01_13.mat,inner_race,inner_race,0.001785,0.854420,0.010473,0.133323
data\paderborn\extracted\KI01\KI01\N09_M07_F10_KI01_14.mat,inner_race,inner_race,0.042512,0.951788,0.001198,0.004503
data\paderborn\extracted\KI01\KI01\N09_M07_F10_KI01_14.mat,inner_race,inner_race,0.001633,0.989691,0.001652,0.007024
data\paderborn\extracted\KI01\KI01\N09_M07_F10_KI01_14.mat,inner_race,inner_race,0.225759,0.762046,0.004730,0.007464
data\paderborn\extracted\KI01\KI01\N09_M07_F10_KI01_14.mat,inner_race,inner_race,0.000702,0.896949,0.003305,0.099044
data\paderborn\extracted\KI01\KI01\N09_M07_F10_KI01_14.mat,inner_race,inner_race,0.208619,0.787534,0.003828,0.000019
data\paderborn\extracted\KI01\KI01\N09_M07_F10_KI01_14.mat,inner_race,inner_race,0.000189,0.930842,0.001604,0.067365
data\paderborn\extracted\KI01\KI01\N09_M07_F10_KI01_14.mat,inner_race,healthy,0.624552,0.353241,0.001031,0.021176
data\paderborn\extracted\KI01\KI01\N09_M07_F10_KI01_14.mat,inner_race,inner_race,0.005988,0.987526,0.003641,0.002845
data\paderborn\extracted\KI01\KI01\N09_M07_F10_KI01_14.mat,inner_race,healthy,0.537496,0.457886,0.004595,0.000022
data\paderborn\extracted\KI01\KI01\N09_M07_F10_KI01_14.mat,inner_race,inner_race,0.000203,0.976177,0.000979,0.022641
data\paderborn\extracted\KI01\KI01\N09_M07_F10_KI01_14.mat,inner_race,inner_race,0.016639,0.981307,0.001948,0.000106
data\paderborn\extracted\KI01\KI01\N09_M07_F10_KI01_14.mat,inner_race,inner_race,0.001186,0.996412,0.001290,0.001113
data\paderborn\extracted\KI01\KI01\N09_M07_F10_KI01_14.mat,inner_race,inner_race,0.088122,0.908109,0.002544,0.001226
data\paderborn\extracted\KI01\KI01\N09_M07_F10_KI01_14.mat,inner_race,inner_race,0.002989,0.991922,0.000737,0.004352
data\paderborn\extracted\KI01\KI01\N09_M07_F10_KI01_14.mat,inner_race,inner_race,0.001619,0.983606,0.000331,0.014443
data\paderborn\extracted\KI01\KI01\N09_M07_F10_KI01_14.mat,inner_race,inner_race,0.007941,0.989437,0.000443,0.002179
data\paderborn\extracted\KI01\KI01\N09_M07_F10_KI01_15.mat,inner_race,inner_race,0.199131,0.667397,0.010099,0.123373
data\paderborn\extracted\KI01\KI01\N09_M07_F10_KI01_15.mat,inner_race,inner_race,0.000904,0.845096,0.000783,0.153217
data\paderborn\extracted\KI01\KI01\N09_M07_F10_KI01_15.mat,inner_race,inner_race,0.004506,0.988598,0.000753,0.006142
data\paderborn\extracted\KI01\KI01\N09_M07_F10_KI01_15.mat,inner_race,inner_race,0.004306,0.961598,0.000614,0.033482
data\paderborn\extracted\KI01\KI01\N09_M07_F10_KI01_15.mat,inner_race,inner_race,0.003754,0.989695,0.000965,0.005586
data\paderborn\extracted\KI01\KI01\N09_M07_F10_KI01_15.mat,inner_race,inner_race,0.011006,0.988369,0.000348,0.000277
data\paderborn\extracted\KI01\KI01\N09_M07_F10_KI01_15.mat,inner_race,inner_race,0.000678,0.960702,0.002540,0.036080
data\paderborn\extracted\KI01\KI01\N09_M07_F10_KI01_15.mat,inner_race,inner_race,0.418712,0.577864,0.001847,0.001576
data\paderborn\extracted\KI01\KI01\N09_M07_F10_KI01_15.mat,inner_race,inner_race,0.000945,0.953576,0.000314,0.045165
data\paderborn\extracted\KI01\KI01\N09_M07_F10_KI01_15.mat,inner_race,inner_race,0.127635,0.868349,0.002991,0.001025
data\paderborn\extracted\KI01\KI01\N09_M07_F10_KI01_15.mat,inner_race,inner_race,0.000560,0.939945,0.004049,0.055446
data\paderborn\extracted\KI01\KI01\N09_M07_F10_KI01_15.mat,inner_race,inner_race,0.134803,0.862855,0.002318,0.000024
data\paderborn\extracted\KI01\KI01\N09_M07_F10_KI01_15.mat,inner_race,inner_race,0.000442,0.961555,0.007137,0.030866
data\paderborn\extracted\KI01\KI01\N09_M07_F10_KI01_15.mat,inner_race,inner_race,0.369610,0.620730,0.002127,0.007533
data\paderborn\extracted\KI01\KI01\N09_M07_F10_KI01_15.mat,inner_race,inner_race,0.000758,0.978738,0.010083,0.010420
data\paderborn\extracted\KI01\KI01\N09_M07_F10_KI01_15.mat,inner_race,inner_race,0.046710,0.946267,0.003915,0.003108
data\paderborn\extracted\KI01\KI01\N09_M07_F10_KI01_16.mat,inner_race,inner_race,0.050905,0.904585,0.001650,0.042860
data\paderborn\extracted\KI01\KI01\N09_M07_F10_KI01_16.mat,inner_race,inner_race,0.000679,0.947567,0.000665,0.051089
data\paderborn\extracted\KI01\KI01\N09_M07_F10_KI01_16.mat,inner_race,inner_race,0.028539,0.969240,0.001433,0.000788
data\paderborn\extracted\KI01\KI01\N09_M07_F10_KI01_16.mat,inner_race,inner_race,0.000404,0.926867,0.001872,0.070857
data\paderborn\extracted\KI01\KI01\N09_M07_F10_KI01_16.mat,inner_race,inner_race,0.020239,0.976019,0.001128,0.002614
data\paderborn\extracted\KI01\KI01\N09_M07_F10_KI01_16.mat,inner_race,inner_race,0.003576,0.931802,0.001438,0.063184
data\paderborn\extracted\KI01\KI01\N09_M07_F10_KI01_16.mat,inner_race,inner_race,0.008847,0.990622,0.000337,0.000193
data\paderborn\extracted\KI01\KI01\N09_M07_F10_KI01_16.mat,inner_race,inner_race,0.000766,0.997437,0.000412,0.001384
data\paderborn\extracted\KI01\KI01\N09_M07_F10_KI01_16.mat,inner_race,inner_race,0.000632,0.991544,0.000550,0.007275
data\paderborn\extracted\KI01\KI01\N09_M07_F10_KI01_16.mat,inner_race,inner_race,0.045270,0.950916,0.003766,0.000048
data\paderborn\extracted\KI01\KI01\N09_M07_F10_KI01_16.mat,inner_race,inner_race,0.001713,0.996306,0.000497,0.001484
data\paderborn\extracted\KI01\KI01\N09_M07_F10_KI01_16.mat,inner_race,inner_race,0.477920,0.518211,0.003657,0.000212
data\paderborn\extracted\KI01\KI01\N09_M07_F10_KI01_16.mat,inner_race,inner_race,0.001624,0.978911,0.007805,0.011660
data\paderborn\extracted\KI01\KI01\N09_M07_F10_KI01_16.mat,inner_race,inner_race,0.103859,0.884056,0.009746,0.002339
data\paderborn\extracted\KI01\KI01\N09_M07_F10_KI01_16.mat,inner_race,inner_race,0.000580,0.518107,0.024617,0.456695
data\paderborn\extracted\KI01\KI01\N09_M07_F10_KI01_16.mat,inner_race,inner_race,0.334519,0.663628,0.001501,0.000352
data\paderborn\extracted\KI01\KI01\N09_M07_F10_KI01_17.mat,inner_race,inner_race,0.036107,0.938698,0.002801,0.022394
data\paderborn\extracted\KI01\KI01\N09_M07_F10_KI01_17.mat,inner_race,healthy,0.792497,0.202619,0.003049,0.001834
data\paderborn\extracted\KI01\KI01\N09_M07_F10_KI01_17.mat,inner_race,inner_race,0.001630,0.994457,0.000356,0.003558
data\paderborn\extracted\KI01\KI01\N09_M07_F10_KI01_17.mat,inner_race,inner_race,0.033375,0.941825,0.001722,0.023079
data\paderborn\extracted\KI01\KI01\N09_M07_F10_KI01_17.mat,inner_race,inner_race,0.001926,0.982529,0.001584,0.013961
data\paderborn\extracted\KI01\KI01\N09_M07_F10_KI01_17.mat,inner_race,inner_race,0.119144,0.877660,0.002058,0.001138
data\paderborn\extracted\KI01\KI01\N09_M07_F10_KI01_17.mat,inner_race,inner_race,0.000676,0.962629,0.000526,0.036169
data\paderborn\extracted\KI01\KI01\N09_M07_F10_KI01_17.mat,inner_race,inner_race,0.178563,0.816407,0.002074,0.002957
data\paderborn\extracted\KI01\KI01\N09_M07_F10_KI01_17.mat,inner_race,inner_race,0.000662,0.965415,0.000429,0.033495
data\paderborn\extracted\KI01\KI01\N09_M07_F10_KI01_17.mat,inner_race,healthy,0.472040,0.468097,0.049354,0.010509
data\paderborn\extracted\KI01\KI01\N09_M07_F10_KI01_17.mat,inner_race,inner_race,0.000510,0.888753,0.000720,0.110017
data\paderborn\extracted\KI01\KI01\N09_M07_F10_KI01_17.mat,inner_race,inner_race,0.007743,0.990422,0.000799,0.001036
data\paderborn\extracted\KI01\KI01\N09_M07_F10_KI01_17.mat,inner_race,inner_race,0.001619,0.919004,0.004545,0.074832
data\paderborn\extracted\KI01\KI01\N09_M07_F10_KI01_17.mat,inner_race,healthy,0.534392,0.460361,0.003025,0.002222
data\paderborn\extracted\KI01\KI01\N09_M07_F10_KI01_17.mat,inner_race,inner_race,0.001535,0.989232,0.000845,0.008388
data\paderborn\extracted\KI01\KI01\N09_M07_F10_KI01_17.mat,inner_race,inner_race,0.010188,0.987859,0.000621,0.001333
data\paderborn\extracted\KI01\KI01\N09_M07_F10_KI01_18.mat,inner_race,inner_race,0.048404,0.665374,0.007635,0.278587
data\paderborn\extracted\KI01\KI01\N09_M07_F10_KI01_18.mat,inner_race,inner_race,0.312621,0.682819,0.002432,0.002128
data\paderborn\extracted\KI01\KI01\N09_M07_F10_KI01_18.mat,inner_race,inner_race,0.007352,0.905460,0.023453,0.063735
data\paderborn\extracted\KI01\KI01\N09_M07_F10_KI01_18.mat,inner_race,inner_race,0.381637,0.604990,0.007014,0.006360
data\paderborn\extracted\KI01\KI01\N09_M07_F10_KI01_18.mat,inner_race,inner_race,0.005822,0.962059,0.004914,0.027204
data\paderborn\extracted\KI01\KI01\N09_M07_F10_KI01_18.mat,inner_race,inner_race,0.024198,0.973638,0.000671,0.001493
data\paderborn\extracted\KI01\KI01\N09_M07_F10_KI01_18.mat,inner_race,inner_race,0.001408,0.976875,0.000715,0.021002
data\paderborn\extracted\KI01\KI01\N09_M07_F10_KI01_18.mat,inner_race,healthy,0.670447,0.322136,0.006283,0.001134
data\paderborn\extracted\KI01\KI01\N09_M07_F10_KI01_18.mat,inner_race,inner_race,0.000544,0.934922,0.000869,0.063665
data\paderborn\extracted\KI01\KI01\N09_M07_F10_KI01_18.mat,inner_race,inner_race,0.146728,0.845426,0.007814,0.000033
data\paderborn\extracted\KI01\KI01\N09_M07_F10_KI01_18.mat,inner_race,inner_race,0.000266,0.918207,0.002592,0.078935
data\paderborn\extracted\KI01\KI01\N09_M07_F10_KI01_18.mat,inner_race,inner_race,0.143054,0.853466,0.001692,0.001788
data\paderborn\extracted\KI01\KI01\N09_M07_F10_KI01_18.mat,inner_race,inner_race,0.000636,0.977658,0.001393,0.020313
data\paderborn\extracted\KI01\KI01\N09_M07_F10_KI01_18.mat,inner_race,inner_race,0.052838,0.943312,0.001109,0.002741
data\paderborn\extracted\KI01\KI01\N09_M07_F10_KI01_18.mat,inner_race,inner_race,0.000848,0.677471,0.004537,0.317144
data\paderborn\extracted\KI01\KI01\N09_M07_F10_KI01_18.mat,inner_race,inner_race,0.010658,0.973287,0.000209,0.015846
data\paderborn\extracted\KI01\KI01\N09_M07_F10_KI01_19.mat,inner_race,inner_race,0.136022,0.861990,0.000912,0.001076
data\paderborn\extracted\KI01\KI01\N09_M07_F10_KI01_19.mat,inner_race,inner_race,0.072504,0.907588,0.014764,0.005144
data\paderborn\extracted\KI01\KI01\N09_M07_F10_KI01_19.mat,inner_race,inner_race,0.479755,0.516608,0.002101,0.001537
data\paderborn\extracted\KI01\KI01\N09_M07_F10_KI01_19.mat,inner_race,inner_race,0.002832,0.986336,0.001223,0.009609
data\paderborn\extracted\KI01\KI01\N09_M07_F10_KI01_19.mat,inner_race,healthy,0.521384,0.475653,0.001670,0.001293
data\paderborn\extracted\KI01\KI01\N09_M07_F10_KI01_19.mat,inner_race,inner_race,0.003069,0.936682,0.001326,0.058923
data\paderborn\extracted\KI01\KI01\N09_M07_F10_KI01_19.mat,inner_race,inner_race,0.019780,0.974663,0.002360,0.003197
data\paderborn\extracted\KI01\KI01\N09_M07_F10_KI01_19.mat,inner_race,inner_race,0.000560,0.947990,0.000586,0.050864
data\paderborn\extracted\KI01\KI01\N09_M07_F10_KI01_19.mat,inner_race,healthy,0.516848,0.481289,0.001245,0.000617
data\paderborn\extracted\KI01\KI01\N09_M07_F10_KI01_19.mat,inner_race,inner_race,0.001453,0.905678,0.000370,0.092499
data\paderborn\extracted\KI01\KI01\N09_M07_F10_KI01_19.mat,inner_race,inner_race,0.291566,0.646128,0.028180,0.034126
data\paderborn\extracted\KI01\KI01\N09_M07_F10_KI01_19.mat,inner_race,inner_race,0.000374,0.759368,0.001463,0.238795
data\paderborn\extracted\KI01\KI01\N09_M07_F10_KI01_19.mat,inner_race,inner_race,0.176933,0.818487,0.001916,0.002665
data\paderborn\extracted\KI01\KI01\N09_M07_F10_KI01_19.mat,inner_race,inner_race,0.001961,0.992596,0.001463,0.003980
data\paderborn\extracted\KI01\KI01\N09_M07_F10_KI01_19.mat,inner_race,inner_race,0.238538,0.733843,0.017628,0.009991
data\paderborn\extracted\KI01\KI01\N09_M07_F10_KI01_19.mat,inner_race,inner_race,0.001058,0.971679,0.001366,0.025897
data\paderborn\extracted\KI01\KI01\N09_M07_F10_KI01_2.mat,inner_race,inner_race,0.333812,0.639984,0.002342,0.023862
data\paderborn\extracted\KI01\KI01\N09_M07_F10_KI01_2.mat,inner_race,inner_race,0.000517,0.807350,0.009763,0.182370
data\paderborn\extracted\KI01\KI01\N09_M07_F10_KI01_2.mat,inner_race,inner_race,0.092851,0.867668,0.015951,0.023530
data\paderborn\extracted\KI01\KI01\N09_M07_F10_KI01_2.mat,inner_race,inner_race,0.000235,0.996487,0.000556,0.002723
data\paderborn\extracted\KI01\KI01\N09_M07_F10_KI01_2.mat,inner_race,inner_race,0.067662,0.929821,0.002483,0.000034
data\paderborn\extracted\KI01\KI01\N09_M07_F10_KI01_2.mat,inner_race,inner_race,0.000422,0.993467,0.000273,0.005838
data\paderborn\extracted\KI01\KI01\N09_M07_F10_KI01_2.mat,inner_race,inner_race,0.006926,0.988181,0.001007,0.003886
data\paderborn\extracted\KI01\KI01\N09_M07_F10_KI01_2.mat,inner_race,inner_race,0.033909,0.953200,0.001265,0.011626
data\paderborn\extracted\KI01\KI01\N09_M07_F10_KI01_2.mat,inner_race,inner_race,0.006760,0.992740,0.000303,0.000197
data\paderborn\extracted\KI01\KI01\N09_M07_F10_KI01_2.mat,inner_race,inner_race,0.008132,0.987403,0.002075,0.002390
data\paderborn\extracted\KI01\KI01\N09_M07_F10_KI01_2.mat,inner_race,inner_race,0.000451,0.966383,0.001141,0.032026
data\paderborn\extracted\KI01\KI01\N09_M07_F10_KI01_2.mat,inner_race,inner_race,0.042052,0.950370,0.004024,0.003554
data\paderborn\extracted\KI01\KI01\N09_M07_F10_KI01_2.mat,inner_race,inner_race,0.001413,0.955809,0.000583,0.042195
data\paderborn\extracted\KI01\KI01\N09_M07_F10_KI01_2.mat,inner_race,inner_race,0.279148,0.718449,0.001459,0.000944
data\paderborn\extracted\KI01\KI01\N09_M07_F10_KI01_2.mat,inner_race,inner_race,0.001238,0.936672,0.005579,0.056510
data\paderborn\extracted\KI01\KI01\N09_M07_F10_KI01_2.mat,inner_race,inner_race,0.191124,0.790135,0.008404,0.010337
data\paderborn\extracted\KI01\KI01\N09_M07_F10_KI01_20.mat,inner_race,inner_race,0.046009,0.939182,0.002134,0.012675
data\paderborn\extracted\KI01\KI01\N09_M07_F10_KI01_20.mat,inner_race,inner_race,0.003540,0.842316,0.001629,0.152516
data\paderborn\extracted\KI01\KI01\N09_M07_F10_KI01_20.mat,inner_race,inner_race,0.077217,0.900643,0.009006,0.013134
data\paderborn\extracted\KI01\KI01\N09_M07_F10_KI01_20.mat,inner_race,inner_race,0.005422,0.980206,0.000857,0.013515
data\paderborn\extracted\KI01\KI01\N09_M07_F10_KI01_20.mat,inner_race,inner_race,0.001943,0.987153,0.000285,0.010620
data\paderborn\extracted\KI01\KI01\N09_M07_F10_KI01_20.mat,inner_race,inner_race,0.008426,0.990430,0.000960,0.000183
data\paderborn\extracted\KI01\KI01\N09_M07_F10_KI01_20.mat,inner_race,inner_race,0.002155,0.990901,0.000932,0.006012
data\paderborn\extracted\KI01\KI01\N09_M07_F10_KI01_20.mat,inner_race,inner_race,0.245753,0.748225,0.004109,0.001913
data\paderborn\extracted\KI01\KI01\N09_M07_F10_KI01_20.mat,inner_race,inner_race,0.001217,0.943906,0.001561,0.053316
data\paderborn\extracted\KI01\KI01\N09_M07_F10_KI01_20.mat,inner_race,inner_race,0.180710,0.817334,0.001639,0.000317
data\paderborn\extracted\KI01\KI01\N09_M07_F10_KI01_20.mat,inner_race,inner_race,0.000777,0.985827,0.002325,0.011071
data\paderborn\extracted\KI01\KI01\N09_M07_F10_KI01_20.mat,inner_race,inner_race,0.360437,0.633639,0.005620,0.000305
data\paderborn\extracted\KI01\KI01\N09_M07_F10_KI01_20.mat,inner_race,inner_race,0.000715,0.978480,0.008104,0.012700
data\paderborn\extracted\KI01\KI01\N09_M07_F10_KI01_20.mat,inner_race,inner_race,0.265190,0.729442,0.005227,0.000141
data\paderborn\extracted\KI01\KI01\N09_M07_F10_KI01_20.mat,inner_race,inner_race,0.000318,0.859632,0.029303,0.110747
data\paderborn\extracted\KI01\KI01\N09_M07_F10_KI01_20.mat,inner_race,inner_race,0.117295,0.880500,0.001976,0.000229
data\paderborn\extracted\KI01\KI01\N09_M07_F10_KI01_3.mat,inner_race,inner_race,0.083878,0.898589,0.016742,0.000792
data\paderborn\extracted\KI01\KI01\N09_M07_F10_KI01_3.mat,inner_race,inner_race,0.001028,0.969262,0.013078,0.016632
data\paderborn\extracted\KI01\KI01\N09_M07_F10_KI01_3.mat,inner_race,inner_race,0.018082,0.980998,0.000491,0.000429
data\paderborn\extracted\KI01\KI01\N09_M07_F10_KI01_3.mat,inner_race,inner_race,0.000804,0.978948,0.004976,0.015272
data\paderborn\extracted\KI01\KI01\N09_M07_F10_KI01_3.mat,inner_race,inner_race,0.016221,0.979035,0.000532,0.004212
data\paderborn\extracted\KI01\KI01\N09_M07_F10_KI01_3.mat,inner_race,inner_race,0.000685,0.974208,0.002097,0.023010
data\paderborn\extracted\KI01\KI01\N09_M07_F10_KI01_3.mat,inner_race,inner_race,0.354136,0.643063,0.001606,0.001194
data\paderborn\extracted\KI01\KI01\N09_M07_F10_KI01_3.mat,inner_race,inner_race,0.001799,0.668630,0.007089,0.322482
data\paderborn\extracted\KI01\KI01\N09_M07_F10_KI01_3.mat,inner_race,inner_race,0.011083,0.986358,0.000481,0.002078
data\paderborn\extracted\KI01\KI01\N09_M07_F10_KI01_3.mat,inner_race,inner_race,0.002354,0.992609,0.000553,0.004484
data\paderborn\extracted\KI01\KI01\N09_M07_F10_KI01_3.mat,inner_race,inner_race,0.076746,0.911095,0.000805,0.011355
data\paderborn\extracted\KI01\KI01\N09_M07_F10_KI01_3.mat,inner_race,inner_race,0.001045,0.952715,0.001717,0.044523
data\paderborn\extracted\KI01\KI01\N09_M07_F10_KI01_3.mat,inner_race,inner_race,0.120848,0.860990,0.011392,0.006770
data\paderborn\extracted\KI01\KI01\N09_M07_F10_KI01_3.mat,inner_race,inner_race,0.002102,0.892843,0.001961,0.103094
data\paderborn\extracted\KI01\KI01\N09_M07_F10_KI01_3.mat,inner_race,inner_race,0.097530,0.898960,0.001426,0.002084
data\paderborn\extracted\KI01\KI01\N09_M07_F10_KI01_3.mat,inner_race,inner_race,0.001253,0.995781,0.000478,0.002488
data\paderborn\extracted\KI01\KI01\N09_M07_F10_KI01_4.mat,inner_race,inner_race,0.017304,0.981385,0.001160,0.000151
data\paderborn\extracted\KI01\KI01\N09_M07_F10_KI01_4.mat,inner_race,inner_race,0.000702,0.992152,0.000388,0.006758
data\paderborn\extracted\KI01\KI01\N09_M07_F10_KI01_4.mat,inner_race,inner_race,0.400739,0.583861,0.005976,0.009424
data\paderborn\extracted\KI01\KI01\N09_M07_F10_KI01_4.mat,inner_race,inner_race,0.002479,0.497285,0.003119,0.497118
data\paderborn\extracted\KI01\KI01\N09_M07_F10_KI01_4.mat,inner_race,inner_race,0.024147,0.971213,0.003212,0.001428
data\paderborn\extracted\KI01\KI01\N09_M07_F10_KI01_4.mat,inner_race,inner_race,0.007382,0.931064,0.014696,0.046858
data\paderborn\extracted\KI01\KI01\N09_M07_F10_KI01_4.mat,inner_race,inner_race,0.028262,0.952081,0.000976,0.018681
data\paderborn\extracted\KI01\KI01\N09_M07_F10_KI01_4.mat,inner_race,inner_race,0.040044,0.956012,0.002692,0.001252
data\paderborn\extracted\KI01\KI01\N09_M07_F10_KI01_4.mat,inner_race,inner_race,0.282704,0.706070,0.007631,0.003595
data\paderborn\extracted\KI01\KI01\N09_M07_F10_KI01_4.mat,inner_race,inner_race,0.002475,0.891944,0.000732,0.104850
data\paderborn\extracted\KI01\KI01\N09_M07_F10_KI01_4.mat,inner_race,inner_race,0.024012,0.943206,0.006245,0.026537
data\paderborn\extracted\KI01\KI01\N09_M07_F10_KI01_4.mat,inner_race,inner_race,0.000477,0.945655,0.000592,0.053275
data\paderborn\extracted\KI01\KI01\N09_M07_F10_KI01_4.mat,inner_race,inner_race,0.013277,0.981631,0.000612,0.004480
data\paderborn\extracted\KI01\KI01\N09_M07_F10_KI01_4.mat,inner_race,inner_race,0.003932,0.975316,0.000435,0.020316
data\paderborn\extracted\KI01\KI01\N09_M07_F10_KI01_4.mat,inner_race,inner_race,0.001759,0.972771,0.000274,0.025196
data\paderborn\extracted\KI01\KI01\N09_M07_F10_KI01_4.mat,inner_race,inner_race,0.022698,0.968970,0.002637,0.005695
data\paderborn\extracted\KI01\KI01\N09_M07_F10_KI01_5.mat,inner_race,inner_race,0.000990,0.890888,0.005645,0.102477
data\paderborn\extracted\KI01\KI01\N09_M07_F10_KI01_5.mat,inner_race,healthy,0.953524,0.044985,0.001232,0.000259
data\paderborn\extracted\KI01\KI01\N09_M07_F10_KI01_5.mat,inner_race,inner_race,0.011632,0.942187,0.002042,0.044139
data\paderborn\extracted\KI01\KI01\N09_M07_F10_KI01_5.mat,inner_race,inner_race,0.107432,0.889109,0.000707,0.002752
data\paderborn\extracted\KI01\KI01\N09_M07_F10_KI01_5.mat,inner_race,inner_race,0.000417,0.898448,0.003064,0.098071
data\paderborn\extracted\KI01\KI01\N09_M07_F10_KI01_5.mat,inner_race,inner_race,0.170342,0.823435,0.006193,0.000030
data\paderborn\extracted\KI01\KI01\N09_M07_F10_KI01_5.mat,inner_race,inner_race,0.000299,0.981493,0.001429,0.016778
data\paderborn\extracted\KI01\KI01\N09_M07_F10_KI01_5.mat,inner_race,inner_race,0.068281,0.930366,0.000631,0.000721
data\paderborn\extracted\KI01\KI01\N09_M07_F10_KI01_5.mat,inner_race,inner_race,0.000526,0.980261,0.002897,0.016316
data\paderborn\extracted\KI01\KI01\N09_M07_F10_KI01_5.mat,inner_race,inner_race,0.036244,0.962270,0.000686,0.000799
data\paderborn\extracted\KI01\KI01\N09_M07_F10_KI01_5.mat,inner_race,inner_race,0.001098,0.967052,0.001239,0.030611
data\paderborn\extracted\KI01\KI01\N09_M07_F10_KI01_5.mat,inner_race,inner_race,0.024672,0.971270,0.002314,0.001744
data\paderborn\extracted\KI01\KI01\N09_M07_F10_KI01_5.mat,inner_race,inner_race,0.001379,0.990268,0.001913,0.006441
data\paderborn\extracted\KI01\KI01\N09_M07_F10_KI01_5.mat,inner_race,inner_race,0.006646,0.988714,0.000272,0.004368
data\paderborn\extracted\KI01\KI01\N09_M07_F10_KI01_5.mat,inner_race,inner_race,0.051064,0.928873,0.007177,0.012886
data\paderborn\extracted\KI01\KI01\N09_M07_F10_KI01_5.mat,inner_race,inner_race,0.004748,0.992469,0.000241,0.002542
data\paderborn\extracted\KI01\KI01\N09_M07_F10_KI01_6.mat,inner_race,inner_race,0.003363,0.984783,0.002376,0.009478
data\paderborn\extracted\KI01\KI01\N09_M07_F10_KI01_6.mat,inner_race,inner_race,0.008100,0.981284,0.000208,0.010409
data\paderborn\extracted\KI01\KI01\N09_M07_F10_KI01_6.mat,inner_race,inner_race,0.011299,0.963428,0.003754,0.021519
data\paderborn\extracted\KI01\KI01\N09_M07_F10_KI01_6.mat,inner_race,inner_race,0.001934,0.995922,0.000774,0.001370
data\paderborn\extracted\KI01\KI01\N09_M07_F10_KI01_6.mat,inner_race,inner_race,0.053170,0.852799,0.086087,0.007944
data\paderborn\extracted\KI01\KI01\N09_M07_F10_KI01_6.mat,inner_race,inner_race,0.199829,0.794581,0.004277,0.001314
data\paderborn\extracted\KI01\KI01\N09_M07_F10_KI01_6.mat,inner_race,inner_race,0.026293,0.969581,0.000703,0.003422
data\paderborn\extracted\KI01\KI01\N09_M07_F10_KI01_6.mat,inner_race,inner_race,0.033762,0.888776,0.004079,0.073382
data\paderborn\extracted\KI01\KI01\N09_M07_F10_KI01_6.mat,inner_race,inner_race,0.005828,0.992164,0.000146,0.001863
data\paderborn\extracted\KI01\KI01\N09_M07_F10_KI01_6.mat,inner_race,inner_race,0.006253,0.987412,0.001012,0.005324
data\paderborn\extracted\KI01\KI01\N09_M07_F10_KI01_6.mat,inner_race,inner_race,0.052306,0.924829,0.003494,0.019371
data\paderborn\extracted\KI01\KI01\N09_M07_F10_KI01_6.mat,inner_race,inner_race,0.001356,0.954780,0.000593,0.043271
data\paderborn\extracted\KI01\KI01\N09_M07_F10_KI01_6.mat,inner_race,inner_race,0.018573,0.940199,0.000844,0.040384
data\paderborn\extracted\KI01\KI01\N09_M07_F10_KI01_6.mat,inner_race,inner_race,0.001167,0.973184,0.000218,0.025431
data\paderborn\extracted\KI01\KI01\N09_M07_F10_KI01_6.mat,inner_race,inner_race,0.076042,0.914730,0.007852,0.001376
data\paderborn\extracted\KI01\KI01\N09_M07_F10_KI01_6.mat,inner_race,inner_race,0.000595,0.962157,0.002357,0.034892
data\paderborn\extracted\KI01\KI01\N09_M07_F10_KI01_7.mat,inner_race,inner_race,0.003669,0.992413,0.000350,0.003567
data\paderborn\extracted\KI01\KI01\N09_M07_F10_KI01_7.mat,inner_race,inner_race,0.045174,0.949575,0.002800,0.002452
data\paderborn\extracted\KI01\KI01\N09_M07_F10_KI01_7.mat,inner_race,inner_race,0.007120,0.912605,0.051854,0.028421
data\paderborn\extracted\KI01\KI01\N09_M07_F10_KI01_7.mat,inner_race,inner_race,0.048711,0.931128,0.018968,0.001193
data\paderborn\extracted\KI01\KI01\N09_M07_F10_KI01_7.mat,inner_race,inner_race,0.008291,0.989328,0.002076,0.000305
data\paderborn\extracted\KI01\KI01\N09_M07_F10_KI01_7.mat,inner_race,inner_race,0.030631,0.966447,0.000645,0.002277
data\paderborn\extracted\KI01\KI01\N09_M07_F10_KI01_7.mat,inner_race,inner_race,0.005794,0.915155,0.002866,0.076185
data\paderborn\extracted\KI01\KI01\N09_M07_F10_KI01_7.mat,inner_race,inner_race,0.031122,0.962733,0.002007,0.004137
data\paderborn\extracted\KI01\KI01\N09_M07_F10_KI01_7.mat,inner_race,inner_race,0.003582,0.977553,0.004425,0.014440
data\paderborn\extracted\KI01\KI01\N09_M07_F10_KI01_7.mat,inner_race,inner_race,0.153420,0.843853,0.001556,0.001171
data\paderborn\extracted\KI01\KI01\N09_M07_F10_KI01_7.mat,inner_race,inner_race,0.001298,0.960503,0.000332,0.037867
data\paderborn\extracted\KI01\KI01\N09_M07_F10_KI01_7.mat,inner_race,inner_race,0.093730,0.834576,0.003566,0.068128
data\paderborn\extracted\KI01\KI01\N09_M07_F10_KI01_7.mat,inner_race,inner_race,0.000625,0.922687,0.000619,0.076069
data\paderborn\extracted\KI01\KI01\N09_M07_F10_KI01_7.mat,inner_race,inner_race,0.440781,0.555930,0.001976,0.001313
data\paderborn\extracted\KI01\KI01\N09_M07_F10_KI01_7.mat,inner_race,inner_race,0.001794,0.981479,0.002378,0.014348
data\paderborn\extracted\KI01\KI01\N09_M07_F10_KI01_7.mat,inner_race,inner_race,0.474063,0.522845,0.000595,0.002496
data\paderborn\extracted\KI01\KI01\N09_M07_F10_KI01_8.mat,inner_race,inner_race,0.021083,0.975845,0.000189,0.002884
data\paderborn\extracted\KI01\KI01\N09_M07_F10_KI01_8.mat,inner_race,inner_race,0.000642,0.908866,0.001064,0.089428
data\paderborn\extracted\KI01\KI01\N09_M07_F10_KI01_8.mat,inner_race,inner_race,0.110394,0.884255,0.005267,0.000083
data\paderborn\extracted\KI01\KI01\N09_M07_F10_KI01_8.mat,inner_race,inner_race,0.000120,0.980653,0.002066,0.017161
data\paderborn\extracted\KI01\KI01\N09_M07_F10_KI01_8.mat,inner_race,healthy,0.590251,0.405224,0.002816,0.001709
data\paderborn\extracted\KI01\KI01\N09_M07_F10_KI01_8.mat,inner_race,inner_race,0.000291,0.942308,0.001470,0.055931
data\paderborn\extracted\KI01\KI01\N09_M07_F10_KI01_8.mat,inner_race,healthy,0.587830,0.406158,0.005849,0.000163
data\paderborn\extracted\KI01\KI01\N09_M07_F10_KI01_8.mat,inner_race,inner_race,0.009639,0.987638,0.000963,0.001759
data\paderborn\extracted\KI01\KI01\N09_M07_F10_KI01_8.mat,inner_race,inner_race,0.039260,0.959895,0.000527,0.000318
data\paderborn\extracted\KI01\KI01\N09_M07_F10_KI01_8.mat,inner_race,inner_race,0.002552,0.985703,0.000819,0.010927
data\paderborn\extracted\KI01\KI01\N09_M07_F10_KI01_8.mat,inner_race,inner_race,0.012255,0.914006,0.051541,0.022197
data\paderborn\extracted\KI01\KI01\N09_M07_F10_KI01_8.mat,inner_race,inner_race,0.016981,0.973921,0.002115,0.006983
data\paderborn\extracted\KI01\KI01\N09_M07_F10_KI01_8.mat,inner_race,inner_race,0.002458,0.997118,0.000232,0.000193
data\paderborn\extracted\KI01\KI01\N09_M07_F10_KI01_8.mat,inner_race,inner_race,0.149937,0.847827,0.001963,0.000272
data\paderborn\extracted\KI01\KI01\N09_M07_F10_KI01_8.mat,inner_race,inner_race,0.077383,0.910725,0.001582,0.010310
data\paderborn\extracted\KI01\KI01\N09_M07_F10_KI01_8.mat,inner_race,inner_race,0.073927,0.912141,0.002480,0.011452
data\paderborn\extracted\KI01\KI01\N09_M07_F10_KI01_9.mat,inner_race,inner_race,0.006180,0.967911,0.002149,0.023761
data\paderborn\extracted\KI01\KI01\N09_M07_F10_KI01_9.mat,inner_race,inner_race,0.005469,0.990928,0.000203,0.003399
data\paderborn\extracted\KI01\KI01\N09_M07_F10_KI01_9.mat,inner_race,inner_race,0.042593,0.756293,0.142387,0.058728
data\paderborn\extracted\KI01\KI01\N09_M07_F10_KI01_9.mat,inner_race,inner_race,0.306029,0.522150,0.150958,0.020862
data\paderborn\extracted\KI01\KI01\N09_M07_F10_KI01_9.mat,inner_race,inner_race,0.019788,0.975506,0.000673,0.004034
data\paderborn\extracted\KI01\KI01\N09_M07_F10_KI01_9.mat,inner_race,inner_race,0.103993,0.875057,0.001062,0.019888
data\paderborn\extracted\KI01\KI01\N09_M07_F10_KI01_9.mat,inner_race,inner_race,0.047332,0.942244,0.000328,0.010096
data\paderborn\extracted\KI01\KI01\N09_M07_F10_KI01_9.mat,inner_race,inner_race,0.025262,0.938961,0.000826,0.034951
data\paderborn\extracted\KI01\KI01\N09_M07_F10_KI01_9.mat,inner_race,inner_race,0.004780,0.987311,0.002817,0.005092
data\paderborn\extracted\KI01\KI01\N09_M07_F10_KI01_9.mat,inner_race,inner_race,0.002868,0.987607,0.000536,0.008990
data\paderborn\extracted\KI01\KI01\N09_M07_F10_KI01_9.mat,inner_race,inner_race,0.003307,0.982004,0.000329,0.014360
data\paderborn\extracted\KI01\KI01\N09_M07_F10_KI01_9.mat,inner_race,inner_race,0.001758,0.988580,0.000387,0.009275
data\paderborn\extracted\KI01\KI01\N09_M07_F10_KI01_9.mat,inner_race,inner_race,0.062210,0.928787,0.002107,0.006896
data\paderborn\extracted\KI01\KI01\N09_M07_F10_KI01_9.mat,inner_race,inner_race,0.001554,0.965196,0.002909,0.030341
data\paderborn\extracted\KI01\KI01\N09_M07_F10_KI01_9.mat,inner_race,inner_race,0.067646,0.845586,0.012669,0.074099
data\paderborn\extracted\KI01\KI01\N09_M07_F10_KI01_9.mat,inner_race,inner_race,0.000508,0.800399,0.000658,0.198435
data\paderborn\extracted\KI01\KI01\N15_M01_F10_KI01_1.mat,inner_race,inner_race,0.001621,0.998224,0.000052,0.000104
data\paderborn\extracted\KI01\KI01\N15_M01_F10_KI01_1.mat,inner_race,inner_race,0.001031,0.996687,0.000024,0.002259
data\paderborn\extracted\KI01\KI01\N15_M01_F10_KI01_1.mat,inner_race,inner_race,0.000532,0.979848,0.000041,0.019579
data\paderborn\extracted\KI01\KI01\N15_M01_F10_KI01_1.mat,inner_race,inner_race,0.000942,0.994009,0.000038,0.005011
data\paderborn\extracted\KI01\KI01\N15_M01_F10_KI01_1.mat,inner_race,inner_race,0.001068,0.913298,0.000023,0.085611
data\paderborn\extracted\KI01\KI01\N15_M01_F10_KI01_1.mat,inner_race,inner_race,0.006983,0.962748,0.000075,0.030193
data\paderborn\extracted\KI01\KI01\N15_M01_F10_KI01_1.mat,inner_race,inner_race,0.000746,0.995994,0.000024,0.003236
data\paderborn\extracted\KI01\KI01\N15_M01_F10_KI01_1.mat,inner_race,inner_race,0.003429,0.993319,0.000017,0.003235
data\paderborn\extracted\KI01\KI01\N15_M01_F10_KI01_1.mat,inner_race,inner_race,0.000100,0.951195,0.000193,0.048512
data\paderborn\extracted\KI01\KI01\N15_M01_F10_KI01_1.mat,inner_race,inner_race,0.000588,0.998007,0.000013,0.001393
data\paderborn\extracted\KI01\KI01\N15_M01_F10_KI01_1.mat,inner_race,inner_race,0.000628,0.999284,0.000032,0.000056
data\paderborn\extracted\KI01\KI01\N15_M01_F10_KI01_1.mat,inner_race,inner_race,0.000374,0.999564,0.000031,0.000031
data\paderborn\extracted\KI01\KI01\N15_M01_F10_KI01_1.mat,inner_race,inner_race,0.001503,0.994821,0.000315,0.003360
data\paderborn\extracted\KI01\KI01\N15_M01_F10_KI01_1.mat,inner_race,inner_race,0.004722,0.953793,0.001400,0.040084
data\paderborn\extracted\KI01\KI01\N15_M01_F10_KI01_1.mat,inner_race,inner_race,0.028526,0.969059,0.000612,0.001803
data\paderborn\extracted\KI01\KI01\N15_M01_F10_KI01_1.mat,inner_race,inner_race,0.008543,0.991221,0.000044,0.000191
data\paderborn\extracted\KI01\KI01\N15_M01_F10_KI01_10.mat,inner_race,inner_race,0.001327,0.997850,0.000435,0.000388
data\paderborn\extracted\KI01\KI01\N15_M01_F10_KI01_10.mat,inner_race,inner_race,0.000175,0.997417,0.000196,0.002212
data\paderborn\extracted\KI01\KI01\N15_M01_F10_KI01_10.mat,inner_race,inner_race,0.000704,0.998506,0.000379,0.000412
data\paderborn\extracted\KI01\KI01\N15_M01_F10_KI01_10.mat,inner_race,inner_race,0.000744,0.998885,0.000312,0.000059
data\paderborn\extracted\KI01\KI01\N15_M01_F10_KI01_10.mat,inner_race,inner_race,0.001474,0.998282,0.000101,0.000142
data\paderborn\extracted\KI01\KI01\N15_M01_F10_KI01_10.mat,inner_race,inner_race,0.000352,0.999139,0.000040,0.000470
data\paderborn\extracted\KI01\KI01\N15_M01_F10_KI01_10.mat,inner_race,inner_race,0.000505,0.997975,0.000061,0.001459
data\paderborn\extracted\KI01\KI01\N15_M01_F10_KI01_10.mat,inner_race,inner_race,0.000971,0.997446,0.000038,0.001545
data\paderborn\extracted\KI01\KI01\N15_M01_F10_KI01_10.mat,inner_race,inner_race,0.000304,0.997217,0.000028,0.002452
data\paderborn\extracted\KI01\KI01\N15_M01_F10_KI01_10.mat,inner_race,inner_race,0.016799,0.961443,0.000106,0.021651
data\paderborn\extracted\KI01\KI01\N15_M01_F10_KI01_10.mat,inner_race,inner_race,0.000271,0.995659,0.000008,0.004062
data\paderborn\extracted\KI01\KI01\N15_M01_F10_KI01_10.mat,inner_race,inner_race,0.000074,0.975429,0.000021,0.024475
data\paderborn\extracted\KI01\KI01\N15_M01_F10_KI01_10.mat,inner_race,inner_race,0.002402,0.968057,0.000031,0.029509
data\paderborn\extracted\KI01\KI01\N15_M01_F10_KI01_10.mat,inner_race,inner_race,0.002447,0.801760,0.000138,0.195654
data\paderborn\extracted\KI01\KI01\N15_M01_F10_KI01_10.mat,inner_race,inner_race,0.000947,0.997230,0.000035,0.001789
data\paderborn\extracted\KI01\KI01\N15_M01_F10_KI01_10.mat,inner_race,inner_race,0.000783,0.998447,0.000338,0.000432
data\paderborn\extracted\KI01\KI01\N15_M01_F10_KI01_11.mat,inner_race,inner_race,0.001455,0.992921,0.001910,0.003714
data\paderborn\extracted\KI01\KI01\N15_M01_F10_KI01_11.mat,inner_race,inner_race,0.002375,0.994789,0.000019,0.002817
data\paderborn\extracted\KI01\KI01\N15_M01_F10_KI01_11.mat,inner_race,inner_race,0.006612,0.992949,0.000046,0.000393
data\paderborn\extracted\KI01\KI01\N15_M01_F10_KI01_11.mat,inner_race,inner_race,0.003680,0.995854,0.000028,0.000439
data\paderborn\extracted\KI01\KI01\N15_M01_F10_KI01_11.mat,inner_race,inner_race,0.002989,0.988573,0.000035,0.008403
data\paderborn\extracted\KI01\KI01\N15_M01_F10_KI01_11.mat,inner_race,inner_race,0.000114,0.856772,0.000157,0.142957
data\paderborn\extracted\KI01\KI01\N15_M01_F10_KI01_11.mat,inner_race,inner_race,0.000041,0.922689,0.000043,0.077227
data\paderborn\extracted\KI01\KI01\N15_M01_F10_KI01_11.mat,inner_race,inner_race,0.001244,0.966824,0.000050,0.031881
data\paderborn\extracted\KI01\KI01\N15_M01_F10_KI01_11.mat,inner_race,inner_race,0.009413,0.983739,0.000035,0.006813
data\paderborn\extracted\KI01\KI01\N15_M01_F10_KI01_11.mat,inner_race,inner_race,0.000504,0.998935,0.000025,0.000537
data\paderborn\extracted\KI01\KI01\N15_M01_F10_KI01_11.mat,inner_race,inner_race,0.000028,0.999442,0.000035,0.000495
data\paderborn\extracted\KI01\KI01\N15_M01_F10_KI01_11.mat,inner_race,inner_race,0.000039,0.992995,0.000108,0.006858
data\paderborn\extracted\KI01\KI01\N15_M01_F10_KI01_11.mat,inner_race,inner_race,0.000416,0.998355,0.000330,0.000898
data\paderborn\extracted\KI01\KI01\N15_M01_F10_KI01_11.mat,inner_race,inner_race,0.000663,0.999194,0.000050,0.000093
data\paderborn\extracted\KI01\KI01\N15_M01_F10_KI01_11.mat,inner_race,inner_race,0.006257,0.993353,0.000251,0.000140
data\paderborn\extracted\KI01\KI01\N15_M01_F10_KI01_11.mat,inner_race,inner_race,0.001498,0.997949,0.000426,0.000126
data\paderborn\extracted\KI01\KI01\N15_M01_F10_KI01_12.mat,inner_race,inner_race,0.000988,0.997710,0.000015,0.001287
data\paderborn\extracted\KI01\KI01\N15_M01_F10_KI01_12.mat,inner_race,inner_race,0.001063,0.995776,0.000038,0.003122
data\paderborn\extracted\KI01\KI01\N15_M01_F10_KI01_12.mat,inner_race,inner_race,0.000416,0.971733,0.000108,0.027742
data\paderborn\extracted\KI01\KI01\N15_M01_F10_KI01_12.mat,inner_race,inner_race,0.000334,0.962990,0.000046,0.036630
data\paderborn\extracted\KI01\KI01\N15_M01_F10_KI01_12.mat,inner_race,inner_race,0.000856,0.926032,0.000047,0.073065
data\paderborn\extracted\KI01\KI01\N15_M01_F10_KI01_12.mat,inner_race,inner_race,0.000132,0.957723,0.000062,0.042084
data\paderborn\extracted\KI01\KI01\N15_M01_F10_KI01_12.mat,inner_race,inner_race,0.000361,0.996017,0.000007,0.003614
data\paderborn\extracted\KI01\KI01\N15_M01_F10_KI01_12.mat,inner_race,inner_race,0.000215,0.999502,0.000011,0.000272
data\paderborn\extracted\KI01\KI01\N15_M01_F10_KI01_12.mat,inner_race,inner_race,0.000555,0.999321,0.000048,0.000075
data\paderborn\extracted\KI01\KI01\N15_M01_F10_KI01_12.mat,inner_race,inner_race,0.000654,0.998552,0.000311,0.000483
data\paderborn\extracted\KI01\KI01\N15_M01_F10_KI01_12.mat,inner_race,inner_race,0.006919,0.991772,0.000101,0.001208
data\paderborn\extracted\KI01\KI01\N15_M01_F10_KI01_12.mat,inner_race,inner_race,0.067400,0.932378,0.000127,0.000095
data\paderborn\extracted\KI01\KI01\N15_M01_F10_KI01_12.mat,inner_race,inner_race,0.034473,0.963599,0.001208,0.000721
data\paderborn\extracted\KI01\KI01\N15_M01_F10_KI01_12.mat,inner_race,inner_race,0.011003,0.973288,0.003380,0.012329
data\paderborn\extracted\KI01\KI01\N15_M01_F10_KI01_12.mat,inner_race,inner_race,0.000179,0.914449,0.001806,0.083566
data\paderborn\extracted\KI01\KI01\N15_M01_F10_KI01_12.mat,inner_race,inner_race,0.000056,0.998218,0.000026,0.001701
data\paderborn\extracted\KI01\KI01\N15_M01_F10_KI01_13.mat,inner_race,inner_race,0.000461,0.989060,0.000040,0.010439
data\paderborn\extracted\KI01\KI01\N15_M01_F10_KI01_13.mat,inner_race,inner_race,0.000122,0.987156,0.000047,0.012674
data\paderborn\extracted\KI01\KI01\N15_M01_F10_KI01_13.mat,inner_race,inner_race,0.002927,0.992058,0.000027,0.004989
data\paderborn\extracted\KI01\KI01\N15_M01_F10_KI01_13.mat,inner_race,inner_race,0.002344,0.996049,0.000044,0.001563
data\paderborn\extracted\KI01\KI01\N15_M01_F10_KI01_13.mat,inner_race,inner_race,0.001204,0.993223,0.000017,0.005556
data\paderborn\extracted\KI01\KI01\N15_M01_F10_KI01_13.mat,inner_race,inner_race,0.001079,0.977375,0.000016,0.021529
data\paderborn\extracted\KI01\KI01\N15_M01_F10_KI01_13.mat,inner_race,inner_race,0.000051,0.959491,0.000050,0.040408
data\paderborn\extracted\KI01\KI01\N15_M01_F10_KI01_13.mat,inner_race,inner_race,0.000111,0.999404,0.000038,0.000447
data\paderborn\extracted\KI01\KI01\N15_M01_F10_KI01_13.mat,inner_race,inner_race,0.001554,0.998310,0.000108,0.000027
data\paderborn\extracted\KI01\KI01\N15_M01_F10_KI01_13.mat,inner_race,inner_race,0.000240,0.999579,0.000084,0.000097
data\paderborn\extracted\KI01\KI01\N15_M01_F10_KI01_13.mat,inner_race,inner_race,0.000622,0.996055,0.000123,0.003201
data\paderborn\extracted\KI01\KI01\N15_M01_F10_KI01_13.mat,inner_race,inner_race,0.008777,0.952426,0.000855,0.037942
data\paderborn\extracted\KI01\KI01\N15_M01_F10_KI01_13.mat,inner_race,inner_race,0.008362,0.990925,0.000093,0.000620
data\paderborn\extracted\KI01\KI01\N15_M01_F10_KI01_13.mat,inner_race,inner_race,0.002573,0.996119,0.000407,0.000902
data\paderborn\extracted\KI01\KI01\N15_M01_F10_KI01_13.mat,inner_race,inner_race,0.002335,0.993859,0.001653,0.002152
data\paderborn\extracted\KI01\KI01\N15_M01_F10_KI01_13.mat,inner_race,inner_race,0.003121,0.988559,0.000454,0.007867
data\paderborn\extracted\KI01\KI01\N15_M01_F10_KI01_14.mat,inner_race,inner_race,0.016429,0.983073,0.000075,0.000423
data\paderborn\extracted\KI01\KI01\N15_M01_F10_KI01_14.mat,inner_race,inner_race,0.000722,0.999162,0.000076,0.000040
data\paderborn\extracted\KI01\KI01\N15_M01_F10_KI01_14.mat,inner_race,inner_race,0.000915,0.998644,0.000172,0.000269
data\paderborn\extracted\KI01\KI01\N15_M01_F10_KI01_14.mat,inner_race,inner_race,0.002313,0.991513,0.000038,0.006136
data\paderborn\extracted\KI01\KI01\N15_M01_F10_KI01_14.mat,inner_race,inner_race,0.000370,0.988911,0.000050,0.010669
data\paderborn\extracted\KI01\KI01\N15_M01_F10_KI01_14.mat,inner_race,inner_race,0.002760,0.995513,0.000014,0.001713
data\paderborn\extracted\KI01\KI01\N15_M01_F10_KI01_14.mat,inner_race,inner_race,0.055688,0.942576,0.000032,0.001704
data\paderborn\extracted\KI01\KI01\N15_M01_F10_KI01_14.mat,inner_race,inner_race,0.000174,0.995713,0.000040,0.004072
data\paderborn\extracted\KI01\KI01\N15_M01_F10_KI01_14.mat,inner_race,inner_race,0.000126,0.982974,0.000040,0.016860
data\paderborn\extracted\KI01\KI01\N15_M01_F10_KI01_14.mat,inner_race,inner_race,0.000629,0.935286,0.000069,0.064016
data\paderborn\extracted\KI01\KI01\N15_M01_F10_KI01_14.mat,inner_race,inner_race,0.000045,0.978593,0.000021,0.021341
data\paderborn\extracted\KI01\KI01\N15_M01_F10_KI01_14.mat,inner_race,inner_race,0.000655,0.995980,0.000016,0.003349
data\paderborn\extracted\KI01\KI01\N15_M01_F10_KI01_14.mat,inner_race,inner_race,0.001092,0.998545,0.000019,0.000344
data\paderborn\extracted\KI01\KI01\N15_M01_F10_KI01_14.mat,inner_race,inner_race,0.000177,0.999533,0.000071,0.000220
data\paderborn\extracted\KI01\KI01\N15_M01_F10_KI01_14.mat,inner_race,inner_race,0.001202,0.997494,0.000177,0.001126
data\paderborn\extracted\KI01\KI01\N15_M01_F10_KI01_14.mat,inner_race,inner_race,0.010679,0.988351,0.000160,0.000810
data\paderborn\extracted\KI01\KI01\N15_M01_F10_KI01_15.mat,inner_race,inner_race,0.000729,0.998821,0.000063,0.000388
data\paderborn\extracted\KI01\KI01\N15_M01_F10_KI01_15.mat,inner_race,inner_race,0.000658,0.998400,0.000120,0.000822
data\paderborn\extracted\KI01\KI01\N15_M01_F10_KI01_15.mat,inner_race,inner_race,0.000456,0.997775,0.000391,0.001379
data\paderborn\extracted\KI01\KI01\N15_M01_F10_KI01_15.mat,inner_race,inner_race,0.001085,0.996741,0.000337,0.001836
data\paderborn\extracted\KI01\KI01\N15_M01_F10_KI01_15.mat,inner_race,inner_race,0.000352,0.999437,0.000031,0.000180
data\paderborn\extracted\KI01\KI01\N15_M01_F10_KI01_15.mat,inner_race,inner_race,0.003241,0.996541,0.000043,0.000175
data\paderborn\extracted\KI01\KI01\N15_M01_F10_KI01_15.mat,inner_race,inner_race,0.001314,0.997519,0.000009,0.001158
data\paderborn\extracted\KI01\KI01\N15_M01_F10_KI01_15.mat,inner_race,inner_race,0.002544,0.994588,0.000014,0.002854
data\paderborn\extracted\KI01\KI01\N15_M01_F10_KI01_15.mat,inner_race,inner_race,0.000634,0.992500,0.000020,0.006847
data\paderborn\extracted\KI01\KI01\N15_M01_F10_KI01_15.mat,inner_race,inner_race,0.000073,0.945873,0.000048,0.054006
data\paderborn\extracted\KI01\KI01\N15_M01_F10_KI01_15.mat,inner_race,inner_race,0.004207,0.961612,0.000237,0.033944
data\paderborn\extracted\KI01\KI01\N15_M01_F10_KI01_15.mat,inner_race,inner_race,0.002332,0.992492,0.000086,0.005089
data\paderborn\extracted\KI01\KI01\N15_M01_F10_KI01_15.mat,inner_race,inner_race,0.000595,0.997129,0.000022,0.002254
data\paderborn\extracted\KI01\KI01\N15_M01_F10_KI01_15.mat,inner_race,inner_race,0.000586,0.994765,0.000042,0.004607
data\paderborn\extracted\KI01\KI01\N15_M01_F10_KI01_15.mat,inner_race,inner_race,0.000138,0.999731,0.000028,0.000103
data\paderborn\extracted\KI01\KI01\N15_M01_F10_KI01_15.mat,inner_race,inner_race,0.000146,0.999695,0.000078,0.000082
data\paderborn\extracted\KI01\KI01\N15_M01_F10_KI01_16.mat,inner_race,inner_race,0.000029,0.999481,0.000018,0.000472
data\paderborn\extracted\KI01\KI01\N15_M01_F10_KI01_16.mat,inner_race,inner_race,0.000043,0.999757,0.000035,0.000165
data\paderborn\extracted\KI01\KI01\N15_M01_F10_KI01_16.mat,inner_race,inner_race,0.001332,0.998216,0.000114,0.000338
data\paderborn\extracted\KI01\KI01\N15_M01_F10_KI01_16.mat,inner_race,inner_race,0.000774,0.999076,0.000101,0.000048
data\paderborn\extracted\KI01\KI01\N15_M01_F10_KI01_16.mat,inner_race,inner_race,0.001616,0.998275,0.000069,0.000040
data\paderborn\extracted\KI01\KI01\N15_M01_F10_KI01_16.mat,inner_race,inner_race,0.000275,0.999082,0.000150,0.000493
data\paderborn\extracted\KI01\KI01\N15_M01_F10_KI01_16.mat,inner_race,inner_race,0.000490,0.976692,0.000975,0.021843
data\paderborn\extracted\KI01\KI01\N15_M01_F10_KI01_16.mat,inner_race,inner_race,0.003259,0.991470,0.000064,0.005207
data\paderborn\extracted\KI01\KI01\N15_M01_F10_KI01_16.mat,inner_race,inner_race,0.058318,0.940906,0.000164,0.000612
data\paderborn\extracted\KI01\KI01\N15_M01_F10_KI01_16.mat,inner_race,inner_race,0.000543,0.999083,0.000117,0.000257
data\paderborn\extracted\KI01\KI01\N15_M01_F10_KI01_16.mat,inner_race,inner_race,0.007279,0.992015,0.000374,0.000332
data\paderborn\extracted\KI01\KI01\N15_M01_F10_KI01_16.mat,inner_race,inner_race,0.001313,0.998084,0.000229,0.000374
data\paderborn\extracted\KI01\KI01\N15_M01_F10_KI01_16.mat,inner_race,inner_race,0.002018,0.997361,0.000035,0.000585
data\paderborn\extracted\KI01\KI01\N15_M01_F10_KI01_16.mat,inner_race,inner_race,0.001794,0.996377,0.000065,0.001764
data\paderborn\extracted\KI01\KI01\N15_M01_F10_KI01_16.mat,inner_race,inner_race,0.023646,0.972271,0.000042,0.004041
data\paderborn\extracted\KI01\KI01\N15_M01_F10_KI01_16.mat,inner_race,inner_race,0.000167,0.983331,0.000049,0.016453
data\paderborn\extracted\KI01\KI01\N15_M01_F10_KI01_17.mat,inner_race,inner_race,0.000245,0.999604,0.000085,0.000066
data\paderborn\extracted\KI01\KI01\N15_M01_F10_KI01_17.mat,inner_race,inner_race,0.000484,0.999359,0.000047,0.000109
data\paderborn\extracted\KI01\KI01\N15_M01_F10_KI01_17.mat,inner_race,inner_race,0.011213,0.988024,0.000669,0.000094
data\paderborn\extracted\KI01\KI01\N15_M01_F10_KI01_17.mat,inner_race,inner_race,0.000509,0.999201,0.000046,0.000244
data\paderborn\extracted\KI01\KI01\N15_M01_F10_KI01_17.mat,inner_race,inner_race,0.000189,0.997616,0.000511,0.001685
data\paderborn\extracted\KI01\KI01\N15_M01_F10_KI01_17.mat,inner_race,inner_race,0.000350,0.998214,0.000162,0.001275
data\paderborn\extracted\KI01\KI01\N15_M01_F10_KI01_17.mat,inner_race,inner_race,0.001064,0.996143,0.000075,0.002719
data\paderborn\extracted\KI01\KI01\N15_M01_F10_KI01_17.mat,inner_race,inner_race,0.000389,0.999497,0.000014,0.000099
data\paderborn\extracted\KI01\KI01\N15_M01_F10_KI01_17.mat,inner_race,inner_race,0.000863,0.998870,0.000181,0.000086
data\paderborn\extracted\KI01\KI01\N15_M01_F10_KI01_17.mat,inner_race,inner_race,0.001100,0.996457,0.001528,0.000915
data\paderborn\extracted\KI01\KI01\N15_M01_F10_KI01_17.mat,inner_race,inner_race,0.001801,0.994182,0.000520,0.003497
data\paderborn\extracted\KI01\KI01\N15_M01_F10_KI01_17.mat,inner_race,inner_race,0.002968,0.996866,0.000032,0.000134
data\paderborn\extracted\KI01\KI01\N15_M01_F10_KI01_17.mat,inner_race,inner_race,0.001328,0.998387,0.000009,0.000276
data\paderborn\extracted\KI01\KI01\N15_M01_F10_KI01_17.mat,inner_race,inner_race,0.000308,0.996008,0.000011,0.003674
data\paderborn\extracted\KI01\KI01\N15_M01_F10_KI01_17.mat,inner_race,inner_race,0.000259,0.933087,0.000028,0.066626
data\paderborn\extracted\KI01\KI01\N15_M01_F10_KI01_17.mat,inner_race,inner_race,0.000104,0.748185,0.000078,0.251633
data\paderborn\extracted\KI01\KI01\N15_M01_F10_KI01_18.mat,inner_race,inner_race,0.001009,0.840781,0.000075,0.158136
data\paderborn\extracted\KI01\KI01\N15_M01_F10_KI01_18.mat,inner_race,inner_race,0.000049,0.863146,0.000045,0.136760
data\paderborn\extracted\KI01\KI01\N15_M01_F10_KI01_18.mat,inner_race,inner_race,0.000264,0.989986,0.000031,0.009719
data\paderborn\extracted\KI01\KI01\N15_M01_F10_KI01_18.mat,inner_race,inner_race,0.014342,0.985008,0.000019,0.000630
data\paderborn\extracted\KI01\KI01\N15_M01_F10_KI01_18.mat,inner_race,inner_race,0.000157,0.999208,0.000012,0.000622
data\paderborn\extracted\KI01\KI01\N15_M01_F10_KI01_18.mat,inner_race,inner_race,0.000131,0.999621,0.000205,0.000043
data\paderborn\extracted\KI01\KI01\N15_M01_F10_KI01_18.mat,inner_race,inner_race,0.000777,0.998919,0.000234,0.000070
data\paderborn\extracted\KI01\KI01\N15_M01_F10_KI01_18.mat,inner_race,inner_race,0.000408,0.998982,0.000173,0.000437
data\paderborn\extracted\KI01\KI01\N15_M01_F10_KI01_18.mat,inner_race,inner_race,0.000500,0.999381,0.000037,0.000081
data\paderborn\extracted\KI01\KI01\N15_M01_F10_KI01_18.mat,inner_race,inner_race,0.021233,0.978468,0.000098,0.000201
data\paderborn\extracted\KI01\KI01\N15_M01_F10_KI01_18.mat,inner_race,inner_race,0.000492,0.995203,0.000407,0.003898
data\paderborn\extracted\KI01\KI01\N15_M01_F10_KI01_18.mat,inner_race,inner_race,0.001528,0.968106,0.001822,0.028543
data\paderborn\extracted\KI01\KI01\N15_M01_F10_KI01_18.mat,inner_race,inner_race,0.014155,0.984000,0.000184,0.001662
data\paderborn\extracted\KI01\KI01\N15_M01_F10_KI01_18.mat,inner_race,inner_race,0.031165,0.968477,0.000242,0.000116
data\paderborn\extracted\KI01\KI01\N15_M01_F10_KI01_18.mat,inner_race,inner_race,0.000207,0.999687,0.000037,0.000069
data\paderborn\extracted\KI01\KI01\N15_M01_F10_KI01_18.mat,inner_race,inner_race,0.004521,0.994639,0.000170,0.000670
data\paderborn\extracted\KI01\KI01\N15_M01_F10_KI01_19.mat,inner_race,inner_race,0.003457,0.995769,0.000307,0.000467
data\paderborn\extracted\KI01\KI01\N15_M01_F10_KI01_19.mat,inner_race,inner_race,0.006966,0.989884,0.000747,0.002403
data\paderborn\extracted\KI01\KI01\N15_M01_F10_KI01_19.mat,inner_race,inner_race,0.030575,0.967156,0.000270,0.001999
data\paderborn\extracted\KI01\KI01\N15_M01_F10_KI01_19.mat,inner_race,inner_race,0.033021,0.966567,0.000135,0.000276
data\paderborn\extracted\KI01\KI01\N15_M01_F10_KI01_19.mat,inner_race,inner_race,0.036977,0.962489,0.000040,0.000494
data\paderborn\extracted\KI01\KI01\N15_M01_F10_KI01_19.mat,inner_race,inner_race,0.019151,0.948288,0.000103,0.032458
data\paderborn\extracted\KI01\KI01\N15_M01_F10_KI01_19.mat,inner_race,inner_race,0.000183,0.953431,0.000027,0.046359
data\paderborn\extracted\KI01\KI01\N15_M01_F10_KI01_19.mat,inner_race,inner_race,0.000752,0.590315,0.000305,0.408628
data\paderborn\extracted\KI01\KI01\N15_M01_F10_KI01_19.mat,inner_race,inner_race,0.000455,0.962039,0.000018,0.037489
data\paderborn\extracted\KI01\KI01\N15_M01_F10_KI01_19.mat,inner_race,inner_race,0.000653,0.990365,0.000020,0.008963
data\paderborn\extracted\KI01\KI01\N15_M01_F10_KI01_19.mat,inner_race,inner_race,0.000292,0.998980,0.000012,0.000716
data\paderborn\extracted\KI01\KI01\N15_M01_F10_KI01_19.mat,inner_race,inner_race,0.000252,0.998077,0.000021,0.001650
data\paderborn\extracted\KI01\KI01\N15_M01_F10_KI01_19.mat,inner_race,inner_race,0.000734,0.998649,0.000165,0.000452
data\paderborn\extracted\KI01\KI01\N15_M01_F10_KI01_19.mat,inner_race,inner_race,0.011857,0.987528,0.000351,0.000264
data\paderborn\extracted\KI01\KI01\N15_M01_F10_KI01_19.mat,inner_race,inner_race,0.020435,0.979339,0.000178,0.000048
data\paderborn\extracted\KI01\KI01\N15_M01_F10_KI01_19.mat,inner_race,inner_race,0.001685,0.997855,0.000360,0.000100
data\paderborn\extracted\KI01\KI01\N15_M01_F10_KI01_2.mat,inner_race,inner_race,0.000030,0.957516,0.000085,0.042369
data\paderborn\extracted\KI01\KI01\N15_M01_F10_KI01_2.mat,inner_race,inner_race,0.000847,0.996807,0.000005,0.002341
data\paderborn\extracted\KI01\KI01\N15_M01_F10_KI01_2.mat,inner_race,inner_race,0.141303,0.857223,0.000025,0.001449
data\paderborn\extracted\KI01\KI01\N15_M01_F10_KI01_2.mat,inner_race,inner_race,0.000180,0.997822,0.000049,0.001949
data\paderborn\extracted\KI01\KI01\N15_M01_F10_KI01_2.mat,inner_race,inner_race,0.000040,0.996168,0.000038,0.003754
data\paderborn\extracted\KI01\KI01\N15_M01_F10_KI01_2.mat,inner_race,inner_race,0.000350,0.999041,0.000370,0.000239
data\paderborn\extracted\KI01\KI01\N15_M01_F10_KI01_2.mat,inner_race,inner_race,0.000542,0.999223,0.000154,0.000081
data\paderborn\extracted\KI01\KI01\N15_M01_F10_KI01_2.mat,inner_race,inner_race,0.001461,0.998282,0.000241,0.000016
data\paderborn\extracted\KI01\KI01\N15_M01_F10_KI01_2.mat,inner_race,inner_race,0.003648,0.996111,0.000209,0.000032
data\paderborn\extracted\KI01\KI01\N15_M01_F10_KI01_2.mat,inner_race,inner_race,0.001529,0.997220,0.000875,0.000376
data\paderborn\extracted\KI01\KI01\N15_M01_F10_KI01_2.mat,inner_race,inner_race,0.000622,0.934482,0.002285,0.062611
data\paderborn\extracted\KI01\KI01\N15_M01_F10_KI01_2.mat,inner_race,inner_race,0.005883,0.993241,0.000063,0.000813
data\paderborn\extracted\KI01\KI01\N15_M01_F10_KI01_2.mat,inner_race,inner_race,0.000351,0.999467,0.000025,0.000157
data\paderborn\extracted\KI01\KI01\N15_M01_F10_KI01_2.mat,inner_race,inner_race,0.000990,0.998806,0.000142,0.000062
data\paderborn\extracted\KI01\KI01\N15_M01_F10_KI01_2.mat,inner_race,inner_race,0.002773,0.994720,0.000305,0.002202
data\paderborn\extracted\KI01\KI01\N15_M01_F10_KI01_2.mat,inner_race,inner_race,0.004459,0.970504,0.000223,0.024814
data\paderborn\extracted\KI01\KI01\N15_M01_F10_KI01_20.mat,inner_race,inner_race,0.000523,0.998224,0.000168,0.001085
data\paderborn\extracted\KI01\KI01\N15_M01_F10_KI01_20.mat,inner_race,inner_race,0.004748,0.994617,0.000054,0.000581
data\paderborn\extracted\KI01\KI01\N15_M01_F10_KI01_20.mat,inner_race,inner_race,0.014384,0.985384,0.000062,0.000170
data\paderborn\extracted\KI01\KI01\N15_M01_F10_KI01_20.mat,inner_race,inner_race,0.000423,0.998232,0.000240,0.001105
data\paderborn\extracted\KI01\KI01\N15_M01_F10_KI01_20.mat,inner_race,inner_race,0.002075,0.968648,0.000864,0.028413
data\paderborn\extracted\KI01\KI01\N15_M01_F10_KI01_20.mat,inner_race,inner_race,0.000982,0.986220,0.000798,0.011999
data\paderborn\extracted\KI01\KI01\N15_M01_F10_KI01_20.mat,inner_race,inner_race,0.000726,0.998899,0.000027,0.000349
data\paderborn\extracted\KI01\KI01\N15_M01_F10_KI01_20.mat,inner_race,inner_race,0.002943,0.996763,0.000018,0.000275
data\paderborn\extracted\KI01\KI01\N15_M01_F10_KI01_20.mat,inner_race,inner_race,0.012054,0.985175,0.000073,0.002697
data\paderborn\extracted\KI01\KI01\N15_M01_F10_KI01_20.mat,inner_race,inner_race,0.002451,0.981055,0.000051,0.016443
data\paderborn\extracted\KI01\KI01\N15_M01_F10_KI01_20.mat,inner_race,inner_race,0.000051,0.911538,0.000062,0.088349
data\paderborn\extracted\KI01\KI01\N15_M01_F10_KI01_20.mat,inner_race,inner_race,0.000164,0.958197,0.000015,0.041623
data\paderborn\extracted\KI01\KI01\N15_M01_F10_KI01_20.mat,inner_race,inner_race,0.034736,0.919851,0.000382,0.045031
data\paderborn\extracted\KI01\KI01\N15_M01_F10_KI01_20.mat,inner_race,inner_race,0.000570,0.997661,0.000044,0.001724
data\paderborn\extracted\KI01\KI01\N15_M01_F10_KI01_20.mat,inner_race,inner_race,0.000034,0.999775,0.000006,0.000185
data\paderborn\extracted\KI01\KI01\N15_M01_F10_KI01_20.mat,inner_race,inner_race,0.000279,0.997351,0.000204,0.002165
data\paderborn\extracted\KI01\KI01\N15_M01_F10_KI01_3.mat,inner_race,inner_race,0.001463,0.998136,0.000035,0.000366
data\paderborn\extracted\KI01\KI01\N15_M01_F10_KI01_3.mat,inner_race,inner_race,0.001725,0.997904,0.000096,0.000275
data\paderborn\extracted\KI01\KI01\N15_M01_F10_KI01_3.mat,inner_race,inner_race,0.000536,0.995940,0.000217,0.003307
data\paderborn\extracted\KI01\KI01\N15_M01_F10_KI01_3.mat,inner_race,inner_race,0.000548,0.997274,0.000083,0.002094
data\paderborn\extracted\KI01\KI01\N15_M01_F10_KI01_3.mat,inner_race,inner_race,0.000737,0.998220,0.000020,0.001023
data\paderborn\extracted\KI01\KI01\N15_M01_F10_KI01_3.mat,inner_race,inner_race,0.134809,0.856716,0.000267,0.008208
data\paderborn\extracted\KI01\KI01\N15_M01_F10_KI01_3.mat,inner_race,inner_race,0.004372,0.990998,0.000010,0.004620
data\paderborn\extracted\KI01\KI01\N15_M01_F10_KI01_3.mat,inner_race,inner_race,0.000265,0.989786,0.000016,0.009933
data\paderborn\extracted\KI01\KI01\N15_M01_F10_KI01_3.mat,inner_race,inner_race,0.000029,0.954083,0.000135,0.045754
data\paderborn\extracted\KI01\KI01\N15_M01_F10_KI01_3.mat,inner_race,inner_race,0.000089,0.838288,0.000051,0.161572
data\paderborn\extracted\KI01\KI01\N15_M01_F10_KI01_3.mat,inner_race,inner_race,0.000280,0.993496,0.000051,0.006173
data\paderborn\extracted\KI01\KI01\N15_M01_F10_KI01_3.mat,inner_race,inner_race,0.000256,0.999347,0.000025,0.000371
data\paderborn\extracted\KI01\KI01\N15_M01_F10_KI01_3.mat,inner_race,inner_race,0.000138,0.999529,0.000066,0.000267
data\paderborn\extracted\KI01\KI01\N15_M01_F10_KI01_3.mat,inner_race,inner_race,0.000708,0.998942,0.000280,0.000071
data\paderborn\extracted\KI01\KI01\N15_M01_F10_KI01_3.mat,inner_race,inner_race,0.006986,0.991681,0.001213,0.000120
data\paderborn\extracted\KI01\KI01\N15_M01_F10_KI01_3.mat,inner_race,inner_race,0.014189,0.984047,0.001664,0.000100
data\paderborn\extracted\KI01\KI01\N15_M01_F10_KI01_4.mat,inner_race,inner_race,0.000431,0.996099,0.002542,0.000928
data\paderborn\extracted\KI01\KI01\N15_M01_F10_KI01_4.mat,inner_race,inner_race,0.007509,0.987339,0.001462,0.003691
data\paderborn\extracted\KI01\KI01\N15_M01_F10_KI01_4.mat,inner_race,inner_race,0.032326,0.893350,0.004936,0.069387
data\paderborn\extracted\KI01\KI01\N15_M01_F10_KI01_4.mat,inner_race,inner_race,0.002905,0.996945,0.000040,0.000110
data\paderborn\extracted\KI01\KI01\N15_M01_F10_KI01_4.mat,inner_race,inner_race,0.001935,0.996710,0.000596,0.000759
data\paderborn\extracted\KI01\KI01\N15_M01_F10_KI01_4.mat,inner_race,inner_race,0.003668,0.986790,0.000109,0.009432
data\paderborn\extracted\KI01\KI01\N15_M01_F10_KI01_4.mat,inner_race,inner_race,0.001799,0.997338,0.000038,0.000824
data\paderborn\extracted\KI01\KI01\N15_M01_F10_KI01_4.mat,inner_race,inner_race,0.000415,0.998072,0.000030,0.001483
data\paderborn\extracted\KI01\KI01\N15_M01_F10_KI01_4.mat,inner_race,inner_race,0.000310,0.997852,0.000009,0.001829
data\paderborn\extracted\KI01\KI01\N15_M01_F10_KI01_4.mat,inner_race,inner_race,0.000174,0.988144,0.000015,0.011667
data\paderborn\extracted\KI01\KI01\N15_M01_F10_KI01_4.mat,inner_race,inner_race,0.000114,0.873368,0.000053,0.126466
data\paderborn\extracted\KI01\KI01\N15_M01_F10_KI01_4.mat,inner_race,inner_race,0.000171,0.862945,0.000169,0.136715
data\paderborn\extracted\KI01\KI01\N15_M01_F10_KI01_4.mat,inner_race,inner_race,0.000031,0.886960,0.000071,0.112938
data\paderborn\extracted\KI01\KI01\N15_M01_F10_KI01_4.mat,inner_race,inner_race,0.003311,0.991287,0.000062,0.005340
data\paderborn\extracted\KI01\KI01\N15_M01_F10_KI01_4.mat,inner_race,inner_race,0.001311,0.998611,0.000018,0.000060
data\paderborn\extracted\KI01\KI01\N15_M01_F10_KI01_4.mat,inner_race,inner_race,0.000478,0.999111,0.000283,0.000129
data\paderborn\extracted\KI01\KI01\N15_M01_F10_KI01_5.mat,inner_race,inner_race,0.001280,0.997563,0.000236,0.000921
data\paderborn\extracted\KI01\KI01\N15_M01_F10_KI01_5.mat,inner_race,inner_race,0.007267,0.991439,0.000151,0.001142
data\paderborn\extracted\KI01\KI01\N15_M01_F10_KI01_5.mat,inner_race,inner_race,0.012610,0.986546,0.000415,0.000429
data\paderborn\extracted\KI01\KI01\N15_M01_F10_KI01_5.mat,inner_race,inner_race,0.001980,0.995561,0.001397,0.001062
data\paderborn\extracted\KI01\KI01\N15_M01_F10_KI01_5.mat,inner_race,inner_race,0.001040,0.997445,0.000421,0.001094
data\paderborn\extracted\KI01\KI01\N15_M01_F10_KI01_5.mat,inner_race,inner_race,0.001102,0.998089,0.000343,0.000466
data\paderborn\extracted\KI01\KI01\N15_M01_F10_KI01_5.mat,inner_race,inner_race,0.001488,0.998256,0.000060,0.000195
data\paderborn\extracted\KI01\KI01\N15_M01_F10_KI01_5.mat,inner_race,inner_race,0.002524,0.996916,0.000169,0.000391
data\paderborn\extracted\KI01\KI01\N15_M01_F10_KI01_5.mat,inner_race,inner_race,0.000793,0.997914,0.000039,0.001254
data\paderborn\extracted\KI01\KI01\N15_M01_F10_KI01_5.mat,inner_race,inner_race,0.000103,0.993983,0.000059,0.005855
data\paderborn\extracted\KI01\KI01\N15_M01_F10_KI01_5.mat,inner_race,inner_race,0.000126,0.825219,0.000252,0.174403
data\paderborn\extracted\KI01\KI01\N15_M01_F10_KI01_5.mat,inner_race,inner_race,0.000383,0.979363,0.000026,0.020228
data\paderborn\extracted\KI01\KI01\N15_M01_F10_KI01_5.mat,inner_race,inner_race,0.008098,0.983429,0.000024,0.008449
data\paderborn\extracted\KI01\KI01\N15_M01_F10_KI01_5.mat,inner_race,inner_race,0.001387,0.994606,0.000011,0.003996
data\paderborn\extracted\KI01\KI01\N15_M01_F10_KI01_5.mat,inner_race,inner_race,0.000128,0.987619,0.000031,0.012223
data\paderborn\extracted\KI01\KI01\N15_M01_F10_KI01_5.mat,inner_race,inner_race,0.000045,0.849426,0.000172,0.150357
data\paderborn\extracted\KI01\KI01\N15_M01_F10_KI01_6.mat,inner_race,inner_race,0.000938,0.960614,0.000059,0.038389
data\paderborn\extracted\KI01\KI01\N15_M01_F10_KI01_6.mat,inner_race,inner_race,0.000058,0.861931,0.000060,0.137950
data\paderborn\extracted\KI01\KI01\N15_M01_F10_KI01_6.mat,inner_race,inner_race,0.002003,0.806076,0.000148,0.191773
data\paderborn\extracted\KI01\KI01\N15_M01_F10_KI01_6.mat,inner_race,inner_race,0.006201,0.984236,0.000038,0.009525
data\paderborn\extracted\KI01\KI01\N15_M01_F10_KI01_6.mat,inner_race,inner_race,0.000102,0.996235,0.000041,0.003622
data\paderborn\extracted\KI01\KI01\N15_M01_F10_KI01_6.mat,inner_race,inner_race,0.000265,0.997891,0.000018,0.001827
data\paderborn\extracted\KI01\KI01\N15_M01_F10_KI01_6.mat,inner_race,inner_race,0.000222,0.999161,0.000033,0.000583
data\paderborn\extracted\KI01\KI01\N15_M01_F10_KI01_6.mat,inner_race,inner_race,0.000511,0.999268,0.000096,0.000125
data\paderborn\extracted\KI01\KI01\N15_M01_F10_KI01_6.mat,inner_race,inner_race,0.001019,0.998552,0.000368,0.000061
data\paderborn\extracted\KI01\KI01\N15_M01_F10_KI01_6.mat,inner_race,inner_race,0.001075,0.998580,0.000291,0.000054
data\paderborn\extracted\KI01\KI01\N15_M01_F10_KI01_6.mat,inner_race,inner_race,0.000598,0.998392,0.000542,0.000468
data\paderborn\extracted\KI01\KI01\N15_M01_F10_KI01_6.mat,inner_race,inner_race,0.008570,0.977768,0.000432,0.013230
data\paderborn\extracted\KI01\KI01\N15_M01_F10_KI01_6.mat,inner_race,inner_race,0.140310,0.858688,0.000273,0.000728
data\paderborn\extracted\KI01\KI01\N15_M01_F10_KI01_6.mat,inner_race,inner_race,0.000812,0.997190,0.000123,0.001875
data\paderborn\extracted\KI01\KI01\N15_M01_F10_KI01_6.mat,inner_race,inner_race,0.000395,0.996780,0.000109,0.002716
data\paderborn\extracted\KI01\KI01\N15_M01_F10_KI01_6.mat,inner_race,inner_race,0.000587,0.998447,0.000384,0.000583
data\paderborn\extracted\KI01\KI01\N15_M01_F10_KI01_7.mat,inner_race,inner_race,0.000123,0.978611,0.000025,0.021242
data\paderborn\extracted\KI01\KI01\N15_M01_F10_KI01_7.mat,inner_race,inner_race,0.000136,0.983606,0.000073,0.016186
data\paderborn\extracted\KI01\KI01\N15_M01_F10_KI01_7.mat,inner_race,inner_race,0.000988,0.991060,0.000022,0.007931
data\paderborn\extracted\KI01\KI01\N15_M01_F10_KI01_7.mat,inner_race,inner_race,0.003900,0.987561,0.000042,0.008497
data\paderborn\extracted\KI01\KI01\N15_M01_F10_KI01_7.mat,inner_race,inner_race,0.012903,0.986798,0.000031,0.000268
data\paderborn\extracted\KI01\KI01\N15_M01_F10_KI01_7.mat,inner_race,inner_race,0.002021,0.997918,0.000041,0.000020
data\paderborn\extracted\KI01\KI01\N15_M01_F10_KI01_7.mat,inner_race,inner_race,0.004206,0.994897,0.000826,0.000071
data\paderborn\extracted\KI01\KI01\N15_M01_F10_KI01_7.mat,inner_race,inner_race,0.000616,0.994328,0.000510,0.004546
data\paderborn\extracted\KI01\KI01\N15_M01_F10_KI01_7.mat,inner_race,inner_race,0.000528,0.996889,0.000102,0.002481
data\paderborn\extracted\KI01\KI01\N15_M01_F10_KI01_7.mat,inner_race,inner_race,0.002653,0.996994,0.000142,0.000210
data\paderborn\extracted\KI01\KI01\N15_M01_F10_KI01_7.mat,inner_race,inner_race,0.000283,0.999167,0.000120,0.000429
data\paderborn\extracted\KI01\KI01\N15_M01_F10_KI01_7.mat,inner_race,inner_race,0.000444,0.990463,0.000166,0.008927
data\paderborn\extracted\KI01\KI01\N15_M01_F10_KI01_7.mat,inner_race,inner_race,0.001212,0.996651,0.000332,0.001805
data\paderborn\extracted\KI01\KI01\N15_M01_F10_KI01_7.mat,inner_race,inner_race,0.051725,0.947588,0.000356,0.000331
data\paderborn\extracted\KI01\KI01\N15_M01_F10_KI01_7.mat,inner_race,inner_race,0.012812,0.986718,0.000378,0.000091
data\paderborn\extracted\KI01\KI01\N15_M01_F10_KI01_7.mat,inner_race,inner_race,0.079292,0.919272,0.000459,0.000977
data\paderborn\extracted\KI01\KI01\N15_M01_F10_KI01_8.mat,inner_race,inner_race,0.000370,0.999123,0.000371,0.000136
data\paderborn\extracted\KI01\KI01\N15_M01_F10_KI01_8.mat,inner_race,inner_race,0.001246,0.994055,0.000236,0.004463
data\paderborn\extracted\KI01\KI01\N15_M01_F10_KI01_8.mat,inner_race,inner_race,0.037461,0.962237,0.000056,0.000245
data\paderborn\extracted\KI01\KI01\N15_M01_F10_KI01_8.mat,inner_race,inner_race,0.007020,0.992620,0.000096,0.000263
data\paderborn\extracted\KI01\KI01\N15_M01_F10_KI01_8.mat,inner_race,inner_race,0.003819,0.989483,0.001567,0.005131
data\paderborn\extracted\KI01\KI01\N15_M01_F10_KI01_8.mat,inner_race,inner_race,0.000267,0.994678,0.000292,0.004763
data\paderborn\extracted\KI01\KI01\N15_M01_F10_KI01_8.mat,inner_race,inner_race,0.001915,0.989310,0.000165,0.008610
data\paderborn\extracted\KI01\KI01\N15_M01_F10_KI01_8.mat,inner_race,inner_race,0.000450,0.998658,0.000077,0.000814
data\paderborn\extracted\KI01\KI01\N15_M01_F10_KI01_8.mat,inner_race,inner_race,0.002368,0.996541,0.000176,0.000915
data\paderborn\extracted\KI01\KI01\N15_M01_F10_KI01_8.mat,inner_race,inner_race,0.001384,0.997998,0.000027,0.000591
data\paderborn\extracted\KI01\KI01\N15_M01_F10_KI01_8.mat,inner_race,inner_race,0.002402,0.995701,0.000031,0.001865
data\paderborn\extracted\KI01\KI01\N15_M01_F10_KI01_8.mat,inner_race,inner_race,0.000669,0.995758,0.000019,0.003555
data\paderborn\extracted\KI01\KI01\N15_M01_F10_KI01_8.mat,inner_race,inner_race,0.001153,0.991944,0.000016,0.006887
data\paderborn\extracted\KI01\KI01\N15_M01_F10_KI01_8.mat,inner_race,inner_race,0.001450,0.992516,0.000029,0.006005
data\paderborn\extracted\KI01\KI01\N15_M01_F10_KI01_8.mat,inner_race,inner_race,0.000224,0.986021,0.000070,0.013685
data\paderborn\extracted\KI01\KI01\N15_M01_F10_KI01_8.mat,inner_race,inner_race,0.000094,0.946271,0.000064,0.053570
data\paderborn\extracted\KI01\KI01\N15_M01_F10_KI01_9.mat,inner_race,inner_race,0.001736,0.997761,0.000313,0.000190
data\paderborn\extracted\KI01\KI01\N15_M01_F10_KI01_9.mat,inner_race,inner_race,0.002025,0.997619,0.000337,0.000019
data\paderborn\extracted\KI01\KI01\N15_M01_F10_KI01_9.mat,inner_race,inner_race,0.000251,0.999285,0.000267,0.000198
data\paderborn\extracted\KI01\KI01\N15_M01_F10_KI01_9.mat,inner_race,inner_race,0.000499,0.993306,0.000273,0.005923
data\paderborn\extracted\KI01\KI01\N15_M01_F10_KI01_9.mat,inner_race,inner_race,0.000169,0.995587,0.000259,0.003986
data\paderborn\extracted\KI01\KI01\N15_M01_F10_KI01_9.mat,inner_race,inner_race,0.001188,0.998188,0.000141,0.000483
data\paderborn\extracted\KI01\KI01\N15_M01_F10_KI01_9.mat,inner_race,inner_race,0.000806,0.998882,0.000213,0.000099
data\paderborn\extracted\KI01\KI01\N15_M01_F10_KI01_9.mat,inner_race,inner_race,0.000599,0.999150,0.000099,0.000152
data\paderborn\extracted\KI01\KI01\N15_M01_F10_KI01_9.mat,inner_race,inner_race,0.000599,0.998079,0.000176,0.001146
data\paderborn\extracted\KI01\KI01\N15_M01_F10_KI01_9.mat,inner_race,inner_race,0.003491,0.981722,0.000129,0.014658
data\paderborn\extracted\KI01\KI01\N15_M01_F10_KI01_9.mat,inner_race,inner_race,0.001004,0.998124,0.000035,0.000837
data\paderborn\extracted\KI01\KI01\N15_M01_F10_KI01_9.mat,inner_race,inner_race,0.086721,0.911617,0.000170,0.001492
data\paderborn\extracted\KI01\KI01\N15_M01_F10_KI01_9.mat,inner_race,inner_race,0.059430,0.902629,0.000237,0.037705
data\paderborn\extracted\KI01\KI01\N15_M01_F10_KI01_9.mat,inner_race,inner_race,0.002499,0.983834,0.000043,0.013624
data\paderborn\extracted\KI01\KI01\N15_M01_F10_KI01_9.mat,inner_race,inner_race,0.000031,0.773692,0.000273,0.226005
data\paderborn\extracted\KI01\KI01\N15_M01_F10_KI01_9.mat,inner_race,inner_race,0.000227,0.923417,0.000036,0.076321
data\paderborn\extracted\KI01\KI01\N15_M07_F04_KI01_1.mat,inner_race,inner_race,0.000503,0.975546,0.000014,0.023937
data\paderborn\extracted\KI01\KI01\N15_M07_F04_KI01_1.mat,inner_race,inner_race,0.002877,0.991959,0.000029,0.005135
data\paderborn\extracted\KI01\KI01\N15_M07_F04_KI01_1.mat,inner_race,inner_race,0.021976,0.975993,0.000016,0.002015
data\paderborn\extracted\KI01\KI01\N15_M07_F04_KI01_1.mat,inner_race,inner_race,0.092806,0.905376,0.000027,0.001791
data\paderborn\extracted\KI01\KI01\N15_M07_F04_KI01_1.mat,inner_race,inner_race,0.001124,0.996915,0.000011,0.001951
data\paderborn\extracted\KI01\KI01\N15_M07_F04_KI01_1.mat,inner_race,inner_race,0.000160,0.998946,0.000006,0.000889
data\paderborn\extracted\KI01\KI01\N15_M07_F04_KI01_1.mat,inner_race,inner_race,0.000286,0.998298,0.000022,0.001394
data\paderborn\extracted\KI01\KI01\N15_M07_F04_KI01_1.mat,inner_race,inner_race,0.000293,0.998343,0.000004,0.001360
data\paderborn\extracted\KI01\KI01\N15_M07_F04_KI01_1.mat,inner_race,inner_race,0.000580,0.998602,0.000006,0.000812
data\paderborn\extracted\KI01\KI01\N15_M07_F04_KI01_1.mat,inner_race,inner_race,0.000115,0.999720,0.000004,0.000161
data\paderborn\extracted\KI01\KI01\N15_M07_F04_KI01_1.mat,inner_race,inner_race,0.000259,0.997418,0.000264,0.002059
data\paderborn\extracted\KI01\KI01\N15_M07_F04_KI01_1.mat,inner_race,inner_race,0.000139,0.998938,0.000431,0.000491
data\paderborn\extracted\KI01\KI01\N15_M07_F04_KI01_1.mat,inner_race,inner_race,0.000443,0.999412,0.000017,0.000129
data\paderborn\extracted\KI01\KI01\N15_M07_F04_KI01_1.mat,inner_race,inner_race,0.021142,0.978641,0.000082,0.000134
data\paderborn\extracted\KI01\KI01\N15_M07_F04_KI01_1.mat,inner_race,inner_race,0.004726,0.992502,0.002653,0.000119
data\paderborn\extracted\KI01\KI01\N15_M07_F04_KI01_1.mat,inner_race,inner_race,0.000606,0.998856,0.000287,0.000252
data\paderborn\extracted\KI01\KI01\N15_M07_F04_KI01_10.mat,inner_race,inner_race,0.000430,0.968425,0.000048,0.031097
data\paderborn\extracted\KI01\KI01\N15_M07_F04_KI01_10.mat,inner_race,inner_race,0.141852,0.857746,0.000023,0.000378
data\paderborn\extracted\KI01\KI01\N15_M07_F04_KI01_10.mat,inner_race,inner_race,0.017455,0.982095,0.000019,0.000431
data\paderborn\extracted\KI01\KI01\N15_M07_F04_KI01_10.mat,inner_race,inner_race,0.007834,0.989533,0.000020,0.002613
data\paderborn\extracted\KI01\KI01\N15_M07_F04_KI01_10.mat,inner_race,inner_race,0.001045,0.985236,0.000035,0.013683
data\paderborn\extracted\KI01\KI01\N15_M07_F04_KI01_10.mat,inner_race,inner_race,0.000243,0.974035,0.000058,0.025663
data\paderborn\extracted\KI01\KI01\N15_M07_F04_KI01_10.mat,inner_race,inner_race,0.000522,0.996767,0.000006,0.002705
data\paderborn\extracted\KI01\KI01\N15_M07_F04_KI01_10.mat,inner_race,inner_race,0.000539,0.997586,0.000004,0.001871
data\paderborn\extracted\KI01\KI01\N15_M07_F04_KI01_10.mat,inner_race,inner_race,0.000878,0.997616,0.000005,0.001502
data\paderborn\extracted\KI01\KI01\N15_M07_F04_KI01_10.mat,inner_race,inner_race,0.000312,0.993419,0.000012,0.006257
data\paderborn\extracted\KI01\KI01\N15_M07_F04_KI01_10.mat,inner_race,inner_race,0.000520,0.972783,0.000067,0.026630
data\paderborn\extracted\KI01\KI01\N15_M07_F04_KI01_10.mat,inner_race,inner_race,0.000699,0.996194,0.000056,0.003051
data\paderborn\extracted\KI01\KI01\N15_M07_F04_KI01_10.mat,inner_race,inner_race,0.003455,0.996308,0.000080,0.000157
data\paderborn\extracted\KI01\KI01\N15_M07_F04_KI01_10.mat,inner_race,inner_race,0.000543,0.999170,0.000106,0.000181
data\paderborn\extracted\KI01\KI01\N15_M07_F04_KI01_10.mat,inner_race,inner_race,0.000917,0.996780,0.000269,0.002034
data\paderborn\extracted\KI01\KI01\N15_M07_F04_KI01_10.mat,inner_race,inner_race,0.000340,0.997179,0.000333,0.002148
data\paderborn\extracted\KI01\KI01\N15_M07_F04_KI01_11.mat,inner_race,inner_race,0.094984,0.903729,0.000018,0.001269
data\paderborn\extracted\KI01\KI01\N15_M07_F04_KI01_11.mat,inner_race,inner_race,0.000289,0.998417,0.000011,0.001283
data\paderborn\extracted\KI01\KI01\N15_M07_F04_KI01_11.mat,inner_race,inner_race,0.000050,0.998272,0.000011,0.001667
data\paderborn\extracted\KI01\KI01\N15_M07_F04_KI01_11.mat,inner_race,inner_race,0.000460,0.998584,0.000046,0.000910
data\paderborn\extracted\KI01\KI01\N15_M07_F04_KI01_11.mat,inner_race,inner_race,0.002615,0.996865,0.000044,0.000476
data\paderborn\extracted\KI01\KI01\N15_M07_F04_KI01_11.mat,inner_race,inner_race,0.001246,0.998659,0.000043,0.000052
data\paderborn\extracted\KI01\KI01\N15_M07_F04_KI01_11.mat,inner_race,inner_race,0.000439,0.999112,0.000102,0.000347
data\paderborn\extracted\KI01\KI01\N15_M07_F04_KI01_11.mat,inner_race,inner_race,0.000171,0.990785,0.000028,0.009017
data\paderborn\extracted\KI01\KI01\N15_M07_F04_KI01_11.mat,inner_race,inner_race,0.003810,0.975288,0.000393,0.020509
data\paderborn\extracted\KI01\KI01\N15_M07_F04_KI01_11.mat,inner_race,inner_race,0.004871,0.994636,0.000033,0.000461
data\paderborn\extracted\KI01\KI01\N15_M07_F04_KI01_11.mat,inner_race,inner_race,0.001058,0.998787,0.000053,0.000102
data\paderborn\extracted\KI01\KI01\N15_M07_F04_KI01_11.mat,inner_race,inner_race,0.000112,0.998997,0.000355,0.000536
data\paderborn\extracted\KI01\KI01\N15_M07_F04_KI01_11.mat,inner_race,inner_race,0.000099,0.995102,0.000044,0.004755
data\paderborn\extracted\KI01\KI01\N15_M07_F04_KI01_11.mat,inner_race,inner_race,0.000860,0.993988,0.000094,0.005058
data\paderborn\extracted\KI01\KI01\N15_M07_F04_KI01_11.mat,inner_race,inner_race,0.001780,0.997361,0.000064,0.000796
data\paderborn\extracted\KI01\KI01\N15_M07_F04_KI01_11.mat,inner_race,inner_race,0.000192,0.989489,0.000030,0.010289
data\paderborn\extracted\KI01\KI01\N15_M07_F04_KI01_12.mat,inner_race,inner_race,0.021589,0.977429,0.000024,0.000959
data\paderborn\extracted\KI01\KI01\N15_M07_F04_KI01_12.mat,inner_race,inner_race,0.000037,0.995822,0.000019,0.004122
data\paderborn\extracted\KI01\KI01\N15_M07_F04_KI01_12.mat,inner_race,inner_race,0.000281,0.989723,0.000060,0.009937
data\paderborn\extracted\KI01\KI01\N15_M07_F04_KI01_12.mat,inner_race,inner_race,0.006849,0.989621,0.000043,0.003487
data\paderborn\extracted\KI01\KI01\N15_M07_F04_KI01_12.mat,inner_race,inner_race,0.281258,0.716766,0.000145,0.001830
data\paderborn\extracted\KI01\KI01\N15_M07_F04_KI01_12.mat,inner_race,inner_race,0.001498,0.996429,0.000008,0.002064
data\paderborn\extracted\KI01\KI01\N15_M07_F04_KI01_12.mat,inner_race,inner_race,0.006280,0.981571,0.000098,0.012051
data\paderborn\extracted\KI01\KI01\N15_M07_F04_KI01_12.mat,inner_race,inner_race,0.000524,0.997731,0.000037,0.001708
data\paderborn\extracted\KI01\KI01\N15_M07_F04_KI01_12.mat,inner_race,inner_race,0.000176,0.998935,0.000009,0.000880
data\paderborn\extracted\KI01\KI01\N15_M07_F04_KI01_12.mat,inner_race,inner_race,0.000950,0.994472,0.000008,0.004570
data\paderborn\extracted\KI01\KI01\N15_M07_F04_KI01_12.mat,inner_race,inner_race,0.000282,0.998030,0.000014,0.001674
data\paderborn\extracted\KI01\KI01\N15_M07_F04_KI01_12.mat,inner_race,inner_race,0.001774,0.997858,0.000044,0.000324
data\paderborn\extracted\KI01\KI01\N15_M07_F04_KI01_12.mat,inner_race,inner_race,0.001418,0.996670,0.000137,0.001774
data\paderborn\extracted\KI01\KI01\N15_M07_F04_KI01_12.mat,inner_race,inner_race,0.000191,0.949410,0.000364,0.050035
data\paderborn\extracted\KI01\KI01\N15_M07_F04_KI01_12.mat,inner_race,inner_race,0.001948,0.991345,0.000780,0.005926
data\paderborn\extracted\KI01\KI01\N15_M07_F04_KI01_12.mat,inner_race,inner_race,0.013678,0.986211,0.000012,0.000099
data\paderborn\extracted\KI01\KI01\N15_M07_F04_KI01_13.mat,inner_race,inner_race,0.000685,0.992997,0.000012,0.006306
data\paderborn\extracted\KI01\KI01\N15_M07_F04_KI01_13.mat,inner_race,inner_race,0.000186,0.999094,0.000004,0.000715
data\paderborn\extracted\KI01\KI01\N15_M07_F04_KI01_13.mat,inner_race,inner_race,0.000540,0.999307,0.000010,0.000143
data\paderborn\extracted\KI01\KI01\N15_M07_F04_KI01_13.mat,inner_race,inner_race,0.000514,0.997593,0.000233,0.001660
data\paderborn\extracted\KI01\KI01\N15_M07_F04_KI01_13.mat,inner_race,inner_race,0.000230,0.874356,0.001215,0.124198
data\paderborn\extracted\KI01\KI01\N15_M07_F04_KI01_13.mat,inner_race,inner_race,0.003039,0.996540,0.000061,0.000360
data\paderborn\extracted\KI01\KI01\N15_M07_F04_KI01_13.mat,inner_race,inner_race,0.002269,0.997632,0.000026,0.000073
data\paderborn\extracted\KI01\KI01\N15_M07_F04_KI01_13.mat,inner_race,inner_race,0.000709,0.998291,0.000018,0.000982
data\paderborn\extracted\KI01\KI01\N15_M07_F04_KI01_13.mat,inner_race,inner_race,0.000302,0.993596,0.000480,0.005622
data\paderborn\extracted\KI01\KI01\N15_M07_F04_KI01_13.mat,inner_race,inner_race,0.000268,0.991191,0.000120,0.008421
data\paderborn\extracted\KI01\KI01\N15_M07_F04_KI01_13.mat,inner_race,inner_race,0.000076,0.999079,0.000019,0.000827
data\paderborn\extracted\KI01\KI01\N15_M07_F04_KI01_13.mat,inner_race,inner_race,0.000250,0.999153,0.000030,0.000567
data\paderborn\extracted\KI01\KI01\N15_M07_F04_KI01_13.mat,inner_race,inner_race,0.000664,0.995746,0.000190,0.003400
data\paderborn\extracted\KI01\KI01\N15_M07_F04_KI01_13.mat,inner_race,inner_race,0.000207,0.988624,0.000039,0.011130
data\paderborn\extracted\KI01\KI01\N15_M07_F04_KI01_13.mat,inner_race,inner_race,0.001463,0.975121,0.000042,0.023374
data\paderborn\extracted\KI01\KI01\N15_M07_F04_KI01_13.mat,inner_race,inner_race,0.035747,0.963438,0.000014,0.000801
data\paderborn\extracted\KI01\KI01\N15_M07_F04_KI01_14.mat,inner_race,inner_race,0.015346,0.970984,0.000050,0.013620
data\paderborn\extracted\KI01\KI01\N15_M07_F04_KI01_14.mat,inner_race,inner_race,0.008971,0.985787,0.000031,0.005210
data\paderborn\extracted\KI01\KI01\N15_M07_F04_KI01_14.mat,inner_race,inner_race,0.001108,0.998423,0.000008,0.000461
data\paderborn\extracted\KI01\KI01\N15_M07_F04_KI01_14.mat,inner_race,inner_race,0.000798,0.996992,0.000008,0.002202
data\paderborn\extracted\KI01\KI01\N15_M07_F04_KI01_14.mat,inner_race,inner_race,0.000708,0.998672,0.000004,0.000617
data\paderborn\extracted\KI01\KI01\N15_M07_F04_KI01_14.mat,inner_race,inner_race,0.004318,0.995352,0.000048,0.000282
data\paderborn\extracted\KI01\KI01\N15_M07_F04_KI01_14.mat,inner_race,inner_race,0.000204,0.999209,0.000015,0.000573
data\paderborn\extracted\KI01\KI01\N15_M07_F04_KI01_14.mat,inner_race,inner_race,0.000272,0.982114,0.000200,0.017414
data\paderborn\extracted\KI01\KI01\N15_M07_F04_KI01_14.mat,inner_race,inner_race,0.000218,0.963212,0.000615,0.035956
data\paderborn\extracted\KI01\KI01\N15_M07_F04_KI01_14.mat,inner_race,inner_race,0.000577,0.998565,0.000039,0.000819
data\paderborn\extracted\KI01\KI01\N15_M07_F04_KI01_14.mat,inner_race,inner_race,0.006647,0.993102,0.000014,0.000237
data\paderborn\extracted\KI01\KI01\N15_M07_F04_KI01_14.mat,inner_race,inner_race,0.000204,0.998934,0.000047,0.000815
data\paderborn\extracted\KI01\KI01\N15_M07_F04_KI01_14.mat,inner_race,inner_race,0.000754,0.997028,0.000143,0.002075
data\paderborn\extracted\KI01\KI01\N15_M07_F04_KI01_14.mat,inner_race,inner_race,0.000037,0.986322,0.000062,0.013580
data\paderborn\extracted\KI01\KI01\N15_M07_F04_KI01_14.mat,inner_race,inner_race,0.000748,0.998194,0.000018,0.001039
data\paderborn\extracted\KI01\KI01\N15_M07_F04_KI01_14.mat,inner_race,inner_race,0.000329,0.998648,0.000029,0.000993
data\paderborn\extracted\KI01\KI01\N15_M07_F04_KI01_15.mat,inner_race,inner_race,0.000345,0.999257,0.000007,0.000391
data\paderborn\extracted\KI01\KI01\N15_M07_F04_KI01_15.mat,inner_race,inner_race,0.000428,0.999206,0.000035,0.000332
data\paderborn\extracted\KI01\KI01\N15_M07_F04_KI01_15.mat,inner_race,inner_race,0.000148,0.995332,0.000086,0.004433
data\paderborn\extracted\KI01\KI01\N15_M07_F04_KI01_15.mat,inner_race,inner_race,0.002010,0.970570,0.000108,0.027312
data\paderborn\extracted\KI01\KI01\N15_M07_F04_KI01_15.mat,inner_race,inner_race,0.016617,0.982982,0.000174,0.000227
data\paderborn\extracted\KI01\KI01\N15_M07_F04_KI01_15.mat,inner_race,inner_race,0.074140,0.925522,0.000244,0.000094
data\paderborn\extracted\KI01\KI01\N15_M07_F04_KI01_15.mat,inner_race,inner_race,0.000401,0.992778,0.000405,0.006416
data\paderborn\extracted\KI01\KI01\N15_M07_F04_KI01_15.mat,inner_race,inner_race,0.000160,0.994772,0.000111,0.004957
data\paderborn\extracted\KI01\KI01\N15_M07_F04_KI01_15.mat,inner_race,inner_race,0.000463,0.979033,0.000320,0.020184
data\paderborn\extracted\KI01\KI01\N15_M07_F04_KI01_15.mat,inner_race,inner_race,0.000142,0.999007,0.000037,0.000814
data\paderborn\extracted\KI01\KI01\N15_M07_F04_KI01_15.mat,inner_race,inner_race,0.002184,0.997321,0.000068,0.000426
data\paderborn\extracted\KI01\KI01\N15_M07_F04_KI01_15.mat,inner_race,inner_race,0.000225,0.998116,0.000270,0.001388
data\paderborn\extracted\KI01\KI01\N15_M07_F04_KI01_15.mat,inner_race,inner_race,0.000059,0.997057,0.000091,0.002792
data\paderborn\extracted\KI01\KI01\N15_M07_F04_KI01_15.mat,inner_race,inner_race,0.007294,0.986181,0.000020,0.006505
data\paderborn\extracted\KI01\KI01\N15_M07_F04_KI01_15.mat,inner_race,inner_race,0.086182,0.912928,0.000016,0.000875
data\paderborn\extracted\KI01\KI01\N15_M07_F04_KI01_15.mat,inner_race,inner_race,0.000862,0.981069,0.000031,0.018039
data\paderborn\extracted\KI01\KI01\N15_M07_F04_KI01_16.mat,inner_race,inner_race,0.039791,0.958643,0.000039,0.001526
data\paderborn\extracted\KI01\KI01\N15_M07_F04_KI01_16.mat,inner_race,inner_race,0.010610,0.983338,0.000039,0.006013
data\paderborn\extracted\KI01\KI01\N15_M07_F04_KI01_16.mat,inner_race,inner_race,0.004060,0.988179,0.000020,0.007741
data\paderborn\extracted\KI01\KI01\N15_M07_F04_KI01_16.mat,inner_race,inner_race,0.000799,0.987779,0.000024,0.011398
data\paderborn\extracted\KI01\KI01\N15_M07_F04_KI01_16.mat,inner_race,inner_race,0.000215,0.946500,0.000095,0.053190
data\paderborn\extracted\KI01\KI01\N15_M07_F04_KI01_16.mat,inner_race,inner_race,0.000999,0.996717,0.000016,0.002268
data\paderborn\extracted\KI01\KI01\N15_M07_F04_KI01_16.mat,inner_race,inner_race,0.006233,0.993607,0.000008,0.000152
data\paderborn\extracted\KI01\KI01\N15_M07_F04_KI01_16.mat,inner_race,inner_race,0.000620,0.999235,0.000029,0.000115
data\paderborn\extracted\KI01\KI01\N15_M07_F04_KI01_16.mat,inner_race,inner_race,0.000371,0.997697,0.000093,0.001839
data\paderborn\extracted\KI01\KI01\N15_M07_F04_KI01_16.mat,inner_race,inner_race,0.000930,0.984191,0.000365,0.014514
data\paderborn\extracted\KI01\KI01\N15_M07_F04_KI01_16.mat,inner_race,inner_race,0.000214,0.998961,0.000129,0.000696
data\paderborn\extracted\KI01\KI01\N15_M07_F04_KI01_16.mat,inner_race,inner_race,0.000717,0.998711,0.000052,0.000521
data\paderborn\extracted\KI01\KI01\N15_M07_F04_KI01_16.mat,inner_race,inner_race,0.000704,0.998672,0.000024,0.000601
data\paderborn\extracted\KI01\KI01\N15_M07_F04_KI01_16.mat,inner_race,inner_race,0.000132,0.997107,0.001060,0.001701
data\paderborn\extracted\KI01\KI01\N15_M07_F04_KI01_16.mat,inner_race,inner_race,0.000325,0.943706,0.001405,0.054564
data\paderborn\extracted\KI01\KI01\N15_M07_F04_KI01_16.mat,inner_race,inner_race,0.004562,0.960969,0.000110,0.034359
data\paderborn\extracted\KI01\KI01\N15_M07_F04_KI01_17.mat,inner_race,inner_race,0.000160,0.978816,0.000064,0.020960
data\paderborn\extracted\KI01\KI01\N15_M07_F04_KI01_17.mat,inner_race,inner_race,0.002237,0.972912,0.000144,0.024708
data\paderborn\extracted\KI01\KI01\N15_M07_F04_KI01_17.mat,inner_race,inner_race,0.006004,0.991699,0.000014,0.002283
data\paderborn\extracted\KI01\KI01\N15_M07_F04_KI01_17.mat,inner_race,inner_race,0.000521,0.997531,0.000008,0.001941
data\paderborn\extracted\KI01\KI01\N15_M07_F04_KI01_17.mat,inner_race,inner_race,0.000946,0.903230,0.000284,0.095539
data\paderborn\extracted\KI01\KI01\N15_M07_F04_KI01_17.mat,inner_race,inner_race,0.002422,0.968512,0.000039,0.029028
data\paderborn\extracted\KI01\KI01\N15_M07_F04_KI01_17.mat,inner_race,inner_race,0.002129,0.985662,0.000072,0.012137
data\paderborn\extracted\KI01\KI01\N15_M07_F04_KI01_17.mat,inner_race,inner_race,0.000791,0.993001,0.000043,0.006165
data\paderborn\extracted\KI01\KI01\N15_M07_F04_KI01_17.mat,inner_race,inner_race,0.001505,0.997458,0.000005,0.001031
data\paderborn\extracted\KI01\KI01\N15_M07_F04_KI01_17.mat,inner_race,inner_race,0.000380,0.996516,0.000027,0.003077
data\paderborn\extracted\KI01\KI01\N15_M07_F04_KI01_17.mat,inner_race,inner_race,0.000071,0.935868,0.000051,0.064011
data\paderborn\extracted\KI01\KI01\N15_M07_F04_KI01_17.mat,inner_race,inner_race,0.000036,0.797956,0.000565,0.201444
data\paderborn\extracted\KI01\KI01\N15_M07_F04_KI01_17.mat,inner_race,inner_race,0.133292,0.863148,0.000122,0.003438
data\paderborn\extracted\KI01\KI01\N15_M07_F04_KI01_17.mat,inner_race,inner_race,0.007185,0.992651,0.000091,0.000073
data\paderborn\extracted\KI01\KI01\N15_M07_F04_KI01_17.mat,inner_race,inner_race,0.000670,0.998015,0.001256,0.000059
data\paderborn\extracted\KI01\KI01\N15_M07_F04_KI01_17.mat,inner_race,inner_race,0.000104,0.999313,0.000039,0.000544
data\paderborn\extracted\KI01\KI01\N15_M07_F04_KI01_18.mat,inner_race,inner_race,0.004836,0.975582,0.000025,0.019557
data\paderborn\extracted\KI01\KI01\N15_M07_F04_KI01_18.mat,inner_race,inner_race,0.000179,0.975651,0.000056,0.024114
data\paderborn\extracted\KI01\KI01\N15_M07_F04_KI01_18.mat,inner_race,inner_race,0.000922,0.998054,0.000041,0.000983
data\paderborn\extracted\KI01\KI01\N15_M07_F04_KI01_18.mat,inner_race,inner_race,0.001996,0.997924,0.000035,0.000045
data\paderborn\extracted\KI01\KI01\N15_M07_F04_KI01_18.mat,inner_race,inner_race,0.003378,0.993787,0.002791,0.000044
data\paderborn\extracted\KI01\KI01\N15_M07_F04_KI01_18.mat,inner_race,inner_race,0.000356,0.993329,0.004346,0.001969
data\paderborn\extracted\KI01\KI01\N15_M07_F04_KI01_18.mat,inner_race,inner_race,0.000542,0.995489,0.000178,0.003792
data\paderborn\extracted\KI01\KI01\N15_M07_F04_KI01_18.mat,inner_race,inner_race,0.031090,0.968400,0.000359,0.000151
data\paderborn\extracted\KI01\KI01\N15_M07_F04_KI01_18.mat,inner_race,inner_race,0.000554,0.999093,0.000068,0.000285
data\paderborn\extracted\KI01\KI01\N15_M07_F04_KI01_18.mat,inner_race,inner_race,0.000311,0.998612,0.000081,0.000997
data\paderborn\extracted\KI01\KI01\N15_M07_F04_KI01_18.mat,inner_race,inner_race,0.000197,0.981547,0.000078,0.018178
data\paderborn\extracted\KI01\KI01\N15_M07_F04_KI01_18.mat,inner_race,inner_race,0.000091,0.996922,0.000035,0.002952
data\paderborn\extracted\KI01\KI01\N15_M07_F04_KI01_18.mat,inner_race,inner_race,0.000306,0.999385,0.000022,0.000286
data\paderborn\extracted\KI01\KI01\N15_M07_F04_KI01_18.mat,inner_race,inner_race,0.000727,0.991126,0.000561,0.007586
data\paderborn\extracted\KI01\KI01\N15_M07_F04_KI01_18.mat,inner_race,inner_race,0.000092,0.919626,0.000910,0.079372
data\paderborn\extracted\KI01\KI01\N15_M07_F04_KI01_18.mat,inner_race,inner_race,0.005005,0.985498,0.000037,0.009460
data\paderborn\extracted\KI01\KI01\N15_M07_F04_KI01_19.mat,inner_race,inner_race,0.000203,0.983438,0.000022,0.016337
data\paderborn\extracted\KI01\KI01\N15_M07_F04_KI01_19.mat,inner_race,inner_race,0.002959,0.993666,0.000022,0.003353
data\paderborn\extracted\KI01\KI01\N15_M07_F04_KI01_19.mat,inner_race,inner_race,0.001759,0.997339,0.000007,0.000895
data\paderborn\extracted\KI01\KI01\N15_M07_F04_KI01_19.mat,inner_race,inner_race,0.000125,0.997670,0.000041,0.002164
data\paderborn\extracted\KI01\KI01\N15_M07_F04_KI01_19.mat,inner_race,inner_race,0.000113,0.995139,0.000068,0.004680
data\paderborn\extracted\KI01\KI01\N15_M07_F04_KI01_19.mat,inner_race,inner_race,0.000341,0.977064,0.000299,0.022296
data\paderborn\extracted\KI01\KI01\N15_M07_F04_KI01_19.mat,inner_race,inner_race,0.000301,0.998893,0.000056,0.000750
data\paderborn\extracted\KI01\KI01\N15_M07_F04_KI01_19.mat,inner_race,inner_race,0.003989,0.995767,0.000016,0.000228
data\paderborn\extracted\KI01\KI01\N15_M07_F04_KI01_19.mat,inner_race,inner_race,0.000148,0.999374,0.000097,0.000381
data\paderborn\extracted\KI01\KI01\N15_M07_F04_KI01_19.mat,inner_race,inner_race,0.000061,0.990947,0.000139,0.008854
data\paderborn\extracted\KI01\KI01\N15_M07_F04_KI01_19.mat,inner_race,inner_race,0.000440,0.996619,0.000011,0.002929
data\paderborn\extracted\KI01\KI01\N15_M07_F04_KI01_19.mat,inner_race,inner_race,0.022610,0.975053,0.000187,0.002150
data\paderborn\extracted\KI01\KI01\N15_M07_F04_KI01_19.mat,inner_race,inner_race,0.000131,0.990194,0.000085,0.009589
data\paderborn\extracted\KI01\KI01\N15_M07_F04_KI01_19.mat,inner_race,inner_race,0.001015,0.943606,0.000633,0.054746
data\paderborn\extracted\KI01\KI01\N15_M07_F04_KI01_19.mat,inner_race,inner_race,0.005792,0.991518,0.000078,0.002612
data\paderborn\extracted\KI01\KI01\N15_M07_F04_KI01_19.mat,inner_race,inner_race,0.003376,0.995919,0.000016,0.000689
data\paderborn\extracted\KI01\KI01\N15_M07_F04_KI01_2.mat,inner_race,inner_race,0.000171,0.875506,0.001450,0.122873
data\paderborn\extracted\KI01\KI01\N15_M07_F04_KI01_2.mat,inner_race,inner_race,0.000811,0.992500,0.000052,0.006637
data\paderborn\extracted\KI01\KI01\N15_M07_F04_KI01_2.mat,inner_race,inner_race,0.004526,0.993121,0.000032,0.002322
data\paderborn\extracted\KI01\KI01\N15_M07_F04_KI01_2.mat,inner_race,inner_race,0.001211,0.989851,0.000044,0.008894
data\paderborn\extracted\KI01\KI01\N15_M07_F04_KI01_2.mat,inner_race,inner_race,0.001089,0.970900,0.000080,0.027931
data\paderborn\extracted\KI01\KI01\N15_M07_F04_KI01_2.mat,inner_race,inner_race,0.004983,0.989954,0.000016,0.005046
data\paderborn\extracted\KI01\KI01\N15_M07_F04_KI01_2.mat,inner_race,inner_race,0.002948,0.992950,0.000026,0.004075
data\paderborn\extracted\KI01\KI01\N15_M07_F04_KI01_2.mat,inner_race,inner_race,0.000898,0.994910,0.000019,0.004173
data\paderborn\extracted\KI01\KI01\N15_M07_F04_KI01_2.mat,inner_race,inner_race,0.004881,0.992736,0.000012,0.002371
data\paderborn\extracted\KI01\KI01\N15_M07_F04_KI01_2.mat,inner_race,inner_race,0.000183,0.999287,0.000007,0.000522
data\paderborn\extracted\KI01\KI01\N15_M07_F04_KI01_2.mat,inner_race,inner_race,0.000071,0.999225,0.000059,0.000645
data\paderborn\extracted\KI01\KI01\N15_M07_F04_KI01_2.mat,inner_race,inner_race,0.001562,0.997701,0.000179,0.000558
data\paderborn\extracted\KI01\KI01\N15_M07_F04_KI01_2.mat,inner_race,inner_race,0.002819,0.996307,0.000187,0.000687
data\paderborn\extracted\KI01\KI01\N15_M07_F04_KI01_2.mat,inner_race,inner_race,0.001838,0.997729,0.000112,0.000321
data\paderborn\extracted\KI01\KI01\N15_M07_F04_KI01_2.mat,inner_race,inner_race,0.001693,0.997906,0.000038,0.000363
data\paderborn\extracted\KI01\KI01\N15_M07_F04_KI01_2.mat,inner_race,inner_race,0.000113,0.997761,0.000995,0.001131
data\paderborn\extracted\KI01\KI01\N15_M07_F04_KI01_20.mat,inner_race,inner_race,0.000097,0.999046,0.000019,0.000838
data\paderborn\extracted\KI01\KI01\N15_M07_F04_KI01_20.mat,inner_race,inner_race,0.000689,0.995501,0.000069,0.003741
data\paderborn\extracted\KI01\KI01\N15_M07_F04_KI01_20.mat,inner_race,inner_race,0.002534,0.985344,0.000292,0.011829
data\paderborn\extracted\KI01\KI01\N15_M07_F04_KI01_20.mat,inner_race,inner_race,0.001921,0.997914,0.000015,0.000150
data\paderborn\extracted\KI01\KI01\N15_M07_F04_KI01_20.mat,inner_race,inner_race,0.000808,0.999092,0.000039,0.000060
data\paderborn\extracted\KI01\KI01\N15_M07_F04_KI01_20.mat,inner_race,inner_race,0.000463,0.996960,0.000235,0.002342
data\paderborn\extracted\KI01\KI01\N15_M07_F04_KI01_20.mat,inner_race,inner_race,0.000089,0.886275,0.000599,0.113037
data\paderborn\extracted\KI01\KI01\N15_M07_F04_KI01_20.mat,inner_race,inner_race,0.001942,0.970806,0.000254,0.026998
data\paderborn\extracted\KI01\KI01\N15_M07_F04_KI01_20.mat,inner_race,inner_race,0.020416,0.977380,0.000084,0.002120
data\paderborn\extracted\KI01\KI01\N15_M07_F04_KI01_20.mat,inner_race,inner_race,0.000563,0.994560,0.000013,0.004864
data\paderborn\extracted\KI01\KI01\N15_M07_F04_KI01_20.mat,inner_race,inner_race,0.000236,0.981463,0.000034,0.018266
data\paderborn\extracted\KI01\KI01\N15_M07_F04_KI01_20.mat,inner_race,inner_race,0.001005,0.971956,0.000063,0.026976
data\paderborn\extracted\KI01\KI01\N15_M07_F04_KI01_20.mat,inner_race,inner_race,0.012391,0.973213,0.000065,0.014331
data\paderborn\extracted\KI01\KI01\N15_M07_F04_KI01_20.mat,inner_race,inner_race,0.028279,0.969006,0.000011,0.002705
data\paderborn\extracted\KI01\KI01\N15_M07_F04_KI01_20.mat,inner_race,inner_race,0.078653,0.920202,0.000009,0.001136
data\paderborn\extracted\KI01\KI01\N15_M07_F04_KI01_20.mat,inner_race,inner_race,0.012032,0.981570,0.000020,0.006378
data\paderborn\extracted\KI01\KI01\N15_M07_F04_KI01_3.mat,inner_race,inner_race,0.005333,0.988675,0.000042,0.005950
data\paderborn\extracted\KI01\KI01\N15_M07_F04_KI01_3.mat,inner_race,inner_race,0.006941,0.984616,0.000035,0.008408
data\paderborn\extracted\KI01\KI01\N15_M07_F04_KI01_3.mat,inner_race,inner_race,0.001406,0.983658,0.000089,0.014847
data\paderborn\extracted\KI01\KI01\N15_M07_F04_KI01_3.mat,inner_race,inner_race,0.001380,0.997767,0.000014,0.000839
data\paderborn\extracted\KI01\KI01\N15_M07_F04_KI01_3.mat,inner_race,inner_race,0.000502,0.993817,0.000049,0.005632
data\paderborn\extracted\KI01\KI01\N15_M07_F04_KI01_3.mat,inner_race,inner_race,0.001250,0.998264,0.000005,0.000481
data\paderborn\extracted\KI01\KI01\N15_M07_F04_KI01_3.mat,inner_race,inner_race,0.042783,0.956927,0.000031,0.000259
data\paderborn\extracted\KI01\KI01\N15_M07_F04_KI01_3.mat,inner_race,inner_race,0.000054,0.997986,0.000014,0.001947
data\paderborn\extracted\KI01\KI01\N15_M07_F04_KI01_3.mat,inner_race,inner_race,0.000134,0.998010,0.000008,0.001848
data\paderborn\extracted\KI01\KI01\N15_M07_F04_KI01_3.mat,inner_race,inner_race,0.000308,0.999575,0.000074,0.000043
data\paderborn\extracted\KI01\KI01\N15_M07_F04_KI01_3.mat,inner_race,inner_race,0.000690,0.999043,0.000070,0.000197
data\paderborn\extracted\KI01\KI01\N15_M07_F04_KI01_3.mat,inner_race,inner_race,0.001196,0.998451,0.000008,0.000345
data\paderborn\extracted\KI01\KI01\N15_M07_F04_KI01_3.mat,inner_race,inner_race,0.002903,0.996578,0.000077,0.000442
data\paderborn\extracted\KI01\KI01\N15_M07_F04_KI01_3.mat,inner_race,inner_race,0.000173,0.971007,0.000605,0.028216
data\paderborn\extracted\KI01\KI01\N15_M07_F04_KI01_3.mat,inner_race,inner_race,0.000268,0.979038,0.000791,0.019902
data\paderborn\extracted\KI01\KI01\N15_M07_F04_KI01_3.mat,inner_race,inner_race,0.001023,0.998640,0.000026,0.000311
data\paderborn\extracted\KI01\KI01\N15_M07_F04_KI01_4.mat,inner_race,inner_race,0.001141,0.928806,0.000112,0.069940
data\paderborn\extracted\KI01\KI01\N15_M07_F04_KI01_4.mat,inner_race,inner_race,0.007106,0.978376,0.000062,0.014455
data\paderborn\extracted\KI01\KI01\N15_M07_F04_KI01_4.mat,inner_race,inner_race,0.008158,0.989355,0.000051,0.002436
data\paderborn\extracted\KI01\KI01\N15_M07_F04_KI01_4.mat,inner_race,inner_race,0.004838,0.993551,0.000014,0.001597
data\paderborn\extracted\KI01\KI01\N15_M07_F04_KI01_4.mat,inner_race,inner_race,0.000131,0.990775,0.000022,0.009072
data\paderborn\extracted\KI01\KI01\N15_M07_F04_KI01_4.mat,inner_race,inner_race,0.000119,0.986559,0.000046,0.013277
data\paderborn\extracted\KI01\KI01\N15_M07_F04_KI01_4.mat,inner_race,inner_race,0.000260,0.988211,0.000031,0.011498
data\paderborn\extracted\KI01\KI01\N15_M07_F04_KI01_4.mat,inner_race,inner_race,0.004521,0.995061,0.000037,0.000382
data\paderborn\extracted\KI01\KI01\N15_M07_F04_KI01_4.mat,inner_race,inner_race,0.004915,0.994429,0.000560,0.000096
data\paderborn\extracted\KI01\KI01\N15_M07_F04_KI01_4.mat,inner_race,inner_race,0.000295,0.999628,0.000029,0.000048
data\paderborn\extracted\KI01\KI01\N15_M07_F04_KI01_4.mat,inner_race,inner_race,0.000498,0.998905,0.000379,0.000219
data\paderborn\extracted\KI01\KI01\N15_M07_F04_KI01_4.mat,inner_race,inner_race,0.000390,0.928908,0.000139,0.070563
data\paderborn\extracted\KI01\KI01\N15_M07_F04_KI01_4.mat,inner_race,inner_race,0.000707,0.997783,0.000083,0.001427
data\paderborn\extracted\KI01\KI01\N15_M07_F04_KI01_4.mat,inner_race,inner_race,0.000510,0.998387,0.000127,0.000976
data\paderborn\extracted\KI01\KI01\N15_M07_F04_KI01_4.mat,inner_race,inner_race,0.000084,0.997653,0.000355,0.001908
data\paderborn\extracted\KI01\KI01\N15_M07_F04_KI01_4.mat,inner_race,inner_race,0.000095,0.997738,0.000030,0.002137
data\paderborn\extracted\KI01\KI01\N15_M07_F04_KI01_5.mat,inner_race,inner_race,0.000165,0.976570,0.000070,0.023194
data\paderborn\extracted\KI01\KI01\N15_M07_F04_KI01_5.mat,inner_race,inner_race,0.000370,0.983520,0.000039,0.016070
data\paderborn\extracted\KI01\KI01\N15_M07_F04_KI01_5.mat,inner_race,inner_race,0.000311,0.996029,0.000004,0.003657
data\paderborn\extracted\KI01\KI01\N15_M07_F04_KI01_5.mat,inner_race,inner_race,0.000214,0.998411,0.000014,0.001361
data\paderborn\extracted\KI01\KI01\N15_M07_F04_KI01_5.mat,inner_race,inner_race,0.002889,0.996538,0.000022,0.000552
data\paderborn\extracted\KI01\KI01\N15_M07_F04_KI01_5.mat,inner_race,inner_race,0.000578,0.996893,0.000034,0.002494
data\paderborn\extracted\KI01\KI01\N15_M07_F04_KI01_5.mat,inner_race,inner_race,0.000075,0.993413,0.000094,0.006417
data\paderborn\extracted\KI01\KI01\N15_M07_F04_KI01_5.mat,inner_race,inner_race,0.001270,0.982271,0.005577,0.010882
data\paderborn\extracted\KI01\KI01\N15_M07_F04_KI01_5.mat,inner_race,inner_race,0.009176,0.990662,0.000024,0.000138
data\paderborn\extracted\KI01\KI01\N15_M07_F04_KI01_5.mat,inner_race,inner_race,0.001714,0.998050,0.000057,0.000179
data\paderborn\extracted\KI01\KI01\N15_M07_F04_KI01_5.mat,inner_race,inner_race,0.005977,0.992867,0.001036,0.000121
data\paderborn\extracted\KI01\KI01\N15_M07_F04_KI01_5.mat,inner_race,inner_race,0.000252,0.997933,0.000439,0.001376
data\paderborn\extracted\KI01\KI01\N15_M07_F04_KI01_5.mat,inner_race,inner_race,0.000036,0.967857,0.000041,0.032065
data\paderborn\extracted\KI01\KI01\N15_M07_F04_KI01_5.mat,inner_race,inner_race,0.000059,0.999050,0.000014,0.000876
data\paderborn\extracted\KI01\KI01\N15_M07_F04_KI01_5.mat,inner_race,inner_race,0.000080,0.993858,0.000085,0.005976
data\paderborn\extracted\KI01\KI01\N15_M07_F04_KI01_5.mat,inner_race,inner_race,0.000177,0.976356,0.000199,0.023268
data\paderborn\extracted\KI01\KI01\N15_M07_F04_KI01_6.mat,inner_race,inner_race,0.001665,0.992689,0.000028,0.005619
data\paderborn\extracted\KI01\KI01\N15_M07_F04_KI01_6.mat,inner_race,inner_race,0.007588,0.989758,0.000018,0.002636
data\paderborn\extracted\KI01\KI01\N15_M07_F04_KI01_6.mat,inner_race,healthy,0.821617,0.176316,0.000083,0.001983
data\paderborn\extracted\KI01\KI01\N15_M07_F04_KI01_6.mat,inner_race,inner_race,0.002164,0.996458,0.000008,0.001370
data\paderborn\extracted\KI01\KI01\N15_M07_F04_KI01_6.mat,inner_race,inner_race,0.000386,0.989951,0.000008,0.009655
data\paderborn\extracted\KI01\KI01\N15_M07_F04_KI01_6.mat,inner_race,inner_race,0.000836,0.994168,0.000023,0.004974
data\paderborn\extracted\KI01\KI01\N15_M07_F04_KI01_6.mat,inner_race,inner_race,0.000148,0.998695,0.000031,0.001126
data\paderborn\extracted\KI01\KI01\N15_M07_F04_KI01_6.mat,inner_race,inner_race,0.000322,0.999457,0.000005,0.000215
data\paderborn\extracted\KI01\KI01\N15_M07_F04_KI01_6.mat,inner_race,inner_race,0.000524,0.998675,0.000025,0.000776
data\paderborn\extracted\KI01\KI01\N15_M07_F04_KI01_6.mat,inner_race,inner_race,0.000135,0.984935,0.000218,0.014713
data\paderborn\extracted\KI01\KI01\N15_M07_F04_KI01_6.mat,inner_race,inner_race,0.001250,0.989416,0.000244,0.009090
data\paderborn\extracted\KI01\KI01\N15_M07_F04_KI01_6.mat,inner_race,inner_race,0.001994,0.997225,0.000080,0.000702
data\paderborn\extracted\KI01\KI01\N15_M07_F04_KI01_6.mat,inner_race,inner_race,0.007138,0.992365,0.000257,0.000240
data\paderborn\extracted\KI01\KI01\N15_M07_F04_KI01_6.mat,inner_race,inner_race,0.000448,0.998112,0.000076,0.001365
data\paderborn\extracted\KI01\KI01\N15_M07_F04_KI01_6.mat,inner_race,inner_race,0.000249,0.993826,0.000029,0.005895
data\paderborn\extracted\KI01\KI01\N15_M07_F04_KI01_6.mat,inner_race,inner_race,0.000141,0.995501,0.000060,0.004297
data\paderborn\extracted\KI01\KI01\N15_M07_F04_KI01_7.mat,inner_race,inner_race,0.006239,0.956995,0.000143,0.036623
data\paderborn\extracted\KI01\KI01\N15_M07_F04_KI01_7.mat,inner_race,inner_race,0.002045,0.994597,0.000016,0.003342
data\paderborn\extracted\KI01\KI01\N15_M07_F04_KI01_7.mat,inner_race,inner_race,0.000058,0.997406,0.000015,0.002520
data\paderborn\extracted\KI01\KI01\N15_M07_F04_KI01_7.mat,inner_race,inner_race,0.000786,0.998027,0.000004,0.001183
data\paderborn\extracted\KI01\KI01\N15_M07_F04_KI01_7.mat,inner_race,inner_race,0.067080,0.932094,0.000034,0.000792
data\paderborn\extracted\KI01\KI01\N15_M07_F04_KI01_7.mat,inner_race,inner_race,0.000613,0.998884,0.000034,0.000469
data\paderborn\extracted\KI01\KI01\N15_M07_F04_KI01_7.mat,inner_race,inner_race,0.000058,0.999005,0.000029,0.000908
data\paderborn\extracted\KI01\KI01\N15_M07_F04_KI01_7.mat,inner_race,inner_race,0.004572,0.989201,0.001503,0.004725
data\paderborn\extracted\KI01\KI01\N15_M07_F04_KI01_7.mat,inner_race,inner_race,0.000688,0.998601,0.000243,0.000468
data\paderborn\extracted\KI01\KI01\N15_M07_F04_KI01_7.mat,inner_race,inner_race,0.000662,0.998795,0.000092,0.000451
data\paderborn\extracted\KI01\KI01\N15_M07_F04_KI01_7.mat,inner_race,inner_race,0.000200,0.995842,0.000321,0.003637
data\paderborn\extracted\KI01\KI01\N15_M07_F04_KI01_7.mat,inner_race,inner_race,0.000261,0.914425,0.003555,0.081758
data\paderborn\extracted\KI01\KI01\N15_M07_F04_KI01_7.mat,inner_race,inner_race,0.000247,0.965354,0.000194,0.034205
data\paderborn\extracted\KI01\KI01\N15_M07_F04_KI01_7.mat,inner_race,inner_race,0.001942,0.997916,0.000014,0.000128
data\paderborn\extracted\KI01\KI01\N15_M07_F04_KI01_7.mat,inner_race,inner_race,0.000360,0.999026,0.000133,0.000481
data\paderborn\extracted\KI01\KI01\N15_M07_F04_KI01_7.mat,inner_race,inner_race,0.000926,0.997373,0.000022,0.001679
data\paderborn\extracted\KI01\KI01\N15_M07_F04_KI01_8.mat,inner_race,inner_race,0.000857,0.995975,0.000899,0.002269
data\paderborn\extracted\KI01\KI01\N15_M07_F04_KI01_8.mat,inner_race,inner_race,0.001126,0.967335,0.007041,0.024498
data\paderborn\extracted\KI01\KI01\N15_M07_F04_KI01_8.mat,inner_race,inner_race,0.001249,0.932816,0.000478,0.065457
data\paderborn\extracted\KI01\KI01\N15_M07_F04_KI01_8.mat,inner_race,inner_race,0.001229,0.996110,0.000009,0.002652
data\paderborn\extracted\KI01\KI01\N15_M07_F04_KI01_8.mat,inner_race,inner_race,0.020605,0.975341,0.000051,0.004003
data\paderborn\extracted\KI01\KI01\N15_M07_F04_KI01_8.mat,inner_race,inner_race,0.000125,0.983951,0.000033,0.015892
data\paderborn\extracted\KI01\KI01\N15_M07_F04_KI01_8.mat,inner_race,inner_race,0.001152,0.926479,0.000593,0.071776
data\paderborn\extracted\KI01\KI01\N15_M07_F04_KI01_8.mat,inner_race,inner_race,0.022467,0.970728,0.000044,0.006761
data\paderborn\extracted\KI01\KI01\N15_M07_F04_KI01_8.mat,inner_race,inner_race,0.002937,0.996443,0.000009,0.000611
data\paderborn\extracted\KI01\KI01\N15_M07_F04_KI01_8.mat,inner_race,inner_race,0.003003,0.996335,0.000011,0.000651
data\paderborn\extracted\KI01\KI01\N15_M07_F04_KI01_8.mat,inner_race,inner_race,0.005482,0.992316,0.000006,0.002197
data\paderborn\extracted\KI01\KI01\N15_M07_F04_KI01_8.mat,inner_race,inner_race,0.000769,0.996366,0.000015,0.002850
data\paderborn\extracted\KI01\KI01\N15_M07_F04_KI01_8.mat,inner_race,inner_race,0.000127,0.983652,0.000063,0.016158
data\paderborn\extracted\KI01\KI01\N15_M07_F04_KI01_8.mat,inner_race,inner_race,0.000535,0.994899,0.000024,0.004543
data\paderborn\extracted\KI01\KI01\N15_M07_F04_KI01_8.mat,inner_race,inner_race,0.000412,0.998190,0.000030,0.001369
data\paderborn\extracted\KI01\KI01\N15_M07_F04_KI01_8.mat,inner_race,inner_race,0.002482,0.996979,0.000012,0.000527
data\paderborn\extracted\KI01\KI01\N15_M07_F04_KI01_9.mat,inner_race,inner_race,0.000051,0.989441,0.000070,0.010438
data\paderborn\extracted\KI01\KI01\N15_M07_F04_KI01_9.mat,inner_race,inner_race,0.000218,0.905209,0.000140,0.094433
data\paderborn\extracted\KI01\KI01\N15_M07_F04_KI01_9.mat,inner_race,inner_race,0.003816,0.992087,0.000025,0.004072
data\paderborn\extracted\KI01\KI01\N15_M07_F04_KI01_9.mat,inner_race,inner_race,0.001789,0.994944,0.000032,0.003236
data\paderborn\extracted\KI01\KI01\N15_M07_F04_KI01_9.mat,inner_race,inner_race,0.010456,0.988051,0.000017,0.001476
data\paderborn\extracted\KI01\KI01\N15_M07_F04_KI01_9.mat,inner_race,inner_race,0.009357,0.983891,0.000091,0.006661
data\paderborn\extracted\KI01\KI01\N15_M07_F04_KI01_9.mat,inner_race,inner_race,0.000122,0.941904,0.000051,0.057924
data\paderborn\extracted\KI01\KI01\N15_M07_F04_KI01_9.mat,inner_race,inner_race,0.000977,0.991654,0.000030,0.007338
data\paderborn\extracted\KI01\KI01\N15_M07_F04_KI01_9.mat,inner_race,inner_race,0.000290,0.992301,0.000021,0.007389
data\paderborn\extracted\KI01\KI01\N15_M07_F04_KI01_9.mat,inner_race,inner_race,0.000289,0.998331,0.000027,0.001354
data\paderborn\extracted\KI01\KI01\N15_M07_F04_KI01_9.mat,inner_race,inner_race,0.000702,0.998209,0.000026,0.001063
data\paderborn\extracted\KI01\KI01\N15_M07_F04_KI01_9.mat,inner_race,inner_race,0.000228,0.998827,0.000031,0.000914
data\paderborn\extracted\KI01\KI01\N15_M07_F04_KI01_9.mat,inner_race,inner_race,0.000678,0.960690,0.000520,0.038112
data\paderborn\extracted\KI01\KI01\N15_M07_F04_KI01_9.mat,inner_race,inner_race,0.000803,0.738831,0.001917,0.258449
data\paderborn\extracted\KI01\KI01\N15_M07_F04_KI01_9.mat,inner_race,inner_race,0.034100,0.964919,0.000606,0.000376
data\paderborn\extracted\KI01\KI01\N15_M07_F04_KI01_9.mat,inner_race,inner_race,0.001146,0.998596,0.000188,0.000070
data\paderborn\extracted\KI01\KI01\N15_M07_F10_KI01_1.mat,inner_race,inner_race,0.002174,0.993663,0.000023,0.004140
data\paderborn\extracted\KI01\KI01\N15_M07_F10_KI01_1.mat,inner_race,inner_race,0.013583,0.981204,0.000024,0.005189
data\paderborn\extracted\KI01\KI01\N15_M07_F10_KI01_1.mat,inner_race,inner_race,0.000314,0.990839,0.000043,0.008804
data\paderborn\extracted\KI01\KI01\N15_M07_F10_KI01_1.mat,inner_race,inner_race,0.000157,0.983545,0.000043,0.016255
data\paderborn\extracted\KI01\KI01\N15_M07_F10_KI01_1.mat,inner_race,inner_race,0.004265,0.995106,0.000069,0.000561
data\paderborn\extracted\KI01\KI01\N15_M07_F10_KI01_1.mat,inner_race,inner_race,0.006642,0.992947,0.000198,0.000214
data\paderborn\extracted\KI01\KI01\N15_M07_F10_KI01_1.mat,inner_race,inner_race,0.000303,0.997727,0.000300,0.001670
data\paderborn\extracted\KI01\KI01\N15_M07_F10_KI01_1.mat,inner_race,inner_race,0.000245,0.976291,0.000345,0.023118
data\paderborn\extracted\KI01\KI01\N15_M07_F10_KI01_1.mat,inner_race,inner_race,0.000666,0.974573,0.000487,0.024274
data\paderborn\extracted\KI01\KI01\N15_M07_F10_KI01_1.mat,inner_race,inner_race,0.001527,0.997598,0.000046,0.000829
data\paderborn\extracted\KI01\KI01\N15_M07_F10_KI01_1.mat,inner_race,inner_race,0.000182,0.998935,0.000016,0.000867
data\paderborn\extracted\KI01\KI01\N15_M07_F10_KI01_1.mat,inner_race,inner_race,0.002329,0.996536,0.000592,0.000543
data\paderborn\extracted\KI01\KI01\N15_M07_F10_KI01_1.mat,inner_race,inner_race,0.000781,0.997475,0.000038,0.001706
data\paderborn\extracted\KI01\KI01\N15_M07_F10_KI01_1.mat,inner_race,inner_race,0.003692,0.993500,0.000062,0.002746
data\paderborn\extracted\KI01\KI01\N15_M07_F10_KI01_1.mat,inner_race,inner_race,0.005021,0.991442,0.000049,0.003488
data\paderborn\extracted\KI01\KI01\N15_M07_F10_KI01_1.mat,inner_race,inner_race,0.061478,0.930765,0.000147,0.007610
data\paderborn\extracted\KI01\KI01\N15_M07_F10_KI01_10.mat,inner_race,inner_race,0.000754,0.998057,0.000065,0.001123
data\paderborn\extracted\KI01\KI01\N15_M07_F10_KI01_10.mat,inner_race,inner_race,0.037613,0.962061,0.000121,0.000205
data\paderborn\extracted\KI01\KI01\N15_M07_F10_KI01_10.mat,inner_race,inner_race,0.000201,0.998595,0.000040,0.001163
data\paderborn\extracted\KI01\KI01\N15_M07_F10_KI01_10.mat,inner_race,inner_race,0.001091,0.992879,0.000024,0.006006
data\paderborn\extracted\KI01\KI01\N15_M07_F10_KI01_10.mat,inner_race,inner_race,0.000226,0.959847,0.000057,0.039870
data\paderborn\extracted\KI01\KI01\N15_M07_F10_KI01_10.mat,inner_race,inner_race,0.000083,0.867123,0.000110,0.132685
data\paderborn\extracted\KI01\KI01\N15_M07_F10_KI01_10.mat,inner_race,inner_race,0.003015,0.936446,0.000047,0.060492
data\paderborn\extracted\KI01\KI01\N15_M07_F10_KI01_10.mat,inner_race,inner_race,0.006307,0.991272,0.000020,0.002401
data\paderborn\extracted\KI01\KI01\N15_M07_F10_KI01_10.mat,inner_race,inner_race,0.001227,0.985351,0.000043,0.013379
data\paderborn\extracted\KI01\KI01\N15_M07_F10_KI01_10.mat,inner_race,inner_race,0.000228,0.967369,0.000031,0.032373
data\paderborn\extracted\KI01\KI01\N15_M07_F10_KI01_10.mat,inner_race,inner_race,0.000098,0.982279,0.000039,0.017584
data\paderborn\extracted\KI01\KI01\N15_M07_F10_KI01_10.mat,inner_race,inner_race,0.000100,0.999375,0.000044,0.000481
data\paderborn\extracted\KI01\KI01\N15_M07_F10_KI01_10.mat,inner_race,inner_race,0.000352,0.999473,0.000068,0.000108
data\paderborn\extracted\KI01\KI01\N15_M07_F10_KI01_10.mat,inner_race,inner_race,0.000169,0.999473,0.000143,0.000214
data\paderborn\extracted\KI01\KI01\N15_M07_F10_KI01_10.mat,inner_race,inner_race,0.000229,0.996848,0.000133,0.002790
data\paderborn\extracted\KI01\KI01\N15_M07_F10_KI01_10.mat,inner_race,inner_race,0.000157,0.953042,0.000227,0.046573
data\paderborn\extracted\KI01\KI01\N15_M07_F10_KI01_11.mat,inner_race,inner_race,0.000162,0.999614,0.000018,0.000206
data\paderborn\extracted\KI01\KI01\N15_M07_F10_KI01_11.mat,inner_race,inner_race,0.013668,0.981701,0.000037,0.004595
data\paderborn\extracted\KI01\KI01\N15_M07_F10_KI01_11.mat,inner_race,inner_race,0.000683,0.973024,0.000093,0.026200
data\paderborn\extracted\KI01\KI01\N15_M07_F10_KI01_11.mat,inner_race,inner_race,0.000270,0.987210,0.000012,0.012508
data\paderborn\extracted\KI01\KI01\N15_M07_F10_KI01_11.mat,inner_race,inner_race,0.001149,0.937951,0.000059,0.060841
data\paderborn\extracted\KI01\KI01\N15_M07_F10_KI01_11.mat,inner_race,inner_race,0.000025,0.975925,0.000023,0.024027
data\paderborn\extracted\KI01\KI01\N15_M07_F10_KI01_11.mat,inner_race,inner_race,0.000111,0.992046,0.000024,0.007819
data\paderborn\extracted\KI01\KI01\N15_M07_F10_KI01_11.mat,inner_race,inner_race,0.000059,0.999532,0.000030,0.000379
data\paderborn\extracted\KI01\KI01\N15_M07_F10_KI01_11.mat,inner_race,inner_race,0.000354,0.999445,0.000061,0.000141
data\paderborn\extracted\KI01\KI01\N15_M07_F10_KI01_11.mat,inner_race,inner_race,0.000416,0.998753,0.000073,0.000758
data\paderborn\extracted\KI01\KI01\N15_M07_F10_KI01_11.mat,inner_race,inner_race,0.009242,0.990602,0.000038,0.000119
data\paderborn\extracted\KI01\KI01\N15_M07_F10_KI01_11.mat,inner_race,inner_race,0.000661,0.999169,0.000099,0.000071
data\paderborn\extracted\KI01\KI01\N15_M07_F10_KI01_11.mat,inner_race,inner_race,0.000673,0.994851,0.002281,0.002194
data\paderborn\extracted\KI01\KI01\N15_M07_F10_KI01_11.mat,inner_race,inner_race,0.000616,0.933737,0.001807,0.063840
data\paderborn\extracted\KI01\KI01\N15_M07_F10_KI01_11.mat,inner_race,inner_race,0.000768,0.997344,0.000032,0.001856
data\paderborn\extracted\KI01\KI01\N15_M07_F10_KI01_11.mat,inner_race,inner_race,0.000407,0.999485,0.000064,0.000044
data\paderborn\extracted\KI01\KI01\N15_M07_F10_KI01_12.mat,inner_race,inner_race,0.000237,0.999549,0.000126,0.000087
data\paderborn\extracted\KI01\KI01\N15_M07_F10_KI01_12.mat,inner_race,inner_race,0.000261,0.999005,0.000127,0.000607
data\paderborn\extracted\KI01\KI01\N15_M07_F10_KI01_12.mat,inner_race,inner_race,0.002342,0.995935,0.000913,0.000810
data\paderborn\extracted\KI01\KI01\N15_M07_F10_KI01_12.mat,inner_race,inner_race,0.004724,0.994878,0.000208,0.000189
data\paderborn\extracted\KI01\KI01\N15_M07_F10_KI01_12.mat,inner_race,inner_race,0.000828,0.998916,0.000090,0.000166
data\paderborn\extracted\KI01\KI01\N15_M07_F10_KI01_12.mat,inner_race,inner_race,0.000129,0.999032,0.000151,0.000689
data\paderborn\extracted\KI01\KI01\N15_M07_F10_KI01_12.mat,inner_race,inner_race,0.000188,0.998576,0.000064,0.001172
data\paderborn\extracted\KI01\KI01\N15_M07_F10_KI01_12.mat,inner_race,inner_race,0.000412,0.997981,0.000023,0.001584
data\paderborn\extracted\KI01\KI01\N15_M07_F10_KI01_12.mat,inner_race,inner_race,0.000882,0.998817,0.000045,0.000256
data\paderborn\extracted\KI01\KI01\N15_M07_F10_KI01_12.mat,inner_race,inner_race,0.000446,0.999305,0.000026,0.000223
data\paderborn\extracted\KI01\KI01\N15_M07_F10_KI01_12.mat,inner_race,inner_race,0.000384,0.998303,0.000029,0.001284
data\paderborn\extracted\KI01\KI01\N15_M07_F10_KI01_12.mat,inner_race,inner_race,0.000199,0.998110,0.000014,0.001677
data\paderborn\extracted\KI01\KI01\N15_M07_F10_KI01_12.mat,inner_race,inner_race,0.000052,0.948365,0.000081,0.051501
data\paderborn\extracted\KI01\KI01\N15_M07_F10_KI01_12.mat,inner_race,inner_race,0.000612,0.954190,0.000029,0.045168
data\paderborn\extracted\KI01\KI01\N15_M07_F10_KI01_12.mat,inner_race,inner_race,0.037717,0.952230,0.000059,0.009993
data\paderborn\extracted\KI01\KI01\N15_M07_F10_KI01_12.mat,inner_race,inner_race,0.001070,0.995269,0.000024,0.003637
data\paderborn\extracted\KI01\KI01\N15_M07_F10_KI01_13.mat,inner_race,inner_race,0.004588,0.995083,0.000048,0.000282
data\paderborn\extracted\KI01\KI01\N15_M07_F10_KI01_13.mat,inner_race,inner_race,0.000162,0.999539,0.000084,0.000215
data\paderborn\extracted\KI01\KI01\N15_M07_F10_KI01_13.mat,inner_race,inner_race,0.000532,0.999197,0.000082,0.000189
data\paderborn\extracted\KI01\KI01\N15_M07_F10_KI01_13.mat,inner_race,inner_race,0.003338,0.992357,0.000216,0.004089
data\paderborn\extracted\KI01\KI01\N15_M07_F10_KI01_13.mat,inner_race,inner_race,0.001946,0.997809,0.000013,0.000233
data\paderborn\extracted\KI01\KI01\N15_M07_F10_KI01_13.mat,inner_race,inner_race,0.002847,0.996897,0.000038,0.000218
data\paderborn\extracted\KI01\KI01\N15_M07_F10_KI01_13.mat,inner_race,inner_race,0.033385,0.965847,0.000019,0.000749
data\paderborn\extracted\KI01\KI01\N15_M07_F10_KI01_13.mat,inner_race,inner_race,0.000147,0.939754,0.000064,0.060035
data\paderborn\extracted\KI01\KI01\N15_M07_F10_KI01_13.mat,inner_race,rolling_element,0.000056,0.431865,0.000128,0.567950
data\paderborn\extracted\KI01\KI01\N15_M07_F10_KI01_13.mat,inner_race,inner_race,0.000327,0.659833,0.000171,0.339670
data\paderborn\extracted\KI01\KI01\N15_M07_F10_KI01_13.mat,inner_race,inner_race,0.000064,0.974106,0.000043,0.025786
data\paderborn\extracted\KI01\KI01\N15_M07_F10_KI01_13.mat,inner_race,inner_race,0.000229,0.997833,0.000006,0.001932
data\paderborn\extracted\KI01\KI01\N15_M07_F10_KI01_13.mat,inner_race,inner_race,0.000507,0.999245,0.000013,0.000236
data\paderborn\extracted\KI01\KI01\N15_M07_F10_KI01_13.mat,inner_race,inner_race,0.000172,0.998168,0.000024,0.001636
data\paderborn\extracted\KI01\KI01\N15_M07_F10_KI01_13.mat,inner_race,inner_race,0.000396,0.997281,0.000098,0.002225
data\paderborn\extracted\KI01\KI01\N15_M07_F10_KI01_13.mat,inner_race,inner_race,0.001715,0.998108,0.000086,0.000091
data\paderborn\extracted\KI01\KI01\N15_M07_F10_KI01_14.mat,inner_race,inner_race,0.000698,0.998498,0.000474,0.000330
data\paderborn\extracted\KI01\KI01\N15_M07_F10_KI01_14.mat,inner_race,inner_race,0.000399,0.998142,0.000243,0.001216
data\paderborn\extracted\KI01\KI01\N15_M07_F10_KI01_14.mat,inner_race,inner_race,0.004729,0.994728,0.000088,0.000456
data\paderborn\extracted\KI01\KI01\N15_M07_F10_KI01_14.mat,inner_race,inner_race,0.013092,0.986723,0.000042,0.000142
data\paderborn\extracted\KI01\KI01\N15_M07_F10_KI01_14.mat,inner_race,inner_race,0.006537,0.992557,0.000027,0.000880
data\paderborn\extracted\KI01\KI01\N15_M07_F10_KI01_14.mat,inner_race,inner_race,0.001880,0.994324,0.000036,0.003760
data\paderborn\extracted\KI01\KI01\N15_M07_F10_KI01_14.mat,inner_race,inner_race,0.000267,0.970108,0.000061,0.029564
data\paderborn\extracted\KI01\KI01\N15_M07_F10_KI01_14.mat,inner_race,inner_race,0.000079,0.814732,0.000174,0.185016
data\paderborn\extracted\KI01\KI01\N15_M07_F10_KI01_14.mat,inner_race,inner_race,0.000483,0.887729,0.000079,0.111710
data\paderborn\extracted\KI01\KI01\N15_M07_F10_KI01_14.mat,inner_race,inner_race,0.000413,0.995878,0.000015,0.003693
data\paderborn\extracted\KI01\KI01\N15_M07_F10_KI01_14.mat,inner_race,inner_race,0.003320,0.995423,0.000020,0.001237
data\paderborn\extracted\KI01\KI01\N15_M07_F10_KI01_14.mat,inner_race,inner_race,0.000036,0.987828,0.000023,0.012112
data\paderborn\extracted\KI01\KI01\N15_M07_F10_KI01_14.mat,inner_race,inner_race,0.000058,0.998995,0.000066,0.000881
data\paderborn\extracted\KI01\KI01\N15_M07_F10_KI01_14.mat,inner_race,inner_race,0.001643,0.998230,0.000070,0.000057
data\paderborn\extracted\KI01\KI01\N15_M07_F10_KI01_14.mat,inner_race,inner_race,0.001388,0.997910,0.000674,0.000028
data\paderborn\extracted\KI01\KI01\N15_M07_F10_KI01_14.mat,inner_race,inner_race,0.005229,0.993805,0.000948,0.000018
data\paderborn\extracted\KI01\KI01\N15_M07_F10_KI01_15.mat,inner_race,inner_race,0.000788,0.997488,0.000007,0.001717
data\paderborn\extracted\KI01\KI01\N15_M07_F10_KI01_15.mat,inner_race,inner_race,0.000662,0.994467,0.000041,0.004830
data\paderborn\extracted\KI01\KI01\N15_M07_F10_KI01_15.mat,inner_race,inner_race,0.005740,0.985804,0.000033,0.008422
data\paderborn\extracted\KI01\KI01\N15_M07_F10_KI01_15.mat,inner_race,inner_race,0.001835,0.989120,0.000035,0.009009
data\paderborn\extracted\KI01\KI01\N15_M07_F10_KI01_15.mat,inner_race,inner_race,0.001148,0.994949,0.000138,0.003766
data\paderborn\extracted\KI01\KI01\N15_M07_F10_KI01_15.mat,inner_race,inner_race,0.000715,0.997298,0.000034,0.001953
data\paderborn\extracted\KI01\KI01\N15_M07_F10_KI01_15.mat,inner_race,inner_race,0.000446,0.998041,0.000025,0.001488
data\paderborn\extracted\KI01\KI01\N15_M07_F10_KI01_15.mat,inner_race,inner_race,0.001954,0.997832,0.000160,0.000055
data\paderborn\extracted\KI01\KI01\N15_M07_F10_KI01_15.mat,inner_race,inner_race,0.004900,0.994784,0.000287,0.000029
data\paderborn\extracted\KI01\KI01\N15_M07_F10_KI01_15.mat,inner_race,inner_race,0.001824,0.997044,0.000702,0.000430
data\paderborn\extracted\KI01\KI01\N15_M07_F10_KI01_15.mat,inner_race,inner_race,0.000575,0.995502,0.000155,0.003768
data\paderborn\extracted\KI01\KI01\N15_M07_F10_KI01_15.mat,inner_race,inner_race,0.000397,0.999265,0.000028,0.000311
data\paderborn\extracted\KI01\KI01\N15_M07_F10_KI01_15.mat,inner_race,inner_race,0.001823,0.997933,0.000035,0.000209
data\paderborn\extracted\KI01\KI01\N15_M07_F10_KI01_15.mat,inner_race,inner_race,0.000264,0.998538,0.000322,0.000876
data\paderborn\extracted\KI01\KI01\N15_M07_F10_KI01_15.mat,inner_race,inner_race,0.000365,0.998437,0.000384,0.000814
data\paderborn\extracted\KI01\KI01\N15_M07_F10_KI01_15.mat,inner_race,inner_race,0.001313,0.989157,0.000336,0.009194
data\paderborn\extracted\KI01\KI01\N15_M07_F10_KI01_16.mat,inner_race,inner_race,0.152363,0.836187,0.000171,0.011279
data\paderborn\extracted\KI01\KI01\N15_M07_F10_KI01_16.mat,inner_race,inner_race,0.001263,0.987467,0.000021,0.011249
data\paderborn\extracted\KI01\KI01\N15_M07_F10_KI01_16.mat,inner_race,inner_race,0.000068,0.948988,0.000181,0.050763
data\paderborn\extracted\KI01\KI01\N15_M07_F10_KI01_16.mat,inner_race,inner_race,0.000015,0.841269,0.000083,0.158633
data\paderborn\extracted\KI01\KI01\N15_M07_F10_KI01_16.mat,inner_race,inner_race,0.000065,0.991137,0.000009,0.008790
data\paderborn\extracted\KI01\KI01\N15_M07_F10_KI01_16.mat,inner_race,inner_race,0.000126,0.999514,0.000008,0.000352
data\paderborn\extracted\KI01\KI01\N15_M07_F10_KI01_16.mat,inner_race,inner_race,0.000192,0.999729,0.000044,0.000035
data\paderborn\extracted\KI01\KI01\N15_M07_F10_KI01_16.mat,inner_race,inner_race,0.000319,0.999407,0.000048,0.000226
data\paderborn\extracted\KI01\KI01\N15_M07_F10_KI01_16.mat,inner_race,inner_race,0.000733,0.998358,0.000333,0.000575
data\paderborn\extracted\KI01\KI01\N15_M07_F10_KI01_16.mat,inner_race,inner_race,0.002665,0.997219,0.000057,0.000060
data\paderborn\extracted\KI01\KI01\N15_M07_F10_KI01_16.mat,inner_race,inner_race,0.000248,0.999364,0.000063,0.000326
data\paderborn\extracted\KI01\KI01\N15_M07_F10_KI01_16.mat,inner_race,inner_race,0.000254,0.997417,0.000419,0.001910
data\paderborn\extracted\KI01\KI01\N15_M07_F10_KI01_16.mat,inner_race,inner_race,0.000367,0.997096,0.000622,0.001915
data\paderborn\extracted\KI01\KI01\N15_M07_F10_KI01_16.mat,inner_race,inner_race,0.000563,0.995949,0.000051,0.003436
data\paderborn\extracted\KI01\KI01\N15_M07_F10_KI01_16.mat,inner_race,inner_race,0.000873,0.998634,0.000184,0.000309
data\paderborn\extracted\KI01\KI01\N15_M07_F10_KI01_16.mat,inner_race,inner_race,0.002738,0.996207,0.000935,0.000120
data\paderborn\extracted\KI01\KI01\N15_M07_F10_KI01_17.mat,inner_race,inner_race,0.000327,0.932415,0.000095,0.067163
data\paderborn\extracted\KI01\KI01\N15_M07_F10_KI01_17.mat,inner_race,inner_race,0.000167,0.771026,0.000183,0.228624
data\paderborn\extracted\KI01\KI01\N15_M07_F10_KI01_17.mat,inner_race,inner_race,0.000172,0.769541,0.000318,0.229969
data\paderborn\extracted\KI01\KI01\N15_M07_F10_KI01_17.mat,inner_race,inner_race,0.000142,0.997841,0.000005,0.002013
data\paderborn\extracted\KI01\KI01\N15_M07_F10_KI01_17.mat,inner_race,inner_race,0.011032,0.983434,0.000058,0.005476
data\paderborn\extracted\KI01\KI01\N15_M07_F10_KI01_17.mat,inner_race,inner_race,0.000315,0.999385,0.000016,0.000284
data\paderborn\extracted\KI01\KI01\N15_M07_F10_KI01_17.mat,inner_race,inner_race,0.002297,0.997302,0.000305,0.000096
data\paderborn\extracted\KI01\KI01\N15_M07_F10_KI01_17.mat,inner_race,inner_race,0.000877,0.998747,0.000229,0.000147
data\paderborn\extracted\KI01\KI01\N15_M07_F10_KI01_17.mat,inner_race,inner_race,0.003648,0.995999,0.000223,0.000130
data\paderborn\extracted\KI01\KI01\N15_M07_F10_KI01_17.mat,inner_race,inner_race,0.000774,0.999073,0.000085,0.000068
data\paderborn\extracted\KI01\KI01\N15_M07_F10_KI01_17.mat,inner_race,inner_race,0.000233,0.997578,0.000185,0.002005
data\paderborn\extracted\KI01\KI01\N15_M07_F10_KI01_17.mat,inner_race,inner_race,0.000304,0.981484,0.000548,0.017664
data\paderborn\extracted\KI01\KI01\N15_M07_F10_KI01_17.mat,inner_race,inner_race,0.000801,0.995101,0.001384,0.002714
data\paderborn\extracted\KI01\KI01\N15_M07_F10_KI01_17.mat,inner_race,inner_race,0.006962,0.992883,0.000057,0.000098
data\paderborn\extracted\KI01\KI01\N15_M07_F10_KI01_17.mat,inner_race,inner_race,0.001057,0.998794,0.000073,0.000075
data\paderborn\extracted\KI01\KI01\N15_M07_F10_KI01_17.mat,inner_race,inner_race,0.000242,0.999260,0.000118,0.000380
data\paderborn\extracted\KI01\KI01\N15_M07_F10_KI01_18.mat,inner_race,inner_race,0.000260,0.994998,0.000102,0.004640
data\paderborn\extracted\KI01\KI01\N15_M07_F10_KI01_18.mat,inner_race,inner_race,0.000314,0.999211,0.000045,0.000430
data\paderborn\extracted\KI01\KI01\N15_M07_F10_KI01_18.mat,inner_race,inner_race,0.000345,0.999157,0.000104,0.000393
data\paderborn\extracted\KI01\KI01\N15_M07_F10_KI01_18.mat,inner_race,inner_race,0.000307,0.999012,0.000422,0.000259
data\paderborn\extracted\KI01\KI01\N15_M07_F10_KI01_18.mat,inner_race,inner_race,0.000691,0.996305,0.001418,0.001586
data\paderborn\extracted\KI01\KI01\N15_M07_F10_KI01_18.mat,inner_race,inner_race,0.004240,0.995064,0.000048,0.000648
data\paderborn\extracted\KI01\KI01\N15_M07_F10_KI01_18.mat,inner_race,inner_race,0.000579,0.999357,0.000018,0.000047
data\paderborn\extracted\KI01\KI01\N15_M07_F10_KI01_18.mat,inner_race,inner_race,0.000336,0.999478,0.000051,0.000135
data\paderborn\extracted\KI01\KI01\N15_M07_F10_KI01_18.mat,inner_race,inner_race,0.003960,0.995079,0.000024,0.000936
data\paderborn\extracted\KI01\KI01\N15_M07_F10_KI01_18.mat,inner_race,inner_race,0.000607,0.996805,0.000022,0.002566
data\paderborn\extracted\KI01\KI01\N15_M07_F10_KI01_18.mat,inner_race,inner_race,0.000354,0.936630,0.000067,0.062948
data\paderborn\extracted\KI01\KI01\N15_M07_F10_KI01_18.mat,inner_race,inner_race,0.008871,0.616822,0.000597,0.373710
data\paderborn\extracted\KI01\KI01\N15_M07_F10_KI01_18.mat,inner_race,inner_race,0.000473,0.997875,0.000010,0.001643
data\paderborn\extracted\KI01\KI01\N15_M07_F10_KI01_18.mat,inner_race,inner_race,0.000323,0.997052,0.000010,0.002616
data\paderborn\extracted\KI01\KI01\N15_M07_F10_KI01_18.mat,inner_race,inner_race,0.000660,0.978290,0.000035,0.021014
data\paderborn\extracted\KI01\KI01\N15_M07_F10_KI01_18.mat,inner_race,inner_race,0.000058,0.999836,0.000020,0.000085
data\paderborn\extracted\KI01\KI01\N15_M07_F10_KI01_19.mat,inner_race,inner_race,0.000024,0.618783,0.000209,0.380984
data\paderborn\extracted\KI01\KI01\N15_M07_F10_KI01_19.mat,inner_race,inner_race,0.000200,0.931890,0.000068,0.067842
data\paderborn\extracted\KI01\KI01\N15_M07_F10_KI01_19.mat,inner_race,inner_race,0.001227,0.997301,0.000009,0.001464
data\paderborn\extracted\KI01\KI01\N15_M07_F10_KI01_19.mat,inner_race,inner_race,0.001375,0.998100,0.000011,0.000515
data\paderborn\extracted\KI01\KI01\N15_M07_F10_KI01_19.mat,inner_race,inner_race,0.000039,0.999818,0.000035,0.000108
data\paderborn\extracted\KI01\KI01\N15_M07_F10_KI01_19.mat,inner_race,inner_race,0.000113,0.999615,0.000087,0.000186
data\paderborn\extracted\KI01\KI01\N15_M07_F10_KI01_19.mat,inner_race,inner_race,0.000304,0.999397,0.000034,0.000264
data\paderborn\extracted\KI01\KI01\N15_M07_F10_KI01_19.mat,inner_race,inner_race,0.014219,0.985527,0.000231,0.000023
data\paderborn\extracted\KI01\KI01\N15_M07_F10_KI01_19.mat,inner_race,inner_race,0.000510,0.999346,0.000112,0.000033
data\paderborn\extracted\KI01\KI01\N15_M07_F10_KI01_19.mat,inner_race,inner_race,0.000579,0.998729,0.000324,0.000367
data\paderborn\extracted\KI01\KI01\N15_M07_F10_KI01_19.mat,inner_race,inner_race,0.000656,0.996559,0.000723,0.002062
data\paderborn\extracted\KI01\KI01\N15_M07_F10_KI01_19.mat,inner_race,inner_race,0.000499,0.998973,0.000079,0.000450
data\paderborn\extracted\KI01\KI01\N15_M07_F10_KI01_19.mat,inner_race,inner_race,0.002072,0.997632,0.000212,0.000084
data\paderborn\extracted\KI01\KI01\N15_M07_F10_KI01_19.mat,inner_race,inner_race,0.001498,0.998070,0.000291,0.000141
data\paderborn\extracted\KI01\KI01\N15_M07_F10_KI01_19.mat,inner_race,inner_race,0.001452,0.997630,0.000022,0.000896
data\paderborn\extracted\KI01\KI01\N15_M07_F10_KI01_19.mat,inner_race,inner_race,0.000493,0.996219,0.000077,0.003211
data\paderborn\extracted\KI01\KI01\N15_M07_F10_KI01_2.mat,inner_race,inner_race,0.000493,0.994957,0.000024,0.004526
data\paderborn\extracted\KI01\KI01\N15_M07_F10_KI01_2.mat,inner_race,inner_race,0.002396,0.976914,0.000093,0.020597
data\paderborn\extracted\KI01\KI01\N15_M07_F10_KI01_2.mat,inner_race,inner_race,0.000831,0.974210,0.000059,0.024901
data\paderborn\extracted\KI01\KI01\N15_M07_F10_KI01_2.mat,inner_race,inner_race,0.000083,0.901843,0.000054,0.098019
data\paderborn\extracted\KI01\KI01\N15_M07_F10_KI01_2.mat,inner_race,inner_race,0.004435,0.994053,0.000021,0.001491
data\paderborn\extracted\KI01\KI01\N15_M07_F10_KI01_2.mat,inner_race,inner_race,0.001313,0.998466,0.000094,0.000127
data\paderborn\extracted\KI01\KI01\N15_M07_F10_KI01_2.mat,inner_race,inner_race,0.000144,0.999642,0.000022,0.000192
data\paderborn\extracted\KI01\KI01\N15_M07_F10_KI01_2.mat,inner_race,inner_race,0.000283,0.986321,0.000324,0.013072
data\paderborn\extracted\KI01\KI01\N15_M07_F10_KI01_2.mat,inner_race,inner_race,0.000325,0.945392,0.000607,0.053677
data\paderborn\extracted\KI01\KI01\N15_M07_F10_KI01_2.mat,inner_race,inner_race,0.000452,0.999151,0.000028,0.000369
data\paderborn\extracted\KI01\KI01\N15_M07_F10_KI01_2.mat,inner_race,inner_race,0.000355,0.999464,0.000049,0.000133
data\paderborn\extracted\KI01\KI01\N15_M07_F10_KI01_2.mat,inner_race,inner_race,0.000842,0.998789,0.000119,0.000250
data\paderborn\extracted\KI01\KI01\N15_M07_F10_KI01_2.mat,inner_race,inner_race,0.003092,0.994351,0.000777,0.001780
data\paderborn\extracted\KI01\KI01\N15_M07_F10_KI01_2.mat,inner_race,inner_race,0.000749,0.997299,0.000182,0.001770
data\paderborn\extracted\KI01\KI01\N15_M07_F10_KI01_2.mat,inner_race,inner_race,0.002682,0.996993,0.000034,0.000291
data\paderborn\extracted\KI01\KI01\N15_M07_F10_KI01_2.mat,inner_race,inner_race,0.005310,0.984682,0.000274,0.009733
data\paderborn\extracted\KI01\KI01\N15_M07_F10_KI01_20.mat,inner_race,inner_race,0.004066,0.994631,0.000130,0.001173
data\paderborn\extracted\KI01\KI01\N15_M07_F10_KI01_20.mat,inner_race,inner_race,0.000326,0.998996,0.000007,0.000671
data\paderborn\extracted\KI01\KI01\N15_M07_F10_KI01_20.mat,inner_race,inner_race,0.000318,0.986673,0.000032,0.012977
data\paderborn\extracted\KI01\KI01\N15_M07_F10_KI01_20.mat,inner_race,inner_race,0.000301,0.827040,0.000477,0.172182
data\paderborn\extracted\KI01\KI01\N15_M07_F10_KI01_20.mat,inner_race,inner_race,0.000364,0.950114,0.000055,0.049467
data\paderborn\extracted\KI01\KI01\N15_M07_F10_KI01_20.mat,inner_race,inner_race,0.001378,0.968550,0.000079,0.029993
data\paderborn\extracted\KI01\KI01\N15_M07_F10_KI01_20.mat,inner_race,inner_race,0.000630,0.996292,0.000027,0.003051
data\paderborn\extracted\KI01\KI01\N15_M07_F10_KI01_20.mat,inner_race,inner_race,0.000041,0.999485,0.000010,0.000464
data\paderborn\extracted\KI01\KI01\N15_M07_F10_KI01_20.mat,inner_race,inner_race,0.000140,0.998945,0.000010,0.000906
data\paderborn\extracted\KI01\KI01\N15_M07_F10_KI01_20.mat,inner_race,inner_race,0.000595,0.998594,0.000258,0.000553
data\paderborn\extracted\KI01\KI01\N15_M07_F10_KI01_20.mat,inner_race,inner_race,0.003332,0.996320,0.000286,0.000063
data\paderborn\extracted\KI01\KI01\N15_M07_F10_KI01_20.mat,inner_race,inner_race,0.000390,0.999336,0.000134,0.000140
data\paderborn\extracted\KI01\KI01\N15_M07_F10_KI01_20.mat,inner_race,inner_race,0.000171,0.999093,0.000441,0.000296
data\paderborn\extracted\KI01\KI01\N15_M07_F10_KI01_20.mat,inner_race,inner_race,0.000272,0.995541,0.000378,0.003809
data\paderborn\extracted\KI01\KI01\N15_M07_F10_KI01_20.mat,inner_race,inner_race,0.001088,0.992010,0.000083,0.006818
data\paderborn\extracted\KI01\KI01\N15_M07_F10_KI01_20.mat,inner_race,inner_race,0.001495,0.998341,0.000059,0.000106
data\paderborn\extracted\KI01\KI01\N15_M07_F10_KI01_3.mat,inner_race,inner_race,0.000053,0.993154,0.000037,0.006756
data\paderborn\extracted\KI01\KI01\N15_M07_F10_KI01_3.mat,inner_race,inner_race,0.000130,0.961002,0.000051,0.038818
data\paderborn\extracted\KI01\KI01\N15_M07_F10_KI01_3.mat,inner_race,inner_race,0.000078,0.997893,0.000024,0.002005
data\paderborn\extracted\KI01\KI01\N15_M07_F10_KI01_3.mat,inner_race,inner_race,0.000131,0.999720,0.000023,0.000126
data\paderborn\extracted\KI01\KI01\N15_M07_F10_KI01_3.mat,inner_race,inner_race,0.001114,0.998729,0.000124,0.000033
data\paderborn\extracted\KI01\KI01\N15_M07_F10_KI01_3.mat,inner_race,inner_race,0.000204,0.999615,0.000141,0.000039
data\paderborn\extracted\KI01\KI01\N15_M07_F10_KI01_3.mat,inner_race,inner_race,0.000833,0.996820,0.000406,0.001941
data\paderborn\extracted\KI01\KI01\N15_M07_F10_KI01_3.mat,inner_race,inner_race,0.000141,0.996164,0.000204,0.003491
data\paderborn\extracted\KI01\KI01\N15_M07_F10_KI01_3.mat,inner_race,inner_race,0.108636,0.890083,0.000817,0.000463
data\paderborn\extracted\KI01\KI01\N15_M07_F10_KI01_3.mat,inner_race,inner_race,0.010340,0.989270,0.000166,0.000224
data\paderborn\extracted\KI01\KI01\N15_M07_F10_KI01_3.mat,inner_race,inner_race,0.000317,0.998511,0.000088,0.001084
data\paderborn\extracted\KI01\KI01\N15_M07_F10_KI01_3.mat,inner_race,inner_race,0.000593,0.998506,0.000024,0.000877
data\paderborn\extracted\KI01\KI01\N15_M07_F10_KI01_3.mat,inner_race,inner_race,0.004819,0.992315,0.000048,0.002818
data\paderborn\extracted\KI01\KI01\N15_M07_F10_KI01_3.mat,inner_race,inner_race,0.000816,0.998572,0.000020,0.000591
data\paderborn\extracted\KI01\KI01\N15_M07_F10_KI01_3.mat,inner_race,inner_race,0.011797,0.986898,0.000017,0.001288
data\paderborn\extracted\KI01\KI01\N15_M07_F10_KI01_3.mat,inner_race,inner_race,0.000500,0.984393,0.000039,0.015068
data\paderborn\extracted\KI01\KI01\N15_M07_F10_KI01_4.mat,inner_race,inner_race,0.000411,0.997400,0.000761,0.001428
data\paderborn\extracted\KI01\KI01\N15_M07_F10_KI01_4.mat,inner_race,inner_race,0.001244,0.988672,0.000290,0.009794
data\paderborn\extracted\KI01\KI01\N15_M07_F10_KI01_4.mat,inner_race,inner_race,0.049420,0.950180,0.000264,0.000136
data\paderborn\extracted\KI01\KI01\N15_M07_F10_KI01_4.mat,inner_race,inner_race,0.001478,0.998325,0.000162,0.000035
data\paderborn\extracted\KI01\KI01\N15_M07_F10_KI01_4.mat,inner_race,inner_race,0.003878,0.995878,0.000212,0.000032
data\paderborn\extracted\KI01\KI01\N15_M07_F10_KI01_4.mat,inner_race,inner_race,0.000557,0.999193,0.000035,0.000215
data\paderborn\extracted\KI01\KI01\N15_M07_F10_KI01_4.mat,inner_race,inner_race,0.010993,0.963760,0.000153,0.025094
data\paderborn\extracted\KI01\KI01\N15_M07_F10_KI01_4.mat,inner_race,inner_race,0.020749,0.961741,0.000044,0.017466
data\paderborn\extracted\KI01\KI01\N15_M07_F10_KI01_4.mat,inner_race,inner_race,0.053227,0.942735,0.000027,0.004011
data\paderborn\extracted\KI01\KI01\N15_M07_F10_KI01_4.mat,inner_race,inner_race,0.000163,0.986366,0.000029,0.013442
data\paderborn\extracted\KI01\KI01\N15_M07_F10_KI01_4.mat,inner_race,inner_race,0.001544,0.969398,0.000044,0.029014
data\paderborn\extracted\KI01\KI01\N15_M07_F10_KI01_4.mat,inner_race,inner_race,0.000044,0.992321,0.000013,0.007622
data\paderborn\extracted\KI01\KI01\N15_M07_F10_KI01_4.mat,inner_race,inner_race,0.000048,0.974634,0.000045,0.025273
data\paderborn\extracted\KI01\KI01\N15_M07_F10_KI01_4.mat,inner_race,inner_race,0.000130,0.999662,0.000010,0.000198
data\paderborn\extracted\KI01\KI01\N15_M07_F10_KI01_4.mat,inner_race,inner_race,0.000199,0.999715,0.000060,0.000026
data\paderborn\extracted\KI01\KI01\N15_M07_F10_KI01_4.mat,inner_race,inner_race,0.000104,0.999668,0.000107,0.000120
data\paderborn\extracted\KI01\KI01\N15_M07_F10_KI01_5.mat,inner_race,inner_race,0.000099,0.992804,0.000018,0.007079
data\paderborn\extracted\KI01\KI01\N15_M07_F10_KI01_5.mat,inner_race,inner_race,0.005699,0.993137,0.000063,0.001101
data\paderborn\extracted\KI01\KI01\N15_M07_F10_KI01_5.mat,inner_race,inner_race,0.000514,0.999289,0.000059,0.000138
data\paderborn\extracted\KI01\KI01\N15_M07_F10_KI01_5.mat,inner_race,inner_race,0.000324,0.999479,0.000154,0.000043
data\paderborn\extracted\KI01\KI01\N15_M07_F10_KI01_5.mat,inner_race,inner_race,0.001747,0.997480,0.000240,0.000533
data\paderborn\extracted\KI01\KI01\N15_M07_F10_KI01_5.mat,inner_race,inner_race,0.000875,0.993039,0.000099,0.005987
data\paderborn\extracted\KI01\KI01\N15_M07_F10_KI01_5.mat,inner_race,inner_race,0.000477,0.998657,0.000060,0.000805
data\paderborn\extracted\KI01\KI01\N15_M07_F10_KI01_5.mat,inner_race,inner_race,0.000223,0.999154,0.000177,0.000446
data\paderborn\extracted\KI01\KI01\N15_M07_F10_KI01_5.mat,inner_race,inner_race,0.000499,0.998269,0.000370,0.000862
data\paderborn\extracted\KI01\KI01\N15_M07_F10_KI01_5.mat,inner_race,inner_race,0.000105,0.996418,0.000069,0.003408
data\paderborn\extracted\KI01\KI01\N15_M07_F10_KI01_5.mat,inner_race,inner_race,0.003841,0.995829,0.000013,0.000316
data\paderborn\extracted\KI01\KI01\N15_M07_F10_KI01_5.mat,inner_race,inner_race,0.001768,0.997861,0.000131,0.000240
data\paderborn\extracted\KI01\KI01\N15_M07_F10_KI01_5.mat,inner_race,inner_race,0.000228,0.999088,0.000056,0.000628
data\paderborn\extracted\KI01\KI01\N15_M07_F10_KI01_5.mat,inner_race,inner_race,0.025819,0.960068,0.000199,0.013913
data\paderborn\extracted\KI01\KI01\N15_M07_F10_KI01_5.mat,inner_race,inner_race,0.001663,0.988531,0.000034,0.009772
data\paderborn\extracted\KI01\KI01\N15_M07_F10_KI01_5.mat,inner_race,inner_race,0.003397,0.988352,0.000025,0.008226
data\paderborn\extracted\KI01\KI01\N15_M07_F10_KI01_6.mat,inner_race,inner_race,0.000109,0.981617,0.000024,0.018251
data\paderborn\extracted\KI01\KI01\N15_M07_F10_KI01_6.mat,inner_race,inner_race,0.000443,0.997209,0.000008,0.002340
data\paderborn\extracted\KI01\KI01\N15_M07_F10_KI01_6.mat,inner_race,inner_race,0.000405,0.996998,0.000023,0.002574
data\paderborn\extracted\KI01\KI01\N15_M07_F10_KI01_6.mat,inner_race,inner_race,0.000223,0.983265,0.000082,0.016430
data\paderborn\extracted\KI01\KI01\N15_M07_F10_KI01_6.mat,inner_race,inner_race,0.000141,0.998883,0.000034,0.000942
data\paderborn\extracted\KI01\KI01\N15_M07_F10_KI01_6.mat,inner_race,inner_race,0.007366,0.992537,0.000053,0.000044
data\paderborn\extracted\KI01\KI01\N15_M07_F10_KI01_6.mat,inner_race,inner_race,0.001054,0.998601,0.000275,0.000069
data\paderborn\extracted\KI01\KI01\N15_M07_F10_KI01_6.mat,inner_race,inner_race,0.000148,0.999605,0.000181,0.000066
data\paderborn\extracted\KI01\KI01\N15_M07_F10_KI01_6.mat,inner_race,inner_race,0.000227,0.995284,0.000142,0.004347
data\paderborn\extracted\KI01\KI01\N15_M07_F10_KI01_6.mat,inner_race,inner_race,0.000963,0.996075,0.000029,0.002934
data\paderborn\extracted\KI01\KI01\N15_M07_F10_KI01_6.mat,inner_race,inner_race,0.000328,0.999377,0.000016,0.000279
data\paderborn\extracted\KI01\KI01\N15_M07_F10_KI01_6.mat,inner_race,inner_race,0.000439,0.999068,0.000108,0.000385
data\paderborn\extracted\KI01\KI01\N15_M07_F10_KI01_6.mat,inner_race,inner_race,0.000514,0.997529,0.000166,0.001791
data\paderborn\extracted\KI01\KI01\N15_M07_F10_KI01_6.mat,inner_race,inner_race,0.000552,0.996272,0.000065,0.003110
data\paderborn\extracted\KI01\KI01\N15_M07_F10_KI01_6.mat,inner_race,inner_race,0.004773,0.994924,0.000029,0.000275
data\paderborn\extracted\KI01\KI01\N15_M07_F10_KI01_6.mat,inner_race,inner_race,0.002866,0.996745,0.000010,0.000379
data\paderborn\extracted\KI01\KI01\N15_M07_F10_KI01_7.mat,inner_race,inner_race,0.000253,0.998467,0.000092,0.001188
data\paderborn\extracted\KI01\KI01\N15_M07_F10_KI01_7.mat,inner_race,inner_race,0.000445,0.999347,0.000096,0.000112
data\paderborn\extracted\KI01\KI01\N15_M07_F10_KI01_7.mat,inner_race,inner_race,0.000851,0.998898,0.000053,0.000198
data\paderborn\extracted\KI01\KI01\N15_M07_F10_KI01_7.mat,inner_race,inner_race,0.000131,0.998636,0.000489,0.000744
data\paderborn\extracted\KI01\KI01\N15_M07_F10_KI01_7.mat,inner_race,inner_race,0.000220,0.993889,0.000300,0.005592
data\paderborn\extracted\KI01\KI01\N15_M07_F10_KI01_7.mat,inner_race,inner_race,0.000747,0.991472,0.000276,0.007506
data\paderborn\extracted\KI01\KI01\N15_M07_F10_KI01_7.mat,inner_race,inner_race,0.002703,0.997097,0.000033,0.000167
data\paderborn\extracted\KI01\KI01\N15_M07_F10_KI01_7.mat,inner_race,inner_race,0.000647,0.998889,0.000099,0.000365
data\paderborn\extracted\KI01\KI01\N15_M07_F10_KI01_7.mat,inner_race,inner_race,0.000085,0.999530,0.000056,0.000330
data\paderborn\extracted\KI01\KI01\N15_M07_F10_KI01_7.mat,inner_race,inner_race,0.000460,0.999434,0.000050,0.000057
data\paderborn\extracted\KI01\KI01\N15_M07_F10_KI01_7.mat,inner_race,inner_race,0.001026,0.998767,0.000015,0.000192
data\paderborn\extracted\KI01\KI01\N15_M07_F10_KI01_7.mat,inner_race,inner_race,0.013002,0.986429,0.000018,0.000551
data\paderborn\extracted\KI01\KI01\N15_M07_F10_KI01_7.mat,inner_race,inner_race,0.016346,0.972298,0.000032,0.011324
data\paderborn\extracted\KI01\KI01\N15_M07_F10_KI01_7.mat,inner_race,inner_race,0.000110,0.874888,0.000070,0.124932
data\paderborn\extracted\KI01\KI01\N15_M07_F10_KI01_7.mat,inner_race,inner_race,0.000113,0.653514,0.000086,0.346287
data\paderborn\extracted\KI01\KI01\N15_M07_F10_KI01_7.mat,inner_race,inner_race,0.000223,0.959274,0.000063,0.040441
data\paderborn\extracted\KI01\KI01\N15_M07_F10_KI01_8.mat,inner_race,inner_race,0.000250,0.999350,0.000112,0.000287
data\paderborn\extracted\KI01\KI01\N15_M07_F10_KI01_8.mat,inner_race,inner_race,0.000413,0.999010,0.000058,0.000519
data\paderborn\extracted\KI01\KI01\N15_M07_F10_KI01_8.mat,inner_race,inner_race,0.000270,0.999382,0.000058,0.000289
data\paderborn\extracted\KI01\KI01\N15_M07_F10_KI01_8.mat,inner_race,inner_race,0.000375,0.999509,0.000074,0.000043
data\paderborn\extracted\KI01\KI01\N15_M07_F10_KI01_8.mat,inner_race,inner_race,0.000302,0.999079,0.000447,0.000172
data\paderborn\extracted\KI01\KI01\N15_M07_F10_KI01_8.mat,inner_race,inner_race,0.000377,0.996449,0.000943,0.002230
data\paderborn\extracted\KI01\KI01\N15_M07_F10_KI01_8.mat,inner_race,inner_race,0.000108,0.998048,0.000035,0.001809
data\paderborn\extracted\KI01\KI01\N15_M07_F10_KI01_8.mat,inner_race,inner_race,0.000179,0.999623,0.000015,0.000182
data\paderborn\extracted\KI01\KI01\N15_M07_F10_KI01_8.mat,inner_race,inner_race,0.002830,0.997089,0.000052,0.000028
data\paderborn\extracted\KI01\KI01\N15_M07_F10_KI01_8.mat,inner_race,inner_race,0.002903,0.996720,0.000245,0.000132
data\paderborn\extracted\KI01\KI01\N15_M07_F10_KI01_8.mat,inner_race,inner_race,0.001735,0.997411,0.000027,0.000827
data\paderborn\extracted\KI01\KI01\N15_M07_F10_KI01_8.mat,inner_race,inner_race,0.009902,0.963386,0.000265,0.026447
data\paderborn\extracted\KI01\KI01\N15_M07_F10_KI01_8.mat,inner_race,inner_race,0.000163,0.986843,0.000095,0.012899
data\paderborn\extracted\KI01\KI01\N15_M07_F10_KI01_8.mat,inner_race,inner_race,0.000627,0.989975,0.000062,0.009335
data\paderborn\extracted\KI01\KI01\N15_M07_F10_KI01_8.mat,inner_race,inner_race,0.000538,0.983489,0.000036,0.015937
data\paderborn\extracted\KI01\KI01\N15_M07_F10_KI01_8.mat,inner_race,inner_race,0.000189,0.968373,0.000027,0.031411
data\paderborn\extracted\KI01\KI01\N15_M07_F10_KI01_9.mat,inner_race,inner_race,0.000210,0.999289,0.000314,0.000187
data\paderborn\extracted\KI01\KI01\N15_M07_F10_KI01_9.mat,inner_race,inner_race,0.000148,0.996458,0.000337,0.003058
data\paderborn\extracted\KI01\KI01\N15_M07_F10_KI01_9.mat,inner_race,inner_race,0.002558,0.993934,0.000158,0.003350
data\paderborn\extracted\KI01\KI01\N15_M07_F10_KI01_9.mat,inner_race,inner_race,0.000578,0.999246,0.000025,0.000151
data\paderborn\extracted\KI01\KI01\N15_M07_F10_KI01_9.mat,inner_race,inner_race,0.000647,0.999249,0.000064,0.000040
data\paderborn\extracted\KI01\KI01\N15_M07_F10_KI01_9.mat,inner_race,inner_race,0.008137,0.991567,0.000213,0.000083
data\paderborn\extracted\KI01\KI01\N15_M07_F10_KI01_9.mat,inner_race,inner_race,0.000127,0.999587,0.000021,0.000266
data\paderborn\extracted\KI01\KI01\N15_M07_F10_KI01_9.mat,inner_race,inner_race,0.001456,0.998246,0.000017,0.000281
data\paderborn\extracted\KI01\KI01\N15_M07_F10_KI01_9.mat,inner_race,inner_race,0.001694,0.997827,0.000009,0.000469
data\paderborn\extracted\KI01\KI01\N15_M07_F10_KI01_9.mat,inner_race,inner_race,0.001644,0.988166,0.000054,0.010136
data\paderborn\extracted\KI01\KI01\N15_M07_F10_KI01_9.mat,inner_race,inner_race,0.001053,0.953229,0.000038,0.045680
data\paderborn\extracted\KI01\KI01\N15_M07_F10_KI01_9.mat,inner_race,inner_race,0.000589,0.943490,0.000031,0.055889
data\paderborn\extracted\KI01\KI01\N15_M07_F10_KI01_9.mat,inner_race,inner_race,0.000111,0.963166,0.000019,0.036704
data\paderborn\extracted\KI01\KI01\N15_M07_F10_KI01_9.mat,inner_race,inner_race,0.000076,0.997906,0.000006,0.002012
data\paderborn\extracted\KI01\KI01\N15_M07_F10_KI01_9.mat,inner_race,inner_race,0.000072,0.997960,0.000012,0.001956
data\paderborn\extracted\KI01\KI01\N15_M07_F10_KI01_9.mat,inner_race,inner_race,0.000137,0.999322,0.000025,0.000516
