source,actual,predicted,p_healthy,p_inner_race,p_outer_race,p_rolling_element
data\paderborn\extracted\K001\K001\N09_M07_F10_K001_1.mat,healthy,healthy,0.433446,0.355814,0.037640,0.173099
data\paderborn\extracted\K001\K001\N09_M07_F10_K001_1.mat,healthy,outer_race,0.146596,0.174658,0.380142,0.298603
data\paderborn\extracted\K001\K001\N09_M07_F10_K001_1.mat,healthy,healthy,0.361877,0.120399,0.288598,0.229126
data\paderborn\extracted\K001\K001\N09_M07_F10_K001_1.mat,healthy,rolling_element,0.241421,0.190357,0.145903,0.422318
data\paderborn\extracted\K001\K001\N09_M07_F10_K001_1.mat,healthy,inner_race,0.268081,0.338742,0.129193,0.263984
data\paderborn\extracted\K001\K001\N09_M07_F10_K001_1.mat,healthy,outer_race,0.277389,0.180903,0.364661,0.177046
data\paderborn\extracted\K001\K001\N09_M07_F10_K001_1.mat,healthy,healthy,0.476944,0.260502,0.036187,0.226367
data\paderborn\extracted\K001\K001\N09_M07_F10_K001_1.mat,healthy,healthy,0.373582,0.292492,0.133043,0.200883
data\paderborn\extracted\K001\K001\N09_M07_F10_K001_10.mat,healthy,healthy,0.578316,0.236901,0.026661,0.158121
data\paderborn\extracted\K001\K001\N09_M07_F10_K001_10.mat,healthy,healthy,0.338329,0.247566,0.188758,0.225347
data\paderborn\extracted\K001\K001\N09_M07_F10_K001_10.mat,healthy,healthy,0.326792,0.288171,0.148067,0.236969
data\paderborn\extracted\K001\K001\N09_M07_F10_K001_10.mat,healthy,healthy,0.436234,0.228605,0.056033,0.279128
data\paderborn\extracted\K001\K001\N09_M07_F10_K001_10.mat,healthy,healthy,0.331929,0.061251,0.318005,0.288814
data\paderborn\extracted\K001\K001\N09_M07_F10_K001_10.mat,healthy,healthy,0.348304,0.289587,0.177414,0.184694
data\paderborn\extracted\K001\K001\N09_M07_F10_K001_10.mat,healthy,inner_race,0.265422,0.338299,0.218323,0.177956
data\paderborn\extracted\K001\K001\N09_M07_F10_K001_10.mat,healthy,healthy,0.281334,0.238402,0.277537,0.202727
data\paderborn\extracted\K001\K001\N09_M07_F10_K001_11.mat,healthy,rolling_element,0.255346,0.257716,0.213454,0.273484
data\paderborn\extracted\K001\K001\N09_M07_F10_K001_11.mat,healthy,inner_race,0.297424,0.332097,0.248792,0.121687
data\paderborn\extracted\K001\K001\N09_M07_F10_K001_11.mat,healthy,healthy,0.466754,0.212471,0.163708,0.157067
data\paderborn\extracted\K001\K001\N09_M07_F10_K001_11.mat,healthy,inner_race,0.172415,0.297037,0.261901,0.268648
data\paderborn\extracted\K001\K001\N09_M07_F10_K001_11.mat,healthy,healthy,0.314654,0.275524,0.195230,0.214593
data\paderborn\extracted\K001\K001\N09_M07_F10_K001_11.mat,healthy,outer_race,0.125347,0.251109,0.467456,0.156088
data\paderborn\extracted\K001\K001\N09_M07_F10_K001_11.mat,healthy,inner_race,0.330121,0.334129,0.150561,0.185189
data\paderborn\extracted\K001\K001\N09_M07_F10_K001_11.mat,healthy,rolling_element,0.295702,0.190649,0.094142,0.419506
data\paderborn\extracted\K001\K001\N09_M07_F10_K001_12.mat,healthy,healthy,0.379336,0.201955,0.152363,0.266346
data\paderborn\extracted\K001\K001\N09_M07_F10_K001_12.mat,healthy,inner_race,0.346513,0.398722,0.049774,0.204991
data\paderborn\extracted\K001\K001\N09_M07_F10_K001_12.mat,healthy,healthy,0.591311,0.315541,0.019379,0.073769
data\paderborn\extracted\K001\K001\N09_M07_F10_K001_12.mat,healthy,outer_race,0.174019,0.174167,0.486964,0.164849
data\paderborn\extracted\K001\K001\N09_M07_F10_K001_12.mat,healthy,healthy,0.380548,0.269477,0.137196,0.212780
data\paderborn\extracted\K001\K001\N09_M07_F10_K001_12.mat,healthy,healthy,0.438693,0.335019,0.083598,0.142690
data\paderborn\extracted\K001\K001\N09_M07_F10_K001_12.mat,healthy,healthy,0.490645,0.284483,0.094356,0.130517
data\paderborn\extracted\K001\K001\N09_M07_F10_K001_12.mat,healthy,outer_race,0.226108,0.147470,0.349392,0.277031
data\paderborn\extracted\K001\K001\N09_M07_F10_K001_13.mat,healthy,healthy,0.345058,0.273713,0.169635,0.211595
data\paderborn\extracted\K001\K001\N09_M07_F10_K001_13.mat,healthy,inner_race,0.181678,0.355248,0.315426,0.147648
data\paderborn\extracted\K001\K001\N09_M07_F10_K001_13.mat,healthy,outer_race,0.338868,0.071136,0.364989,0.225007
data\paderborn\extracted\K001\K001\N09_M07_F10_K001_13.mat,healthy,rolling_element,0.294302,0.152490,0.216006,0.337202
data\paderborn\extracted\K001\K001\N09_M07_F10_K001_13.mat,healthy,healthy,0.483718,0.170549,0.124050,0.221684
data\paderborn\extracted\K001\K001\N09_M07_F10_K001_13.mat,healthy,healthy,0.580142,0.233042,0.046866,0.139949
data\paderborn\extracted\K001\K001\N09_M07_F10_K001_13.mat,healthy,inner_race,0.100169,0.333759,0.291360,0.274713
data\paderborn\extracted\K001\K001\N09_M07_F10_K001_13.mat,healthy,healthy,0.444940,0.161583,0.230596,0.162881
data\paderborn\extracted\K001\K001\N09_M07_F10_K001_14.mat,healthy,rolling_element,0.340765,0.159475,0.132264,0.367496
data\paderborn\extracted\K001\K001\N09_M07_F10_K001_14.mat,healthy,healthy,0.503071,0.174799,0.067143,0.254987
data\paderborn\extracted\K001\K001\N09_M07_F10_K001_14.mat,healthy,healthy,0.406425,0.286126,0.092210,0.215238
data\paderborn\extracted\K001\K001\N09_M07_F10_K001_14.mat,healthy,healthy,0.369356,0.164237,0.120126,0.346281
data\paderborn\extracted\K001\K001\N09_M07_F10_K001_14.mat,healthy,rolling_element,0.265062,0.167581,0.243253,0.324104
data\paderborn\extracted\K001\K001\N09_M07_F10_K001_14.mat,healthy,outer_race,0.270468,0.283131,0.338516,0.107884
data\paderborn\extracted\K001\K001\N09_M07_F10_K001_14.mat,healthy,outer_race,0.143628,0.182568,0.417677,0.256127
data\paderborn\extracted\K001\K001\N09_M07_F10_K001_14.mat,healthy,healthy,0.432498,0.236348,0.138492,0.192662
data\paderborn\extracted\K001\K001\N09_M07_F10_K001_15.mat,healthy,healthy,0.348143,0.227916,0.166856,0.257085
data\paderborn\extracted\K001\K001\N09_M07_F10_K001_15.mat,healthy,healthy,0.463261,0.222059,0.046475,0.268205
data\paderborn\extracted\K001\K001\N09_M07_F10_K001_15.mat,healthy,outer_race,0.132325,0.262535,0.307901,0.297240
data\paderborn\extracted\K001\K001\N09_M07_F10_K001_15.mat,healthy,inner_race,0.172775,0.363630,0.340181,0.123414
data\paderborn\extracted\K001\K001\N09_M07_F10_K001_15.mat,healthy,healthy,0.513231,0.233801,0.067642,0.185325
data\paderborn\extracted\K001\K001\N09_M07_F10_K001_15.mat,healthy,healthy,0.351714,0.348604,0.172732,0.126950
data\paderborn\extracted\K001\K001\N09_M07_F10_K001_15.mat,healthy,healthy,0.384355,0.348175,0.153961,0.113508
data\paderborn\extracted\K001\K001\N09_M07_F10_K001_15.mat,healthy,healthy,0.440035,0.212824,0.092951,0.254190
data\paderborn\extracted\K001\K001\N09_M07_F10_K001_16.mat,healthy,healthy,0.414297,0.251895,0.111030,0.222778
data\paderborn\extracted\K001\K001\N09_M07_F10_K001_16.mat,healthy,inner_race,0.358757,0.378150,0.148164,0.114929
data\paderborn\extracted\K001\K001\N09_M07_F10_K001_16.mat,healthy,healthy,0.381277,0.340449,0.143502,0.134772
data\paderborn\extracted\K001\K001\N09_M07_F10_K001_16.mat,healthy,outer_race,0.192714,0.254423,0.344145,0.208718
data\paderborn\extracted\K001\K001\N09_M07_F10_K001_16.mat,healthy,outer_race,0.136130,0.232491,0.389977,0.241402
data\paderborn\extracted\K001\K001\N09_M07_F10_K001_16.mat,healthy,healthy,0.407929,0.245470,0.180484,0.166117
data\paderborn\extracted\K001\K001\N09_M07_F10_K001_16.mat,healthy,healthy,0.568753,0.091485,0.142212,0.197550
data\paderborn\extracted\K001\K001\N09_M07_F10_K001_16.mat,healthy,healthy,0.517920,0.223159,0.042038,0.216882
data\paderborn\extracted\K001\K001\N09_M07_F10_K001_17.mat,healthy,healthy,0.470978,0.138714,0.061125,0.329183
data\paderborn\extracted\K001\K001\N09_M07_F10_K001_17.mat,healthy,healthy,0.461821,0.201963,0.164383,0.171833
data\paderborn\extracted\K001\K001\N09_M07_F10_K001_17.mat,healthy,rolling_element,0.310250,0.224553,0.079737,0.385460
data\paderborn\extracted\K001\K001\N09_M07_F10_K001_17.mat,healthy,healthy,0.327629,0.273153,0.161601,0.237616
data\paderborn\extracted\K001\K001\N09_M07_F10_K001_17.mat,healthy,healthy,0.310817,0.287129,0.220458,0.181596
data\paderborn\extracted\K001\K001\N09_M07_F10_K001_17.mat,healthy,healthy,0.577238,0.145882,0.063796,0.213084
data\paderborn\extracted\K001\K001\N09_M07_F10_K001_17.mat,healthy,healthy,0.319454,0.201867,0.221749,0.256929
data\paderborn\extracted\K001\K001\N09_M07_F10_K001_17.mat,healthy,healthy,0.415463,0.200945,0.188399,0.195194
data\paderborn\extracted\K001\K001\N09_M07_F10_K001_18.mat,healthy,healthy,0.380785,0.191286,0.163627,0.264302
data\paderborn\extracted\K001\K001\N09_M07_F10_K001_18.mat,healthy,healthy,0.420993,0.223560,0.120797,0.234650
data\paderborn\extracted\K001\K001\N09_M07_F10_K001_18.mat,healthy,healthy,0.466665,0.133707,0.072972,0.326656
data\paderborn\extracted\K001\K001\N09_M07_F10_K001_18.mat,healthy,healthy,0.318873,0.267601,0.192532,0.220994
data\paderborn\extracted\K001\K001\N09_M07_F10_K001_18.mat,healthy,healthy,0.463925,0.207379,0.134098,0.194597
data\paderborn\extracted\K001\K001\N09_M07_F10_K001_18.mat,healthy,healthy,0.504665,0.284226,0.067681,0.143429
data\paderborn\extracted\K001\K001\N09_M07_F10_K001_18.mat,healthy,healthy,0.458092,0.233668,0.094797,0.213444
data\paderborn\extracted\K001\K001\N09_M07_F10_K001_18.mat,healthy,healthy,0.323430,0.297050,0.259924,0.119596
data\paderborn\extracted\K001\K001\N09_M07_F10_K001_19.mat,healthy,inner_race,0.304049,0.330607,0.197885,0.167459
data\paderborn\extracted\K001\K001\N09_M07_F10_K001_19.mat,healthy,outer_race,0.191889,0.259203,0.307053,0.241855
data\paderborn\extracted\K001\K001\N09_M07_F10_K001_19.mat,healthy,inner_race,0.239789,0.300276,0.293588,0.166347
data\paderborn\extracted\K001\K001\N09_M07_F10_K001_19.mat,healthy,healthy,0.313279,0.312422,0.200573,0.173726
data\paderborn\extracted\K001\K001\N09_M07_F10_K001_19.mat,healthy,healthy,0.463835,0.207389,0.158648,0.170128
data\paderborn\extracted\K001\K001\N09_M07_F10_K001_19.mat,healthy,healthy,0.313109,0.249308,0.205140,0.232442
data\paderborn\extracted\K001\K001\N09_M07_F10_K001_19.mat,healthy,healthy,0.423414,0.159458,0.114459,0.302668
data\paderborn\extracted\K001\K001\N09_M07_F10_K001_19.mat,healthy,healthy,0.294629,0.259446,0.232591,0.213334
data\paderborn\extracted\K001\K001\N09_M07_F10_K001_2.mat,healthy,inner_race,0.359429,0.428444,0.092110,0.120017
data\paderborn\extracted\K001\K001\N09_M07_F10_K001_2.mat,healthy,outer_race,0.147021,0.283292,0.429047,0.140640
data\paderborn\extracted\K001\K001\N09_M07_F10_K001_2.mat,healthy,rolling_element,0.252583,0.155679,0.264329,0.327408
data\paderborn\extracted\K001\K001\N09_M07_F10_K001_2.mat,healthy,healthy,0.472175,0.318188,0.081105,0.128533
data\paderborn\extracted\K001\K001\N09_M07_F10_K001_2.mat,healthy,healthy,0.458410,0.192576,0.144967,0.204047
data\paderborn\extracted\K001\K001\N09_M07_F10_K001_2.mat,healthy,healthy,0.328943,0.272789,0.221833,0.176435
data\paderborn\extracted\K001\K001\N09_M07_F10_K001_2.mat,healthy,healthy,0.359569,0.350055,0.098579,0.191797
data\paderborn\extracted\K001\K001\N09_M07_F10_K001_2.mat,healthy,healthy,0.387471,0.271477,0.139844,0.201208
data\paderborn\extracted\K001\K001\N09_M07_F10_K001_20.mat,healthy,healthy,0.449806,0.327721,0.043544,0.178929
data\paderborn\extracted\K001\K001\N09_M07_F10_K001_20.mat,healthy,healthy,0.555249,0.203233,0.088544,0.152974
data\paderborn\extracted\K001\K001\N09_M07_F10_K001_20.mat,healthy,inner_race,0.223442,0.355794,0.248841,0.171924
data\paderborn\extracted\K001\K001\N09_M07_F10_K001_20.mat,healthy,healthy,0.399253,0.342450,0.098618,0.159679
data\paderborn\extracted\K001\K001\N09_M07_F10_K001_20.mat,healthy,inner_race,0.324328,0.396498,0.132928,0.146246
data\paderborn\extracted\K001\K001\N09_M07_F10_K001_20.mat,healthy,inner_race,0.200747,0.321272,0.202686,0.275295
data\paderborn\extracted\K001\K001\N09_M07_F10_K001_20.mat,healthy,healthy,0.417220,0.299441,0.101051,0.182288
data\paderborn\extracted\K001\K001\N09_M07_F10_K001_20.mat,healthy,healthy,0.399897,0.245457,0.191150,0.163496
data\paderborn\extracted\K001\K001\N09_M07_F10_K001_3.mat,healthy,outer_race,0.290287,0.146072,0.310207,0.253433
data\paderborn\extracted\K001\K001\N09_M07_F10_K001_3.mat,healthy,inner_race,0.248651,0.309797,0.152336,0.289216
data\paderborn\extracted\K001\K001\N09_M07_F10_K001_3.mat,healthy,healthy,0.383983,0.317042,0.083227,0.215748
data\paderborn\extracted\K001\K001\N09_M07_F10_K001_3.mat,healthy,healthy,0.399788,0.264170,0.124556,0.211486
data\paderborn\extracted\K001\K001\N09_M07_F10_K001_3.mat,healthy,healthy,0.374724,0.229093,0.175629,0.220553
data\paderborn\extracted\K001\K001\N09_M07_F10_K001_3.mat,healthy,rolling_element,0.318362,0.158869,0.177029,0.345740
data\paderborn\extracted\K001\K001\N09_M07_F10_K001_3.mat,healthy,inner_race,0.254133,0.300802,0.298478,0.146587
data\paderborn\extracted\K001\K001\N09_M07_F10_K001_3.mat,healthy,healthy,0.475488,0.093777,0.112678,0.318057
data\paderborn\extracted\K001\K001\N09_M07_F10_K001_4.mat,healthy,healthy,0.487704,0.253883,0.075424,0.182989
data\paderborn\extracted\K001\K001\N09_M07_F10_K001_4.mat,healthy,outer_race,0.082682,0.231917,0.486542,0.198860
data\paderborn\extracted\K001\K001\N09_M07_F10_K001_4.mat,healthy,healthy,0.369957,0.260265,0.123848,0.245930
data\paderborn\extracted\K001\K001\N09_M07_F10_K001_4.mat,healthy,healthy,0.377856,0.294989,0.108637,0.218518
data\paderborn\extracted\K001\K001\N09_M07_F10_K001_4.mat,healthy,healthy,0.415163,0.300161,0.165054,0.119622
data\paderborn\extracted\K001\K001\N09_M07_F10_K001_4.mat,healthy,healthy,0.434526,0.195024,0.201852,0.168599
data\paderborn\extracted\K001\K001\N09_M07_F10_K001_4.mat,healthy,healthy,0.391391,0.247515,0.157325,0.203768
data\paderborn\extracted\K001\K001\N09_M07_F10_K001_4.mat,healthy,outer_race,0.249143,0.245953,0.375906,0.128998
data\paderborn\extracted\K001\K001\N09_M07_F10_K001_5.mat,healthy,inner_race,0.229373,0.295781,0.195512,0.279334
data\paderborn\extracted\K001\K001\N09_M07_F10_K001_5.mat,healthy,healthy,0.460257,0.146104,0.257313,0.136326
data\paderborn\extracted\K001\K001\N09_M07_F10_K001_5.mat,healthy,inner_race,0.262849,0.453046,0.116725,0.167379
data\paderborn\extracted\K001\K001\N09_M07_F10_K001_5.mat,healthy,healthy,0.515355,0.178112,0.076216,0.230317
data\paderborn\extracted\K001\K001\N09_M07_F10_K001_5.mat,healthy,healthy,0.344441,0.333693,0.149512,0.172355
data\paderborn\extracted\K001\K001\N09_M07_F10_K001_5.mat,healthy,rolling_element,0.367046,0.111873,0.124049,0.397032
data\paderborn\extracted\K001\K001\N09_M07_F10_K001_5.mat,healthy,healthy,0.439073,0.100538,0.073956,0.386433
data\paderborn\extracted\K001\K001\N09_M07_F10_K001_5.mat,healthy,healthy,0.408257,0.252761,0.208472,0.130510
data\paderborn\extracted\K001\K001\N09_M07_F10_K001_6.mat,healthy,inner_race,0.246753,0.389768,0.224555,0.138924
data\paderborn\extracted\K001\K001\N09_M07_F10_K001_6.mat,healthy,healthy,0.384082,0.262092,0.126897,0.226928
data\paderborn\extracted\K001\K001\N09_M07_F10_K001_6.mat,healthy,healthy,0.450975,0.355666,0.062174,0.131185
data\paderborn\extracted\K001\K001\N09_M07_F10_K001_6.mat,healthy,healthy,0.510705,0.152701,0.119165,0.217429
data\paderborn\extracted\K001\K001\N09_M07_F10_K001_6.mat,healthy,outer_race,0.271150,0.281168,0.310420,0.137262
data\paderborn\extracted\K001\K001\N09_M07_F10_K001_6.mat,healthy,outer_race,0.251586,0.241631,0.288099,0.218683
data\paderborn\extracted\K001\K001\N09_M07_F10_K001_6.mat,healthy,healthy,0.407954,0.283190,0.107360,0.201496
data\paderborn\extracted\K001\K001\N09_M07_F10_K001_6.mat,healthy,outer_race,0.266730,0.176075,0.406425,0.150770
data\paderborn\extracted\K001\K001\N09_M07_F10_K001_7.mat,healthy,rolling_element,0.212993,0.256120,0.247210,0.283677
data\paderborn\extracted\K001\K001\N09_M07_F10_K001_7.mat,healthy,inner_race,0.203857,0.398333,0.101938,0.295872
data\paderborn\extracted\K001\K001\N09_M07_F10_K001_7.mat,healthy,healthy,0.442265,0.272125,0.099915,0.185694
data\paderborn\extracted\K001\K001\N09_M07_F10_K001_7.mat,healthy,healthy,0.649394,0.205448,0.031304,0.113853
data\paderborn\extracted\K001\K001\N09_M07_F10_K001_7.mat,healthy,inner_race,0.152507,0.287272,0.285536,0.274685
data\paderborn\extracted\K001\K001\N09_M07_F10_K001_7.mat,healthy,healthy,0.289455,0.272160,0.241748,0.196637
data\paderborn\extracted\K001\K001\N09_M07_F10_K001_7.mat,healthy,healthy,0.282095,0.204369,0.242818,0.270718
data\paderborn\extracted\K001\K001\N09_M07_F10_K001_7.mat,healthy,inner_race,0.267551,0.297019,0.279128,0.156302
data\paderborn\extracted\K001\K001\N09_M07_F10_K001_8.mat,healthy,healthy,0.354151,0.295109,0.139976,0.210764
data\paderborn\extracted\K001\K001\N09_M07_F10_K001_8.mat,healthy,rolling_element,0.269459,0.175181,0.211981,0.343379
data\paderborn\extracted\K001\K001\N09_M07_F10_K001_8.mat,healthy,outer_race,0.295857,0.239600,0.345718,0.118826
data\paderborn\extracted\K001\K001\N09_M07_F10_K001_8.mat,healthy,inner_race,0.341434,0.477710,0.045807,0.135049
data\paderborn\extracted\K001\K001\N09_M07_F10_K001_8.mat,healthy,healthy,0.574305,0.083576,0.114468,0.227651
data\paderborn\extracted\K001\K001\N09_M07_F10_K001_8.mat,healthy,inner_race,0.299068,0.323922,0.236317,0.140693
data\paderborn\extracted\K001\K001\N09_M07_F10_K001_8.mat,healthy,inner_race,0.289708,0.306313,0.243970,0.160009
data\paderborn\extracted\K001\K001\N09_M07_F10_K001_8.mat,healthy,rolling_element,0.364427,0.147413,0.092317,0.395842
data\paderborn\extracted\K001\K001\N09_M07_F10_K001_9.mat,healthy,healthy,0.354601,0.254624,0.167557,0.223218
data\paderborn\extracted\K001\K001\N09_M07_F10_K001_9.mat,healthy,healthy,0.418044,0.241905,0.091086,0.248965
data\paderborn\extracted\K001\K001\N09_M07_F10_K001_9.mat,healthy,healthy,0.312936,0.258358,0.176892,0.251813
data\paderborn\extracted\K001\K001\N09_M07_F10_K001_9.mat,healthy,healthy,0.494610,0.304834,0.051658,0.148898
data\paderborn\extracted\K001\K001\N09_M07_F10_K001_9.mat,healthy,outer_race,0.210389,0.269064,0.385119,0.135428
data\paderborn\extracted\K001\K001\N09_M07_F10_K001_9.mat,healthy,healthy,0.546344,0.106936,0.136441,0.210278
data\paderborn\extracted\K001\K001\N09_M07_F10_K001_9.mat,healthy,healthy,0.459154,0.182100,0.076805,0.281942
data\paderborn\extracted\K001\K001\N09_M07_F10_K001_9.mat,healthy,healthy,0.432309,0.328820,0.095233,0.143638
data\paderborn\extracted\K001\K001\N15_M01_F10_K001_1.mat,healthy,healthy,0.525902,0.242135,0.015925,0.216037
data\paderborn\extracted\K001\K001\N15_M01_F10_K001_1.mat,healthy,healthy,0.533615,0.137615,0.015553,0.313217
data\paderborn\extracted\K001\K001\N15_M01_F10_K001_1.mat,healthy,healthy,0.572744,0.188622,0.011024,0.227610
data\paderborn\extracted\K001\K001\N15_M01_F10_K001_1.mat,healthy,healthy,0.531124,0.130143,0.049787,0.288945
data\paderborn\extracted\K001\K001\N15_M01_F10_K001_1.mat,healthy,healthy,0.457785,0.122558,0.031256,0.388402
data\paderborn\extracted\K001\K001\N15_M01_F10_K001_1.mat,healthy,healthy,0.596437,0.154704,0.018447,0.230412
data\paderborn\extracted\K001\K001\N15_M01_F10_K001_1.mat,healthy,healthy,0.720347,0.075634,0.006760,0.197259
data\paderborn\extracted\K001\K001\N15_M01_F10_K001_1.mat,healthy,inner_race,0.211486,0.388251,0.125912,0.274351
data\paderborn\extracted\K001\K001\N15_M01_F10_K001_10.mat,healthy,inner_race,0.321692,0.395659,0.046960,0.235689
data\paderborn\extracted\K001\K001\N15_M01_F10_K001_10.mat,healthy,healthy,0.613587,0.102622,0.028853,0.254938
data\paderborn\extracted\K001\K001\N15_M01_F10_K001_10.mat,healthy,inner_race,0.364392,0.509960,0.018534,0.107114
data\paderborn\extracted\K001\K001\N15_M01_F10_K001_10.mat,healthy,inner_race,0.410332,0.496394,0.005222,0.088052
data\paderborn\extracted\K001\K001\N15_M01_F10_K001_10.mat,healthy,healthy,0.416644,0.308399,0.016773,0.258183
data\paderborn\extracted\K001\K001\N15_M01_F10_K001_10.mat,healthy,inner_race,0.376603,0.447838,0.024812,0.150747
data\paderborn\extracted\K001\K001\N15_M01_F10_K001_10.mat,healthy,healthy,0.447552,0.342471,0.014209,0.195768
data\paderborn\extracted\K001\K001\N15_M01_F10_K001_10.mat,healthy,inner_race,0.120477,0.556263,0.210389,0.112871
data\paderborn\extracted\K001\K001\N15_M01_F10_K001_11.mat,healthy,inner_race,0.231254,0.616687,0.035156,0.116903
data\paderborn\extracted\K001\K001\N15_M01_F10_K001_11.mat,healthy,inner_race,0.411971,0.490947,0.006464,0.090618
data\paderborn\extracted\K001\K001\N15_M01_F10_K001_11.mat,healthy,healthy,0.656485,0.049017,0.008720,0.285779
data\paderborn\extracted\K001\K001\N15_M01_F10_K001_11.mat,healthy,healthy,0.645113,0.154070,0.010402,0.190416
data\paderborn\extracted\K001\K001\N15_M01_F10_K001_11.mat,healthy,healthy,0.551633,0.205302,0.007733,0.235332
data\paderborn\extracted\K001\K001\N15_M01_F10_K001_11.mat,healthy,inner_race,0.298827,0.445677,0.064675,0.190821
data\paderborn\extracted\K001\K001\N15_M01_F10_K001_11.mat,healthy,inner_race,0.211029,0.665252,0.026949,0.096770
data\paderborn\extracted\K001\K001\N15_M01_F10_K001_11.mat,healthy,healthy,0.474155,0.131527,0.013591,0.380727
data\paderborn\extracted\K001\K001\N15_M01_F10_K001_12.mat,healthy,healthy,0.414246,0.253567,0.045724,0.286463
data\paderborn\extracted\K001\K001\N15_M01_F10_K001_12.mat,healthy,healthy,0.535334,0.278633,0.005888,0.180145
data\paderborn\extracted\K001\K001\N15_M01_F10_K001_12.mat,healthy,inner_race,0.378789,0.481786,0.015506,0.123919
data\paderborn\extracted\K001\K001\N15_M01_F10_K001_12.mat,healthy,inner_race,0.334930,0.564823,0.008329,0.091918
data\paderborn\extracted\K001\K001\N15_M01_F10_K001_12.mat,healthy,rolling_element,0.432676,0.029602,0.033396,0.504326
data\paderborn\extracted\K001\K001\N15_M01_F10_K001_12.mat,healthy,healthy,0.430362,0.159581,0.047579,0.362478
data\paderborn\extracted\K001\K001\N15_M01_F10_K001_12.mat,healthy,healthy,0.646860,0.057180,0.004526,0.291434
data\paderborn\extracted\K001\K001\N15_M01_F10_K001_12.mat,healthy,healthy,0.648654,0.140628,0.007187,0.203530
data\paderborn\extracted\K001\K001\N15_M01_F10_K001_13.mat,healthy,healthy,0.671363,0.064286,0.006662,0.257689
data\paderborn\extracted\K001\K001\N15_M01_F10_K001_13.mat,healthy,healthy,0.458025,0.097322,0.044974,0.399679
data\paderborn\extracted\K001\K001\N15_M01_F10_K001_13.mat,healthy,inner_race,0.372093,0.431513,0.014143,0.182251
data\paderborn\extracted\K001\K001\N15_M01_F10_K001_13.mat,healthy,healthy,0.598053,0.154595,0.004374,0.242979
data\paderborn\extracted\K001\K001\N15_M01_F10_K001_13.mat,healthy,healthy,0.443472,0.287406,0.030650,0.238472
data\paderborn\extracted\K001\K001\N15_M01_F10_K001_13.mat,healthy,inner_race,0.387193,0.506493,0.005189,0.101125
data\paderborn\extracted\K001\K001\N15_M01_F10_K001_13.mat,healthy,healthy,0.629419,0.227390,0.002670,0.140520
data\paderborn\extracted\K001\K001\N15_M01_F10_K001_13.mat,healthy,inner_race,0.270432,0.392090,0.042769,0.294708
data\paderborn\extracted\K001\K001\N15_M01_F10_K001_14.mat,healthy,healthy,0.544480,0.334150,0.007348,0.114023
data\paderborn\extracted\K001\K001\N15_M01_F10_K001_14.mat,healthy,healthy,0.629131,0.143588,0.004243,0.223039
data\paderborn\extracted\K001\K001\N15_M01_F10_K001_14.mat,healthy,healthy,0.509955,0.286545,0.020209,0.183291
data\paderborn\extracted\K001\K001\N15_M01_F10_K001_14.mat,healthy,healthy,0.455233,0.362862,0.015258,0.166648
data\paderborn\extracted\K001\K001\N15_M01_F10_K001_14.mat,healthy,healthy,0.429451,0.339114,0.070098,0.161336
data\paderborn\extracted\K001\K001\N15_M01_F10_K001_14.mat,healthy,inner_race,0.404556,0.444224,0.011322,0.139898
data\paderborn\extracted\K001\K001\N15_M01_F10_K001_14.mat,healthy,healthy,0.389978,0.238666,0.059526,0.311830
data\paderborn\extracted\K001\K001\N15_M01_F10_K001_14.mat,healthy,inner_race,0.403553,0.514578,0.005297,0.076573
data\paderborn\extracted\K001\K001\N15_M01_F10_K001_15.mat,healthy,healthy,0.707165,0.090772,0.004369,0.197694
data\paderborn\extracted\K001\K001\N15_M01_F10_K001_15.mat,healthy,healthy,0.687972,0.084760,0.007248,0.220021
data\paderborn\extracted\K001\K001\N15_M01_F10_K001_15.mat,healthy,healthy,0.593213,0.072962,0.009472,0.324353
data\paderborn\extracted\K001\K001\N15_M01_F10_K001_15.mat,healthy,healthy,0.575855,0.218756,0.015940,0.189448
data\paderborn\extracted\K001\K001\N15_M01_F10_K001_15.mat,healthy,healthy,0.498039,0.013137,0.005036,0.483788
data\paderborn\extracted\K001\K001\N15_M01_F10_K001_15.mat,healthy,healthy,0.488947,0.348576,0.016972,0.145505
data\paderborn\extracted\K001\K001\N15_M01_F10_K001_15.mat,healthy,healthy,0.633118,0.194219,0.003874,0.168788
data\paderborn\extracted\K001\K001\N15_M01_F10_K001_15.mat,healthy,healthy,0.529060,0.015411,0.008967,0.446562
data\paderborn\extracted\K001\K001\N15_M01_F10_K001_16.mat,healthy,healthy,0.630687,0.168489,0.009922,0.190901
data\paderborn\extracted\K001\K001\N15_M01_F10_K001_16.mat,healthy,healthy,0.464829,0.412683,0.005933,0.116555
data\paderborn\extracted\K001\K001\N15_M01_F10_K001_16.mat,healthy,inner_race,0.399987,0.431401,0.013544,0.155069
data\paderborn\extracted\K001\K001\N15_M01_F10_K001_16.mat,healthy,healthy,0.508350,0.385332,0.004757,0.101560
data\paderborn\extracted\K001\K001\N15_M01_F10_K001_16.mat,healthy,healthy,0.566130,0.240171,0.012694,0.181005
data\paderborn\extracted\K001\K001\N15_M01_F10_K001_16.mat,healthy,inner_race,0.301328,0.584966,0.019849,0.093857
data\paderborn\extracted\K001\K001\N15_M01_F10_K001_16.mat,healthy,inner_race,0.257782,0.540514,0.010672,0.191032
data\paderborn\extracted\K001\K001\N15_M01_F10_K001_16.mat,healthy,healthy,0.544519,0.288030,0.010128,0.157323
data\paderborn\extracted\K001\K001\N15_M01_F10_K001_17.mat,healthy,inner_race,0.310813,0.362220,0.058061,0.268906
data\paderborn\extracted\K001\K001\N15_M01_F10_K001_17.mat,healthy,healthy,0.395269,0.327901,0.037627,0.239204
data\paderborn\extracted\K001\K001\N15_M01_F10_K001_17.mat,healthy,healthy,0.610491,0.216971,0.007269,0.165269
data\paderborn\extracted\K001\K001\N15_M01_F10_K001_17.mat,healthy,healthy,0.479338,0.231834,0.008802,0.280027
data\paderborn\extracted\K001\K001\N15_M01_F10_K001_17.mat,healthy,healthy,0.543396,0.254139,0.022451,0.180015
data\paderborn\extracted\K001\K001\N15_M01_F10_K001_17.mat,healthy,inner_race,0.395595,0.445018,0.010528,0.148859
data\paderborn\extracted\K001\K001\N15_M01_F10_K001_17.mat,healthy,healthy,0.615812,0.215166,0.006196,0.162826
data\paderborn\extracted\K001\K001\N15_M01_F10_K001_17.mat,healthy,healthy,0.538513,0.336588,0.002092,0.122807
data\paderborn\extracted\K001\K001\N15_M01_F10_K001_18.mat,healthy,healthy,0.588998,0.184053,0.006705,0.220244
data\paderborn\extracted\K001\K001\N15_M01_F10_K001_18.mat,healthy,rolling_element,0.335862,0.178538,0.119598,0.366002
data\paderborn\extracted\K001\K001\N15_M01_F10_K001_18.mat,healthy,healthy,0.396489,0.364446,0.063054,0.176011
data\paderborn\extracted\K001\K001\N15_M01_F10_K001_18.mat,healthy,healthy,0.658064,0.022914,0.008972,0.310051
data\paderborn\extracted\K001\K001\N15_M01_F10_K001_18.mat,healthy,inner_race,0.340977,0.477918,0.009368,0.171737
data\paderborn\extracted\K001\K001\N15_M01_F10_K001_18.mat,healthy,healthy,0.546696,0.131976,0.007545,0.313783
data\paderborn\extracted\K001\K001\N15_M01_F10_K001_18.mat,healthy,healthy,0.594578,0.211152,0.007939,0.186331
data\paderborn\extracted\K001\K001\N15_M01_F10_K001_18.mat,healthy,healthy,0.618184,0.133998,0.017863,0.229954
data\paderborn\extracted\K001\K001\N15_M01_F10_K001_19.mat,healthy,inner_race,0.404946,0.459904,0.007783,0.127367
data\paderborn\extracted\K001\K001\N15_M01_F10_K001_19.mat,healthy,inner_race,0.104274,0.800106,0.039330,0.056291
data\paderborn\extracted\K001\K001\N15_M01_F10_K001_19.mat,healthy,inner_race,0.206730,0.527163,0.082609,0.183497
data\paderborn\extracted\K001\K001\N15_M01_F10_K001_19.mat,healthy,inner_race,0.158133,0.429816,0.214441,0.197609
data\paderborn\extracted\K001\K001\N15_M01_F10_K001_19.mat,healthy,healthy,0.556575,0.025663,0.025418,0.392344
data\paderborn\extracted\K001\K001\N15_M01_F10_K001_19.mat,healthy,healthy,0.463140,0.412063,0.005385,0.119411
data\paderborn\extracted\K001\K001\N15_M01_F10_K001_19.mat,healthy,healthy,0.531994,0.144132,0.006982,0.316891
data\paderborn\extracted\K001\K001\N15_M01_F10_K001_19.mat,healthy,inner_race,0.301223,0.605143,0.007741,0.085893
data\paderborn\extracted\K001\K001\N15_M01_F10_K001_2.mat,healthy,healthy,0.362099,0.287582,0.086832,0.263487
data\paderborn\extracted\K001\K001\N15_M01_F10_K001_2.mat,healthy,healthy,0.664545,0.104866,0.013607,0.216983
data\paderborn\extracted\K001\K001\N15_M01_F10_K001_2.mat,healthy,rolling_element,0.237122,0.313906,0.123754,0.325217
data\paderborn\extracted\K001\K001\N15_M01_F10_K001_2.mat,healthy,inner_race,0.128100,0.551246,0.120440,0.200213
data\paderborn\extracted\K001\K001\N15_M01_F10_K001_2.mat,healthy,inner_race,0.382975,0.441596,0.019094,0.156334
data\paderborn\extracted\K001\K001\N15_M01_F10_K001_2.mat,healthy,inner_race,0.276895,0.526392,0.029053,0.167661
data\paderborn\extracted\K001\K001\N15_M01_F10_K001_2.mat,healthy,healthy,0.419359,0.131429,0.148776,0.300436
data\paderborn\extracted\K001\K001\N15_M01_F10_K001_2.mat,healthy,healthy,0.414490,0.245607,0.036856,0.303047
data\paderborn\extracted\K001\K001\N15_M01_F10_K001_20.mat,healthy,inner_race,0.337397,0.544334,0.016158,0.102110
data\paderborn\extracted\K001\K001\N15_M01_F10_K001_20.mat,healthy,inner_race,0.281029,0.541450,0.018475,0.159047
data\paderborn\extracted\K001\K001\N15_M01_F10_K001_20.mat,healthy,inner_race,0.319809,0.568469,0.011228,0.100494
data\paderborn\extracted\K001\K001\N15_M01_F10_K001_20.mat,healthy,healthy,0.606618,0.114707,0.017410,0.261265
data\paderborn\extracted\K001\K001\N15_M01_F10_K001_20.mat,healthy,healthy,0.470393,0.381038,0.009840,0.138730
data\paderborn\extracted\K001\K001\N15_M01_F10_K001_20.mat,healthy,inner_race,0.375999,0.440728,0.010205,0.173069
data\paderborn\extracted\K001\K001\N15_M01_F10_K001_20.mat,healthy,inner_race,0.325314,0.540984,0.007245,0.126457
data\paderborn\extracted\K001\K001\N15_M01_F10_K001_20.mat,healthy,healthy,0.427680,0.371724,0.016983,0.183613
data\paderborn\extracted\K001\K001\N15_M01_F10_K001_3.mat,healthy,healthy,0.425390,0.182507,0.022767,0.369336
data\paderborn\extracted\K001\K001\N15_M01_F10_K001_3.mat,healthy,inner_race,0.327705,0.560766,0.012498,0.099031
data\paderborn\extracted\K001\K001\N15_M01_F10_K001_3.mat,healthy,inner_race,0.280197,0.583151,0.018277,0.118375
data\paderborn\extracted\K001\K001\N15_M01_F10_K001_3.mat,healthy,healthy,0.534224,0.072641,0.008327,0.384808
data\paderborn\extracted\K001\K001\N15_M01_F10_K001_3.mat,healthy,healthy,0.529118,0.264861,0.010402,0.195620
data\paderborn\extracted\K001\K001\N15_M01_F10_K001_3.mat,healthy,healthy,0.724058,0.101334,0.008196,0.166412
data\paderborn\extracted\K001\K001\N15_M01_F10_K001_3.mat,healthy,healthy,0.589651,0.268509,0.004650,0.137190
data\paderborn\extracted\K001\K001\N15_M01_F10_K001_3.mat,healthy,healthy,0.563334,0.275173,0.008639,0.152854
data\paderborn\extracted\K001\K001\N15_M01_F10_K001_4.mat,healthy,healthy,0.610525,0.076311,0.023667,0.289497
data\paderborn\extracted\K001\K001\N15_M01_F10_K001_4.mat,healthy,healthy,0.737864,0.150054,0.001983,0.110099
data\paderborn\extracted\K001\K001\N15_M01_F10_K001_4.mat,healthy,healthy,0.677613,0.183205,0.003337,0.135845
data\paderborn\extracted\K001\K001\N15_M01_F10_K001_4.mat,healthy,healthy,0.490604,0.136360,0.018812,0.354224
data\paderborn\extracted\K001\K001\N15_M01_F10_K001_4.mat,healthy,rolling_element,0.254996,0.228645,0.071112,0.445247
data\paderborn\extracted\K001\K001\N15_M01_F10_K001_4.mat,healthy,healthy,0.417688,0.162573,0.048442,0.371297
data\paderborn\extracted\K001\K001\N15_M01_F10_K001_4.mat,healthy,healthy,0.482553,0.195883,0.036160,0.285404
data\paderborn\extracted\K001\K001\N15_M01_F10_K001_4.mat,healthy,healthy,0.533370,0.243417,0.011330,0.211882
data\paderborn\extracted\K001\K001\N15_M01_F10_K001_5.mat,healthy,inner_race,0.362438,0.438122,0.048359,0.151081
data\paderborn\extracted\K001\K001\N15_M01_F10_K001_5.mat,healthy,inner_race,0.237278,0.386246,0.128832,0.247643
data\paderborn\extracted\K001\K001\N15_M01_F10_K001_5.mat,healthy,rolling_element,0.483216,0.017002,0.006133,0.493649
data\paderborn\extracted\K001\K001\N15_M01_F10_K001_5.mat,healthy,healthy,0.733218,0.090572,0.001913,0.174298
data\paderborn\extracted\K001\K001\N15_M01_F10_K001_5.mat,healthy,healthy,0.591901,0.271565,0.006813,0.129721
data\paderborn\extracted\K001\K001\N15_M01_F10_K001_5.mat,healthy,healthy,0.558803,0.091647,0.014757,0.334793
data\paderborn\extracted\K001\K001\N15_M01_F10_K001_5.mat,healthy,healthy,0.663626,0.119511,0.005672,0.211192
data\paderborn\extracted\K001\K001\N15_M01_F10_K001_5.mat,healthy,healthy,0.640942,0.037835,0.017218,0.304004
data\paderborn\extracted\K001\K001\N15_M01_F10_K001_6.mat,healthy,inner_race,0.295086,0.519388,0.025005,0.160521
data\paderborn\extracted\K001\K001\N15_M01_F10_K001_6.mat,healthy,inner_race,0.408869,0.449165,0.011806,0.130159
data\paderborn\extracted\K001\K001\N15_M01_F10_K001_6.mat,healthy,inner_race,0.167234,0.475280,0.140351,0.217135
data\paderborn\extracted\K001\K001\N15_M01_F10_K001_6.mat,healthy,inner_race,0.309135,0.548674,0.010763,0.131428
data\paderborn\extracted\K001\K001\N15_M01_F10_K001_6.mat,healthy,healthy,0.489583,0.242662,0.018560,0.249195
data\paderborn\extracted\K001\K001\N15_M01_F10_K001_6.mat,healthy,inner_race,0.404443,0.441121,0.014347,0.140089
data\paderborn\extracted\K001\K001\N15_M01_F10_K001_6.mat,healthy,inner_race,0.416855,0.462295,0.006222,0.114628
data\paderborn\extracted\K001\K001\N15_M01_F10_K001_6.mat,healthy,inner_race,0.255671,0.516606,0.062391,0.165333
data\paderborn\extracted\K001\K001\N15_M01_F10_K001_7.mat,healthy,healthy,0.575740,0.252769,0.010919,0.160571
data\paderborn\extracted\K001\K001\N15_M01_F10_K001_7.mat,healthy,inner_race,0.291043,0.352398,0.138891,0.217668
data\paderborn\extracted\K001\K001\N15_M01_F10_K001_7.mat,healthy,healthy,0.532547,0.217598,0.013384,0.236471
data\paderborn\extracted\K001\K001\N15_M01_F10_K001_7.mat,healthy,inner_race,0.230019,0.507680,0.064231,0.198069
data\paderborn\extracted\K001\K001\N15_M01_F10_K001_7.mat,healthy,healthy,0.487742,0.096618,0.030658,0.384982
data\paderborn\extracted\K001\K001\N15_M01_F10_K001_7.mat,healthy,healthy,0.487462,0.377696,0.004263,0.130579
data\paderborn\extracted\K001\K001\N15_M01_F10_K001_7.mat,healthy,inner_race,0.340059,0.384592,0.065870,0.209479
data\paderborn\extracted\K001\K001\N15_M01_F10_K001_7.mat,healthy,healthy,0.457550,0.227677,0.035830,0.278943
data\paderborn\extracted\K001\K001\N15_M01_F10_K001_8.mat,healthy,inner_race,0.355630,0.495315,0.013487,0.135568
data\paderborn\extracted\K001\K001\N15_M01_F10_K001_8.mat,healthy,healthy,0.517712,0.114318,0.052025,0.315945
data\paderborn\extracted\K001\K001\N15_M01_F10_K001_8.mat,healthy,rolling_element,0.271714,0.294412,0.095965,0.337909
data\paderborn\extracted\K001\K001\N15_M01_F10_K001_8.mat,healthy,healthy,0.514550,0.013286,0.007527,0.464637
data\paderborn\extracted\K001\K001\N15_M01_F10_K001_8.mat,healthy,healthy,0.696833,0.168967,0.001722,0.132478
data\paderborn\extracted\K001\K001\N15_M01_F10_K001_8.mat,healthy,inner_race,0.416669,0.446104,0.016363,0.120864
data\paderborn\extracted\K001\K001\N15_M01_F10_K001_8.mat,healthy,healthy,0.481975,0.317896,0.005844,0.194285
data\paderborn\extracted\K001\K001\N15_M01_F10_K001_8.mat,healthy,healthy,0.606312,0.198750,0.008689,0.186250
data\paderborn\extracted\K001\K001\N15_M01_F10_K001_9.mat,healthy,healthy,0.592335,0.181230,0.009486,0.216949
data\paderborn\extracted\K001\K001\N15_M01_F10_K001_9.mat,healthy,healthy,0.398663,0.202967,0.033874,0.364496
data\paderborn\extracted\K001\K001\N15_M01_F10_K001_9.mat,healthy,healthy,0.409955,0.393746,0.022856,0.173443
data\paderborn\extracted\K001\K001\N15_M01_F10_K001_9.mat,healthy,inner_race,0.363242,0.401207,0.029299,0.206252
data\paderborn\extracted\K001\K001\N15_M01_F10_K001_9.mat,healthy,inner_race,0.263847,0.442481,0.099379,0.194293
data\paderborn\extracted\K001\K001\N15_M01_F10_K001_9.mat,healthy,inner_race,0.431087,0.479921,0.002665,0.086327
data\paderborn\extracted\K001\K001\N15_M01_F10_K001_9.mat,healthy,inner_race,0.290111,0.534332,0.020186,0.155371
data\paderborn\extracted\K001\K001\N15_M01_F10_K001_9.mat,healthy,healthy,0.375162,0.220098,0.049461,0.355279
data\paderborn\extracted\K001\K001\N15_M07_F04_K001_1.mat,healthy,healthy,0.598338,0.096575,0.048150,0.256937
data\paderborn\extracted\K001\K001\N15_M07_F04_K001_1.mat,healthy,rolling_element,0.236233,0.196545,0.207012,0.360210
data\paderborn\extracted\K001\K001\N15_M07_F04_K001_1.mat,healthy,healthy,0.473652,0.103453,0.095106,0.327789
data\paderborn\extracted\K001\K001\N15_M07_F04_K001_1.mat,healthy,healthy,0.531469,0.183269,0.056700,0.228563
data\paderborn\extracted\K001\K001\N15_M07_F04_K001_1.mat,healthy,healthy,0.401654,0.236283,0.084318,0.277745
data\paderborn\extracted\K001\K001\N15_M07_F04_K001_1.mat,healthy,healthy,0.543761,0.075880,0.021195,0.359164
data\paderborn\extracted\K001\K001\N15_M07_F04_K001_1.mat,healthy,healthy,0.349706,0.250138,0.076087,0.324070
data\paderborn\extracted\K001\K001\N15_M07_F04_K001_1.mat,healthy,healthy,0.633152,0.057727,0.036290,0.272831
data\paderborn\extracted\K001\K001\N15_M07_F04_K001_10.mat,healthy,inner_race,0.225175,0.495090,0.107474,0.172261
data\paderborn\extracted\K001\K001\N15_M07_F04_K001_10.mat,healthy,inner_race,0.253008,0.299671,0.153218,0.294104
data\paderborn\extracted\K001\K001\N15_M07_F04_K001_10.mat,healthy,healthy,0.443317,0.157187,0.080240,0.319256
data\paderborn\extracted\K001\K001\N15_M07_F04_K001_10.mat,healthy,healthy,0.386062,0.312211,0.087284,0.214443
data\paderborn\extracted\K001\K001\N15_M07_F04_K001_10.mat,healthy,healthy,0.356009,0.332301,0.085344,0.226346
data\paderborn\extracted\K001\K001\N15_M07_F04_K001_10.mat,healthy,inner_race,0.239302,0.294841,0.211430,0.254426
data\paderborn\extracted\K001\K001\N15_M07_F04_K001_10.mat,healthy,outer_race,0.138055,0.260074,0.307722,0.294150
data\paderborn\extracted\K001\K001\N15_M07_F04_K001_10.mat,healthy,healthy,0.338685,0.321594,0.070277,0.269444
data\paderborn\extracted\K001\K001\N15_M07_F04_K001_11.mat,healthy,healthy,0.646604,0.111666,0.029196,0.212534
data\paderborn\extracted\K001\K001\N15_M07_F04_K001_11.mat,healthy,healthy,0.401630,0.157376,0.119689,0.321305
data\paderborn\extracted\K001\K001\N15_M07_F04_K001_11.mat,healthy,healthy,0.538735,0.038851,0.045425,0.376989
data\paderborn\extracted\K001\K001\N15_M07_F04_K001_11.mat,healthy,healthy,0.472696,0.157045,0.034944,0.335315
data\paderborn\extracted\K001\K001\N15_M07_F04_K001_11.mat,healthy,healthy,0.608117,0.076015,0.035053,0.280815
data\paderborn\extracted\K001\K001\N15_M07_F04_K001_11.mat,healthy,healthy,0.519502,0.133630,0.075261,0.271607
data\paderborn\extracted\K001\K001\N15_M07_F04_K001_11.mat,healthy,healthy,0.429076,0.215440,0.089019,0.266465
data\paderborn\extracted\K001\K001\N15_M07_F04_K001_11.mat,healthy,healthy,0.609990,0.028946,0.035202,0.325862
data\paderborn\extracted\K001\K001\N15_M07_F04_K001_12.mat,healthy,healthy,0.495064,0.087546,0.067303,0.350087
data\paderborn\extracted\K001\K001\N15_M07_F04_K001_12.mat,healthy,healthy,0.453509,0.158766,0.075585,0.312140
data\paderborn\extracted\K001\K001\N15_M07_F04_K001_12.mat,healthy,healthy,0.593648,0.031435,0.053643,0.321274
data\paderborn\extracted\K001\K001\N15_M07_F04_K001_12.mat,healthy,rolling_element,0.270212,0.216183,0.166460,0.347145
data\paderborn\extracted\K001\K001\N15_M07_F04_K001_12.mat,healthy,healthy,0.662508,0.039991,0.041772,0.255730
data\paderborn\extracted\K001\K001\N15_M07_F04_K001_12.mat,healthy,healthy,0.409191,0.209942,0.102107,0.278761
data\paderborn\extracted\K001\K001\N15_M07_F04_K001_12.mat,healthy,healthy,0.435940,0.142457,0.073960,0.347644
data\paderborn\extracted\K001\K001\N15_M07_F04_K001_12.mat,healthy,healthy,0.339618,0.239812,0.114842,0.305729
data\paderborn\extracted\K001\K001\N15_M07_F04_K001_13.mat,healthy,healthy,0.522092,0.047237,0.073905,0.356766
data\paderborn\extracted\K001\K001\N15_M07_F04_K001_13.mat,healthy,rolling_element,0.213320,0.247721,0.204033,0.334927
data\paderborn\extracted\K001\K001\N15_M07_F04_K001_13.mat,healthy,healthy,0.519338,0.126832,0.059948,0.293882
data\paderborn\extracted\K001\K001\N15_M07_F04_K001_13.mat,healthy,healthy,0.291891,0.281204,0.164872,0.262032
data\paderborn\extracted\K001\K001\N15_M07_F04_K001_13.mat,healthy,healthy,0.464987,0.102694,0.071699,0.360620
data\paderborn\extracted\K001\K001\N15_M07_F04_K001_13.mat,healthy,rolling_element,0.360053,0.086007,0.113517,0.440423
data\paderborn\extracted\K001\K001\N15_M07_F04_K001_13.mat,healthy,rolling_element,0.350361,0.164469,0.077050,0.408120
data\paderborn\extracted\K001\K001\N15_M07_F04_K001_13.mat,healthy,healthy,0.708717,0.033629,0.030623,0.227032
data\paderborn\extracted\K001\K001\N15_M07_F04_K001_14.mat,healthy,healthy,0.782525,0.009356,0.010172,0.197946
data\paderborn\extracted\K001\K001\N15_M07_F04_K001_14.mat,healthy,healthy,0.671907,0.083352,0.030787,0.213954
data\paderborn\extracted\K001\K001\N15_M07_F04_K001_14.mat,healthy,healthy,0.676736,0.072759,0.019264,0.231240
data\paderborn\extracted\K001\K001\N15_M07_F04_K001_14.mat,healthy,healthy,0.703358,0.012642,0.017475,0.266525
data\paderborn\extracted\K001\K001\N15_M07_F04_K001_14.mat,healthy,rolling_element,0.330204,0.143837,0.088544,0.437415
data\paderborn\extracted\K001\K001\N15_M07_F04_K001_14.mat,healthy,healthy,0.603263,0.025573,0.062772,0.308392
data\paderborn\extracted\K001\K001\N15_M07_F04_K001_14.mat,healthy,healthy,0.599191,0.106140,0.058557,0.236112
data\paderborn\extracted\K001\K001\N15_M07_F04_K001_14.mat,healthy,healthy,0.440478,0.163899,0.081863,0.313759
data\paderborn\extracted\K001\K001\N15_M07_F04_K001_15.mat,healthy,inner_race,0.231472,0.407102,0.144212,0.217213
data\paderborn\extracted\K001\K001\N15_M07_F04_K001_15.mat,healthy,healthy,0.354834,0.211227,0.113180,0.320759
data\paderborn\extracted\K001\K001\N15_M07_F04_K001_15.mat,healthy,healthy,0.393232,0.262205,0.065510,0.279053
data\paderborn\extracted\K001\K001\N15_M07_F04_K001_15.mat,healthy,healthy,0.384501,0.325736,0.098870,0.190893
data\paderborn\extracted\K001\K001\N15_M07_F04_K001_15.mat,healthy,inner_race,0.244600,0.532834,0.065479,0.157087
data\paderborn\extracted\K001\K001\N15_M07_F04_K001_15.mat,healthy,healthy,0.361524,0.308489,0.074154,0.255833
data\paderborn\extracted\K001\K001\N15_M07_F04_K001_15.mat,healthy,healthy,0.387091,0.119896,0.127306,0.365707
data\paderborn\extracted\K001\K001\N15_M07_F04_K001_15.mat,healthy,healthy,0.361282,0.249477,0.087518,0.301723
data\paderborn\extracted\K001\K001\N15_M07_F04_K001_16.mat,healthy,inner_race,0.280724,0.351156,0.129849,0.238270
data\paderborn\extracted\K001\K001\N15_M07_F04_K001_16.mat,healthy,rolling_element,0.294252,0.147666,0.110563,0.447519
data\paderborn\extracted\K001\K001\N15_M07_F04_K001_16.mat,healthy,rolling_element,0.185367,0.208394,0.213358,0.392881
data\paderborn\extracted\K001\K001\N15_M07_F04_K001_16.mat,healthy,outer_race,0.140606,0.224436,0.366740,0.268218
data\paderborn\extracted\K001\K001\N15_M07_F04_K001_16.mat,healthy,inner_race,0.196563,0.563240,0.125498,0.114700
data\paderborn\extracted\K001\K001\N15_M07_F04_K001_16.mat,healthy,inner_race,0.234257,0.452429,0.127470,0.185843
data\paderborn\extracted\K001\K001\N15_M07_F04_K001_16.mat,healthy,rolling_element,0.226557,0.211528,0.276048,0.285868
data\paderborn\extracted\K001\K001\N15_M07_F04_K001_16.mat,healthy,rolling_element,0.230496,0.192554,0.166332,0.410617
data\paderborn\extracted\K001\K001\N15_M07_F04_K001_17.mat,healthy,healthy,0.569872,0.088257,0.046117,0.295755
data\paderborn\extracted\K001\K001\N15_M07_F04_K001_17.mat,healthy,healthy,0.670466,0.071282,0.027049,0.231202
data\paderborn\extracted\K001\K001\N15_M07_F04_K001_17.mat,healthy,inner_race,0.299770,0.308647,0.132035,0.259548
data\paderborn\extracted\K001\K001\N15_M07_F04_K001_17.mat,healthy,rolling_element,0.358803,0.101664,0.122903,0.416630
data\paderborn\extracted\K001\K001\N15_M07_F04_K001_17.mat,healthy,healthy,0.362680,0.210710,0.084741,0.341869
data\paderborn\extracted\K001\K001\N15_M07_F04_K001_17.mat,healthy,healthy,0.412127,0.199712,0.107584,0.280577
data\paderborn\extracted\K001\K001\N15_M07_F04_K001_17.mat,healthy,healthy,0.440512,0.114375,0.056014,0.389099
data\paderborn\extracted\K001\K001\N15_M07_F04_K001_17.mat,healthy,healthy,0.423986,0.143998,0.065256,0.366760
data\paderborn\extracted\K001\K001\N15_M07_F04_K001_18.mat,healthy,healthy,0.448973,0.335904,0.050790,0.164333
data\paderborn\extracted\K001\K001\N15_M07_F04_K001_18.mat,healthy,inner_race,0.302044,0.466734,0.075841,0.155382
data\paderborn\extracted\K001\K001\N15_M07_F04_K001_18.mat,healthy,rolling_element,0.329884,0.114538,0.222048,0.333530
data\paderborn\extracted\K001\K001\N15_M07_F04_K001_18.mat,healthy,rolling_element,0.178317,0.271104,0.227886,0.322693
data\paderborn\extracted\K001\K001\N15_M07_F04_K001_18.mat,healthy,inner_race,0.263635,0.403590,0.108084,0.224691
data\paderborn\extracted\K001\K001\N15_M07_F04_K001_18.mat,healthy,healthy,0.366889,0.340163,0.103352,0.189597
data\paderborn\extracted\K001\K001\N15_M07_F04_K001_18.mat,healthy,inner_race,0.295470,0.383750,0.117037,0.203743
data\paderborn\extracted\K001\K001\N15_M07_F04_K001_18.mat,healthy,inner_race,0.284816,0.378547,0.097117,0.239519
data\paderborn\extracted\K001\K001\N15_M07_F04_K001_19.mat,healthy,healthy,0.547347,0.118165,0.051041,0.283447
data\paderborn\extracted\K001\K001\N15_M07_F04_K001_19.mat,healthy,healthy,0.481747,0.125664,0.059137,0.333452
data\paderborn\extracted\K001\K001\N15_M07_F04_K001_19.mat,healthy,healthy,0.689585,0.029257,0.033458,0.247700
data\paderborn\extracted\K001\K001\N15_M07_F04_K001_19.mat,healthy,rolling_element,0.295615,0.131716,0.142489,0.430180
data\paderborn\extracted\K001\K001\N15_M07_F04_K001_19.mat,healthy,healthy,0.762848,0.006471,0.009331,0.221351
data\paderborn\extracted\K001\K001\N15_M07_F04_K001_19.mat,healthy,healthy,0.685106,0.061777,0.024690,0.228427
data\paderborn\extracted\K001\K001\N15_M07_F04_K001_19.mat,healthy,healthy,0.445492,0.165462,0.096877,0.292170
data\paderborn\extracted\K001\K001\N15_M07_F04_K001_19.mat,healthy,healthy,0.726861,0.061916,0.011483,0.199739
data\paderborn\extracted\K001\K001\N15_M07_F04_K001_2.mat,healthy,rolling_element,0.263097,0.247051,0.143723,0.346129
data\paderborn\extracted\K001\K001\N15_M07_F04_K001_2.mat,healthy,healthy,0.443698,0.143146,0.070825,0.342331
data\paderborn\extracted\K001\K001\N15_M07_F04_K001_2.mat,healthy,healthy,0.537765,0.125560,0.048771,0.287904
data\paderborn\extracted\K001\K001\N15_M07_F04_K001_2.mat,healthy,healthy,0.444647,0.087651,0.053773,0.413929
data\paderborn\extracted\K001\K001\N15_M07_F04_K001_2.mat,healthy,healthy,0.538916,0.031187,0.025703,0.404194
data\paderborn\extracted\K001\K001\N15_M07_F04_K001_2.mat,healthy,rolling_element,0.283285,0.197815,0.149385,0.369515
data\paderborn\extracted\K001\K001\N15_M07_F04_K001_2.mat,healthy,healthy,0.689855,0.014260,0.017720,0.278165
data\paderborn\extracted\K001\K001\N15_M07_F04_K001_2.mat,healthy,healthy,0.594438,0.127490,0.038626,0.239446
data\paderborn\extracted\K001\K001\N15_M07_F04_K001_20.mat,healthy,healthy,0.468182,0.218588,0.054657,0.258573
data\paderborn\extracted\K001\K001\N15_M07_F04_K001_20.mat,healthy,inner_race,0.257648,0.307255,0.166354,0.268743
data\paderborn\extracted\K001\K001\N15_M07_F04_K001_20.mat,healthy,healthy,0.367653,0.348460,0.035254,0.248633
data\paderborn\extracted\K001\K001\N15_M07_F04_K001_20.mat,healthy,healthy,0.634405,0.021482,0.040072,0.304042
data\paderborn\extracted\K001\K001\N15_M07_F04_K001_20.mat,healthy,healthy,0.336257,0.290091,0.098394,0.275257
data\paderborn\extracted\K001\K001\N15_M07_F04_K001_20.mat,healthy,healthy,0.500693,0.171954,0.071241,0.256112
data\paderborn\extracted\K001\K001\N15_M07_F04_K001_20.mat,healthy,healthy,0.374428,0.116503,0.138499,0.370570
data\paderborn\extracted\K001\K001\N15_M07_F04_K001_20.mat,healthy,healthy,0.314788,0.308654,0.103370,0.273188
data\paderborn\extracted\K001\K001\N15_M07_F04_K001_3.mat,healthy,rolling_element,0.237541,0.130029,0.152205,0.480226
data\paderborn\extracted\K001\K001\N15_M07_F04_K001_3.mat,healthy,healthy,0.750061,0.011010,0.006236,0.232694
data\paderborn\extracted\K001\K001\N15_M07_F04_K001_3.mat,healthy,healthy,0.380863,0.233231,0.115186,0.270721
data\paderborn\extracted\K001\K001\N15_M07_F04_K001_3.mat,healthy,healthy,0.464143,0.229796,0.082722,0.223339
data\paderborn\extracted\K001\K001\N15_M07_F04_K001_3.mat,healthy,healthy,0.730148,0.030533,0.022381,0.216938
data\paderborn\extracted\K001\K001\N15_M07_F04_K001_3.mat,healthy,rolling_element,0.255707,0.210155,0.170971,0.363167
data\paderborn\extracted\K001\K001\N15_M07_F04_K001_3.mat,healthy,healthy,0.695991,0.023784,0.029548,0.250677
data\paderborn\extracted\K001\K001\N15_M07_F04_K001_3.mat,healthy,healthy,0.372787,0.241854,0.112264,0.273095
data\paderborn\extracted\K001\K001\N15_M07_F04_K001_4.mat,healthy,healthy,0.753404,0.032298,0.018087,0.196212
data\paderborn\extracted\K001\K001\N15_M07_F04_K001_4.mat,healthy,inner_race,0.267471,0.332699,0.150532,0.249298
data\paderborn\extracted\K001\K001\N15_M07_F04_K001_4.mat,healthy,healthy,0.589060,0.063744,0.044972,0.302225
data\paderborn\extracted\K001\K001\N15_M07_F04_K001_4.mat,healthy,healthy,0.432834,0.111407,0.079580,0.376180
data\paderborn\extracted\K001\K001\N15_M07_F04_K001_4.mat,healthy,healthy,0.522218,0.146858,0.049000,0.281924
data\paderborn\extracted\K001\K001\N15_M07_F04_K001_4.mat,healthy,healthy,0.592918,0.080221,0.041288,0.285572
data\paderborn\extracted\K001\K001\N15_M07_F04_K001_4.mat,healthy,inner_race,0.265917,0.342481,0.131098,0.260504
data\paderborn\extracted\K001\K001\N15_M07_F04_K001_4.mat,healthy,rolling_element,0.228437,0.124630,0.229288,0.417645
data\paderborn\extracted\K001\K001\N15_M07_F04_K001_5.mat,healthy,healthy,0.518758,0.099048,0.065832,0.316363
data\paderborn\extracted\K001\K001\N15_M07_F04_K001_5.mat,healthy,healthy,0.333457,0.218209,0.173285,0.275049
data\paderborn\extracted\K001\K001\N15_M07_F04_K001_5.mat,healthy,rolling_element,0.221109,0.260855,0.212352,0.305684
data\paderborn\extracted\K001\K001\N15_M07_F04_K001_5.mat,healthy,rolling_element,0.367661,0.126500,0.095755,0.410084
data\paderborn\extracted\K001\K001\N15_M07_F04_K001_5.mat,healthy,rolling_element,0.178457,0.256120,0.253706,0.311716
data\paderborn\extracted\K001\K001\N15_M07_F04_K001_5.mat,healthy,healthy,0.327884,0.174422,0.188372,0.309322
data\paderborn\extracted\K001\K001\N15_M07_F04_K001_5.mat,healthy,healthy,0.527369,0.227759,0.049334,0.195538
data\paderborn\extracted\K001\K001\N15_M07_F04_K001_5.mat,healthy,inner_race,0.376254,0.393569,0.051698,0.178478
data\paderborn\extracted\K001\K001\N15_M07_F04_K001_6.mat,healthy,inner_race,0.149365,0.588860,0.135275,0.126501
data\paderborn\extracted\K001\K001\N15_M07_F04_K001_6.mat,healthy,inner_race,0.173180,0.366058,0.200368,0.260394
data\paderborn\extracted\K001\K001\N15_M07_F04_K001_6.mat,healthy,inner_race,0.106794,0.371272,0.277113,0.244821
data\paderborn\extracted\K001\K001\N15_M07_F04_K001_6.mat,healthy,inner_race,0.213864,0.457755,0.168210,0.160171
data\paderborn\extracted\K001\K001\N15_M07_F04_K001_6.mat,healthy,healthy,0.474331,0.290907,0.057979,0.176783
data\paderborn\extracted\K001\K001\N15_M07_F04_K001_6.mat,healthy,inner_race,0.228427,0.334124,0.158493,0.278957
data\paderborn\extracted\K001\K001\N15_M07_F04_K001_6.mat,healthy,inner_race,0.172969,0.310559,0.252301,0.264172
data\paderborn\extracted\K001\K001\N15_M07_F04_K001_6.mat,healthy,inner_race,0.184634,0.355407,0.250030,0.209929
data\paderborn\extracted\K001\K001\N15_M07_F04_K001_7.mat,healthy,healthy,0.376313,0.354408,0.067699,0.201581
data\paderborn\extracted\K001\K001\N15_M07_F04_K001_7.mat,healthy,healthy,0.411956,0.320692,0.072897,0.194455
data\paderborn\extracted\K001\K001\N15_M07_F04_K001_7.mat,healthy,inner_race,0.240284,0.353123,0.162573,0.244020
data\paderborn\extracted\K001\K001\N15_M07_F04_K001_7.mat,healthy,inner_race,0.152397,0.384917,0.224557,0.238129
data\paderborn\extracted\K001\K001\N15_M07_F04_K001_7.mat,healthy,rolling_element,0.309284,0.225020,0.146024,0.319671
data\paderborn\extracted\K001\K001\N15_M07_F04_K001_7.mat,healthy,healthy,0.375503,0.275917,0.112931,0.235649
data\paderborn\extracted\K001\K001\N15_M07_F04_K001_7.mat,healthy,healthy,0.449071,0.274607,0.078330,0.197991
data\paderborn\extracted\K001\K001\N15_M07_F04_K001_7.mat,healthy,inner_race,0.157814,0.474805,0.193943,0.173437
data\paderborn\extracted\K001\K001\N15_M07_F04_K001_8.mat,healthy,healthy,0.647815,0.046356,0.024722,0.281107
data\paderborn\extracted\K001\K001\N15_M07_F04_K001_8.mat,healthy,healthy,0.568201,0.091407,0.050925,0.289466
data\paderborn\extracted\K001\K001\N15_M07_F04_K001_8.mat,healthy,rolling_element,0.275930,0.136938,0.191668,0.395463
data\paderborn\extracted\K001\K001\N15_M07_F04_K001_8.mat,healthy,healthy,0.753798,0.011725,0.018517,0.215960
data\paderborn\extracted\K001\K001\N15_M07_F04_K001_8.mat,healthy,rolling_element,0.285675,0.221576,0.114963,0.377786
data\paderborn\extracted\K001\K001\N15_M07_F04_K001_8.mat,healthy,healthy,0.341446,0.246013,0.121255,0.291286
data\paderborn\extracted\K001\K001\N15_M07_F04_K001_8.mat,healthy,healthy,0.590194,0.145097,0.022684,0.242025
data\paderborn\extracted\K001\K001\N15_M07_F04_K001_8.mat,healthy,healthy,0.386700,0.228120,0.079217,0.305963
data\paderborn\extracted\K001\K001\N15_M07_F04_K001_9.mat,healthy,healthy,0.432136,0.174892,0.073915,0.319056
data\paderborn\extracted\K001\K001\N15_M07_F04_K001_9.mat,healthy,healthy,0.750173,0.014988,0.020492,0.214347
data\paderborn\extracted\K001\K001\N15_M07_F04_K001_9.mat,healthy,rolling_element,0.221109,0.172876,0.173739,0.432275
data\paderborn\extracted\K001\K001\N15_M07_F04_K001_9.mat,healthy,healthy,0.638975,0.045482,0.030246,0.285297
data\paderborn\extracted\K001\K001\N15_M07_F04_K001_9.mat,healthy,inner_race,0.328202,0.383283,0.102175,0.186339
data\paderborn\extracted\K001\K001\N15_M07_F04_K001_9.mat,healthy,healthy,0.435596,0.160232,0.082062,0.322110
data\paderborn\extracted\K001\K001\N15_M07_F04_K001_9.mat,healthy,healthy,0.459999,0.070927,0.058262,0.410811
data\paderborn\extracted\K001\K001\N15_M07_F04_K001_9.mat,healthy,rolling_element,0.298353,0.164478,0.115778,0.421391
data\paderborn\extracted\K001\K001\N15_M07_F10_K001_1.mat,healthy,inner_race,0.155319,0.390033,0.237837,0.216812
data\paderborn\extracted\K001\K001\N15_M07_F10_K001_1.mat,healthy,inner_race,0.058030,0.511247,0.275963,0.154759
data\paderborn\extracted\K001\K001\N15_M07_F10_K001_1.mat,healthy,inner_race,0.175478,0.319159,0.235557,0.269806
data\paderborn\extracted\K001\K001\N15_M07_F10_K001_1.mat,healthy,inner_race,0.329637,0.338205,0.100309,0.231850
data\paderborn\extracted\K001\K001\N15_M07_F10_K001_1.mat,healthy,rolling_element,0.238479,0.257293,0.237187,0.267041
data\paderborn\extracted\K001\K001\N15_M07_F10_K001_1.mat,healthy,outer_race,0.152649,0.290914,0.303806,0.252630
data\paderborn\extracted\K001\K001\N15_M07_F10_K001_1.mat,healthy,inner_race,0.085519,0.486901,0.272503,0.155076
data\paderborn\extracted\K001\K001\N15_M07_F10_K001_1.mat,healthy,inner_race,0.256903,0.324801,0.152047,0.266249
data\paderborn\extracted\K001\K001\N15_M07_F10_K001_10.mat,healthy,inner_race,0.080856,0.609252,0.205361,0.104531
data\paderborn\extracted\K001\K001\N15_M07_F10_K001_10.mat,healthy,inner_race,0.230636,0.377093,0.161097,0.231174
data\paderborn\extracted\K001\K001\N15_M07_F10_K001_10.mat,healthy,inner_race,0.212420,0.518113,0.111633,0.157833
data\paderborn\extracted\K001\K001\N15_M07_F10_K001_10.mat,healthy,outer_race,0.140904,0.329092,0.339385,0.190619
data\paderborn\extracted\K001\K001\N15_M07_F10_K001_10.mat,healthy,rolling_element,0.141809,0.270080,0.286912,0.301199
data\paderborn\extracted\K001\K001\N15_M07_F10_K001_10.mat,healthy,inner_race,0.117164,0.545993,0.204205,0.132638
data\paderborn\extracted\K001\K001\N15_M07_F10_K001_10.mat,healthy,inner_race,0.256997,0.485427,0.105870,0.151706
data\paderborn\extracted\K001\K001\N15_M07_F10_K001_10.mat,healthy,inner_race,0.160513,0.448954,0.215022,0.175511
data\paderborn\extracted\K001\K001\N15_M07_F10_K001_11.mat,healthy,inner_race,0.165087,0.621610,0.109767,0.103536
data\paderborn\extracted\K001\K001\N15_M07_F10_K001_11.mat,healthy,inner_race,0.295937,0.529240,0.056142,0.118681
data\paderborn\extracted\K001\K001\N15_M07_F10_K001_11.mat,healthy,inner_race,0.144967,0.459770,0.228513,0.166750
data\paderborn\extracted\K001\K001\N15_M07_F10_K001_11.mat,healthy,inner_race,0.176688,0.449129,0.130458,0.243725
data\paderborn\extracted\K001\K001\N15_M07_F10_K001_11.mat,healthy,inner_race,0.204595,0.351401,0.175844,0.268159
data\paderborn\extracted\K001\K001\N15_M07_F10_K001_11.mat,healthy,inner_race,0.291193,0.370849,0.147215,0.190743
data\paderborn\extracted\K001\K001\N15_M07_F10_K001_11.mat,healthy,inner_race,0.187066,0.477952,0.180650,0.154332
data\paderborn\extracted\K001\K001\N15_M07_F10_K001_11.mat,healthy,inner_race,0.176022,0.340237,0.219199,0.264541
data\paderborn\extracted\K001\K001\N15_M07_F10_K001_12.mat,healthy,inner_race,0.161032,0.322154,0.290068,0.226746
data\paderborn\extracted\K001\K001\N15_M07_F10_K001_12.mat,healthy,inner_race,0.266901,0.402897,0.146052,0.184150
data\paderborn\extracted\K001\K001\N15_M07_F10_K001_12.mat,healthy,inner_race,0.167128,0.305623,0.258422,0.268828
data\paderborn\extracted\K001\K001\N15_M07_F10_K001_12.mat,healthy,outer_race,0.127372,0.220839,0.332437,0.319353
data\paderborn\extracted\K001\K001\N15_M07_F10_K001_12.mat,healthy,rolling_element,0.255327,0.188691,0.152647,0.403334
data\paderborn\extracted\K001\K001\N15_M07_F10_K001_12.mat,healthy,inner_race,0.237261,0.348942,0.158822,0.254976
data\paderborn\extracted\K001\K001\N15_M07_F10_K001_12.mat,healthy,inner_race,0.164063,0.372139,0.281687,0.182111
data\paderborn\extracted\K001\K001\N15_M07_F10_K001_12.mat,healthy,inner_race,0.132069,0.398811,0.238750,0.230370
data\paderborn\extracted\K001\K001\N15_M07_F10_K001_13.mat,healthy,healthy,0.525035,0.098036,0.058379,0.318550
data\paderborn\extracted\K001\K001\N15_M07_F10_K001_13.mat,healthy,healthy,0.473525,0.220281,0.085440,0.220754
data\paderborn\extracted\K001\K001\N15_M07_F10_K001_13.mat,healthy,healthy,0.370121,0.309920,0.097468,0.222492
data\paderborn\extracted\K001\K001\N15_M07_F10_K001_13.mat,healthy,healthy,0.560954,0.045299,0.021884,0.371863
data\paderborn\extracted\K001\K001\N15_M07_F10_K001_13.mat,healthy,rolling_element,0.313424,0.232986,0.102989,0.350602
data\paderborn\extracted\K001\K001\N15_M07_F10_K001_13.mat,healthy,healthy,0.552819,0.063627,0.052863,0.330691
data\paderborn\extracted\K001\K001\N15_M07_F10_K001_13.mat,healthy,healthy,0.618013,0.149335,0.040256,0.192396
data\paderborn\extracted\K001\K001\N15_M07_F10_K001_13.mat,healthy,healthy,0.495546,0.171844,0.054964,0.277646
data\paderborn\extracted\K001\K001\N15_M07_F10_K001_14.mat,healthy,healthy,0.323406,0.314305,0.130293,0.231996
data\paderborn\extracted\K001\K001\N15_M07_F10_K001_14.mat,healthy,healthy,0.338282,0.168363,0.183074,0.310281
data\paderborn\extracted\K001\K001\N15_M07_F10_K001_14.mat,healthy,healthy,0.657328,0.030098,0.043572,0.269002
data\paderborn\extracted\K001\K001\N15_M07_F10_K001_14.mat,healthy,rolling_element,0.311751,0.179078,0.104019,0.405152
data\paderborn\extracted\K001\K001\N15_M07_F10_K001_14.mat,healthy,healthy,0.717990,0.016734,0.028064,0.237212
data\paderborn\extracted\K001\K001\N15_M07_F10_K001_14.mat,healthy,healthy,0.324091,0.296705,0.136536,0.242668
data\paderborn\extracted\K001\K001\N15_M07_F10_K001_14.mat,healthy,healthy,0.336185,0.272133,0.140155,0.251527
data\paderborn\extracted\K001\K001\N15_M07_F10_K001_14.mat,healthy,healthy,0.508945,0.065304,0.047434,0.378316
data\paderborn\extracted\K001\K001\N15_M07_F10_K001_15.mat,healthy,inner_race,0.223844,0.404030,0.180311,0.191815
data\paderborn\extracted\K001\K001\N15_M07_F10_K001_15.mat,healthy,inner_race,0.251829,0.450341,0.130458,0.167372
data\paderborn\extracted\K001\K001\N15_M07_F10_K001_15.mat,healthy,healthy,0.509566,0.101481,0.063138,0.325815
data\paderborn\extracted\K001\K001\N15_M07_F10_K001_15.mat,healthy,inner_race,0.166480,0.404676,0.191393,0.237451
data\paderborn\extracted\K001\K001\N15_M07_F10_K001_15.mat,healthy,inner_race,0.236825,0.393258,0.148814,0.221102
data\paderborn\extracted\K001\K001\N15_M07_F10_K001_15.mat,healthy,inner_race,0.348028,0.353115,0.095145,0.203712
data\paderborn\extracted\K001\K001\N15_M07_F10_K001_15.mat,healthy,inner_race,0.170894,0.477092,0.197102,0.154912
data\paderborn\extracted\K001\K001\N15_M07_F10_K001_15.mat,healthy,inner_race,0.111773,0.527582,0.207424,0.153222
data\paderborn\extracted\K001\K001\N15_M07_F10_K001_16.mat,healthy,inner_race,0.158166,0.343366,0.241791,0.256677
data\paderborn\extracted\K001\K001\N15_M07_F10_K001_16.mat,healthy,inner_race,0.140995,0.301622,0.297652,0.259731
data\paderborn\extracted\K001\K001\N15_M07_F10_K001_16.mat,healthy,inner_race,0.198908,0.436532,0.202539,0.162021
data\paderborn\extracted\K001\K001\N15_M07_F10_K001_16.mat,healthy,inner_race,0.276937,0.328903,0.128455,0.265706
data\paderborn\extracted\K001\K001\N15_M07_F10_K001_16.mat,healthy,healthy,0.402615,0.125108,0.089446,0.382831
data\paderborn\extracted\K001\K001\N15_M07_F10_K001_16.mat,healthy,rolling_element,0.220702,0.241924,0.157150,0.380224
data\paderborn\extracted\K001\K001\N15_M07_F10_K001_16.mat,healthy,inner_race,0.159533,0.427585,0.202154,0.210729
data\paderborn\extracted\K001\K001\N15_M07_F10_K001_16.mat,healthy,inner_race,0.144237,0.508034,0.224525,0.123204
data\paderborn\extracted\K001\K001\N15_M07_F10_K001_17.mat,healthy,rolling_element,0.212909,0.244714,0.247707,0.294670
data\paderborn\extracted\K001\K001\N15_M07_F10_K001_17.mat,healthy,outer_race,0.077358,0.294760,0.427200,0.200681
data\paderborn\extracted\K001\K001\N15_M07_F10_K001_17.mat,healthy,inner_race,0.117861,0.389577,0.274382,0.218181
data\paderborn\extracted\K001\K001\N15_M07_F10_K001_17.mat,healthy,rolling_element,0.138072,0.242151,0.300996,0.318782
data\paderborn\extracted\K001\K001\N15_M07_F10_K001_17.mat,healthy,rolling_element,0.207093,0.234685,0.262300,0.295922
data\paderborn\extracted\K001\K001\N15_M07_F10_K001_17.mat,healthy,inner_race,0.314398,0.400528,0.114751,0.170323
data\paderborn\extracted\K001\K001\N15_M07_F10_K001_17.mat,healthy,inner_race,0.254578,0.381217,0.154080,0.210125
data\paderborn\extracted\K001\K001\N15_M07_F10_K001_17.mat,healthy,rolling_element,0.333949,0.101642,0.041876,0.522534
data\paderborn\extracted\K001\K001\N15_M07_F10_K001_18.mat,healthy,healthy,0.346872,0.198926,0.129478,0.324725
data\paderborn\extracted\K001\K001\N15_M07_F10_K001_18.mat,healthy,inner_race,0.311124,0.376687,0.073294,0.238896
data\paderborn\extracted\K001\K001\N15_M07_F10_K001_18.mat,healthy,inner_race,0.284430,0.452147,0.096944,0.166479
data\paderborn\extracted\K001\K001\N15_M07_F10_K001_18.mat,healthy,inner_race,0.267958,0.410190,0.162480,0.159372
data\paderborn\extracted\K001\K001\N15_M07_F10_K001_18.mat,healthy,healthy,0.395727,0.179823,0.084348,0.340102
data\paderborn\extracted\K001\K001\N15_M07_F10_K001_18.mat,healthy,rolling_element,0.346411,0.074215,0.122535,0.456839
data\paderborn\extracted\K001\K001\N15_M07_F10_K001_18.mat,healthy,rolling_element,0.225988,0.221824,0.217012,0.335177
data\paderborn\extracted\K001\K001\N15_M07_F10_K001_18.mat,healthy,healthy,0.578376,0.050712,0.036217,0.334694
data\paderborn\extracted\K001\K001\N15_M07_F10_K001_19.mat,healthy,inner_race,0.230401,0.444191,0.102107,0.223300
data\paderborn\extracted\K001\K001\N15_M07_F10_K001_19.mat,healthy,inner_race,0.237582,0.391027,0.182214,0.189177
data\paderborn\extracted\K001\K001\N15_M07_F10_K001_19.mat,healthy,inner_race,0.329390,0.415538,0.063903,0.191170
data\paderborn\extracted\K001\K001\N15_M07_F10_K001_19.mat,healthy,inner_race,0.290319,0.445221,0.089934,0.174526
data\paderborn\extracted\K001\K001\N15_M07_F10_K001_19.mat,healthy,inner_race,0.209038,0.366371,0.184136,0.240455
data\paderborn\extracted\K001\K001\N15_M07_F10_K001_19.mat,healthy,healthy,0.312343,0.282535,0.101980,0.303143
data\paderborn\extracted\K001\K001\N15_M07_F10_K001_19.mat,healthy,healthy,0.383913,0.325537,0.100890,0.189660
data\paderborn\extracted\K001\K001\N15_M07_F10_K001_19.mat,healthy,inner_race,0.219377,0.494777,0.126405,0.159441
data\paderborn\extracted\K001\K001\N15_M07_F10_K001_2.mat,healthy,inner_race,0.073021,0.395079,0.352767,0.179132
data\paderborn\extracted\K001\K001\N15_M07_F10_K001_2.mat,healthy,inner_race,0.233824,0.379028,0.131977,0.255170
data\paderborn\extracted\K001\K001\N15_M07_F10_K001_2.mat,healthy,inner_race,0.203116,0.468423,0.151850,0.176611
data\paderborn\extracted\K001\K001\N15_M07_F10_K001_2.mat,healthy,inner_race,0.244792,0.419904,0.145814,0.189489
data\paderborn\extracted\K001\K001\N15_M07_F10_K001_2.mat,healthy,inner_race,0.165390,0.362214,0.243249,0.229148
data\paderborn\extracted\K001\K001\N15_M07_F10_K001_2.mat,healthy,inner_race,0.095543,0.532015,0.212189,0.160253
data\paderborn\extracted\K001\K001\N15_M07_F10_K001_2.mat,healthy,inner_race,0.126757,0.385094,0.294978,0.193171
data\paderborn\extracted\K001\K001\N15_M07_F10_K001_2.mat,healthy,inner_race,0.185313,0.398264,0.227038,0.189386
data\paderborn\extracted\K001\K001\N15_M07_F10_K001_20.mat,healthy,healthy,0.634761,0.084207,0.042818,0.238213
data\paderborn\extracted\K001\K001\N15_M07_F10_K001_20.mat,healthy,healthy,0.568339,0.223022,0.031882,0.176757
data\paderborn\extracted\K001\K001\N15_M07_F10_K001_20.mat,healthy,healthy,0.586315,0.089357,0.041597,0.282731
data\paderborn\extracted\K001\K001\N15_M07_F10_K001_20.mat,healthy,healthy,0.385429,0.077366,0.159397,0.377808
data\paderborn\extracted\K001\K001\N15_M07_F10_K001_20.mat,healthy,rolling_element,0.276991,0.266394,0.159602,0.297013
data\paderborn\extracted\K001\K001\N15_M07_F10_K001_20.mat,healthy,healthy,0.406452,0.277826,0.081704,0.234017
data\paderborn\extracted\K001\K001\N15_M07_F10_K001_20.mat,healthy,healthy,0.516863,0.151357,0.070093,0.261687
data\paderborn\extracted\K001\K001\N15_M07_F10_K001_20.mat,healthy,healthy,0.412427,0.202352,0.092328,0.292893
data\paderborn\extracted\K001\K001\N15_M07_F10_K001_3.mat,healthy,healthy,0.600956,0.021330,0.016133,0.361580
data\paderborn\extracted\K001\K001\N15_M07_F10_K001_3.mat,healthy,healthy,0.386553,0.287354,0.072089,0.254005
data\paderborn\extracted\K001\K001\N15_M07_F10_K001_3.mat,healthy,healthy,0.465343,0.245716,0.055779,0.233162
data\paderborn\extracted\K001\K001\N15_M07_F10_K001_3.mat,healthy,healthy,0.363368,0.239783,0.130761,0.266087
data\paderborn\extracted\K001\K001\N15_M07_F10_K001_3.mat,healthy,rolling_element,0.261868,0.199459,0.166533,0.372139
data\paderborn\extracted\K001\K001\N15_M07_F10_K001_3.mat,healthy,healthy,0.527658,0.040861,0.054192,0.377289
data\paderborn\extracted\K001\K001\N15_M07_F10_K001_3.mat,healthy,rolling_element,0.283425,0.188794,0.162943,0.364838
data\paderborn\extracted\K001\K001\N15_M07_F10_K001_3.mat,healthy,healthy,0.436769,0.240540,0.054700,0.267991
data\paderborn\extracted\K001\K001\N15_M07_F10_K001_4.mat,healthy,inner_race,0.153191,0.458274,0.209437,0.179097
data\paderborn\extracted\K001\K001\N15_M07_F10_K001_4.mat,healthy,inner_race,0.220619,0.377710,0.155466,0.246205
data\paderborn\extracted\K001\K001\N15_M07_F10_K001_4.mat,healthy,inner_race,0.242349,0.311618,0.164667,0.281366
data\paderborn\extracted\K001\K001\N15_M07_F10_K001_4.mat,healthy,inner_race,0.107508,0.411539,0.268620,0.212333
data\paderborn\extracted\K001\K001\N15_M07_F10_K001_4.mat,healthy,outer_race,0.108865,0.215749,0.393304,0.282082
data\paderborn\extracted\K001\K001\N15_M07_F10_K001_4.mat,healthy,inner_race,0.145064,0.427275,0.242822,0.184839
data\paderborn\extracted\K001\K001\N15_M07_F10_K001_4.mat,healthy,inner_race,0.121074,0.456720,0.262142,0.160064
data\paderborn\extracted\K001\K001\N15_M07_F10_K001_4.mat,healthy,inner_race,0.281475,0.344231,0.107940,0.266353
data\paderborn\extracted\K001\K001\N15_M07_F10_K001_5.mat,healthy,rolling_element,0.141062,0.164472,0.336281,0.358185
data\paderborn\extracted\K001\K001\N15_M07_F10_K001_5.mat,healthy,rolling_element,0.137768,0.203571,0.300590,0.358071
data\paderborn\extracted\K001\K001\N15_M07_F10_K001_5.mat,healthy,healthy,0.365823,0.149756,0.127404,0.357017
data\paderborn\extracted\K001\K001\N15_M07_F10_K001_5.mat,healthy,healthy,0.417924,0.332508,0.056132,0.193435
data\paderborn\extracted\K001\K001\N15_M07_F10_K001_5.mat,healthy,inner_race,0.292946,0.309468,0.124513,0.273073
data\paderborn\extracted\K001\K001\N15_M07_F10_K001_5.mat,healthy,rolling_element,0.271421,0.166575,0.228341,0.333662
data\paderborn\extracted\K001\K001\N15_M07_F10_K001_5.mat,healthy,inner_race,0.126235,0.325894,0.296231,0.251640
data\paderborn\extracted\K001\K001\N15_M07_F10_K001_5.mat,healthy,inner_race,0.285342,0.380573,0.130749,0.203336
data\paderborn\extracted\K001\K001\N15_M07_F10_K001_6.mat,healthy,inner_race,0.222572,0.323683,0.206339,0.247406
data\paderborn\extracted\K001\K001\N15_M07_F10_K001_6.mat,healthy,inner_race,0.122720,0.446458,0.270786,0.160037
data\paderborn\extracted\K001\K001\N15_M07_F10_K001_6.mat,healthy,inner_race,0.093339,0.655316,0.163027,0.088319
data\paderborn\extracted\K001\K001\N15_M07_F10_K001_6.mat,healthy,rolling_element,0.202931,0.280945,0.203272,0.312852
data\paderborn\extracted\K001\K001\N15_M07_F10_K001_6.mat,healthy,inner_race,0.077616,0.420333,0.316846,0.185205
data\paderborn\extracted\K001\K001\N15_M07_F10_K001_6.mat,healthy,inner_race,0.267918,0.403507,0.116859,0.211716
data\paderborn\extracted\K001\K001\N15_M07_F10_K001_6.mat,healthy,inner_race,0.161978,0.527206,0.161468,0.149348
data\paderborn\extracted\K001\K001\N15_M07_F10_K001_6.mat,healthy,inner_race,0.155971,0.495622,0.213303,0.135104
data\paderborn\extracted\K001\K001\N15_M07_F10_K001_7.mat,healthy,inner_race,0.376947,0.396496,0.056165,0.170392
data\paderborn\extracted\K001\K001\N15_M07_F10_K001_7.mat,healthy,inner_race,0.089262,0.500451,0.260133,0.150154
data\paderborn\extracted\K001\K001\N15_M07_F10_K001_7.mat,healthy,inner_race,0.177460,0.401363,0.191731,0.229447
data\paderborn\extracted\K001\K001\N15_M07_F10_K001_7.mat,healthy,inner_race,0.125190,0.577258,0.160213,0.137339
data\paderborn\extracted\K001\K001\N15_M07_F10_K001_7.mat,healthy,inner_race,0.278944,0.417971,0.144505,0.158580
data\paderborn\extracted\K001\K001\N15_M07_F10_K001_7.mat,healthy,healthy,0.410328,0.341170,0.049551,0.198950
data\paderborn\extracted\K001\K001\N15_M07_F10_K001_7.mat,healthy,inner_race,0.217980,0.341318,0.191257,0.249445
data\paderborn\extracted\K001\K001\N15_M07_F10_K001_7.mat,healthy,inner_race,0.155590,0.295931,0.278921,0.269558
data\paderborn\extracted\K001\K001\N15_M07_F10_K001_8.mat,healthy,rolling_element,0.299121,0.274830,0.125893,0.300156
data\paderborn\extracted\K001\K001\N15_M07_F10_K001_8.mat,healthy,healthy,0.430264,0.205842,0.107853,0.256041
data\paderborn\extracted\K001\K001\N15_M07_F10_K001_8.mat,healthy,inner_race,0.144952,0.441945,0.245980,0.167123
data\paderborn\extracted\K001\K001\N15_M07_F10_K001_8.mat,healthy,rolling_element,0.168150,0.267803,0.266170,0.297876
data\paderborn\extracted\K001\K001\N15_M07_F10_K001_8.mat,healthy,rolling_element,0.259186,0.247860,0.187359,0.305595
data\paderborn\extracted\K001\K001\N15_M07_F10_K001_8.mat,healthy,inner_race,0.352033,0.421346,0.062472,0.164149
data\paderborn\extracted\K001\K001\N15_M07_F10_K001_8.mat,healthy,healthy,0.434088,0.221704,0.076354,0.267854
data\paderborn\extracted\K001\K001\N15_M07_F10_K001_8.mat,healthy,rolling_element,0.328497,0.114585,0.172894,0.384024
data\paderborn\extracted\K001\K001\N15_M07_F10_K001_9.mat,healthy,inner_race,0.132296,0.490759,0.183016,0.193929
data\paderborn\extracted\K001\K001\N15_M07_F10_K001_9.mat,healthy,inner_race,0.232135,0.421313,0.137743,0.208809
data\paderborn\extracted\K001\K001\N15_M07_F10_K001_9.mat,healthy,inner_race,0.069844,0.474157,0.318748,0.137251
data\paderborn\extracted\K001\K001\N15_M07_F10_K001_9.mat,healthy,inner_race,0.211943,0.412062,0.137649,0.238346
data\paderborn\extracted\K001\K001\N15_M07_F10_K001_9.mat,healthy,inner_race,0.177913,0.496974,0.151476,0.173637
data\paderborn\extracted\K001\K001\N15_M07_F10_K001_9.mat,healthy,inner_race,0.144730,0.550036,0.172247,0.132987
data\paderborn\extracted\K001\K001\N15_M07_F10_K001_9.mat,healthy,inner_race,0.237655,0.536792,0.088635,0.136918
data\paderborn\extracted\K001\K001\N15_M07_F10_K001_9.mat,healthy,inner_race,0.094001,0.504581,0.190802,0.210615
data\paderborn\extracted\KA01\KA01\N09_M07_F10_KA01_1.mat,outer_race,outer_race,0.134706,0.235693,0.481802,0.147799
data\paderborn\extracted\KA01\KA01\N09_M07_F10_KA01_1.mat,outer_race,healthy,0.334635,0.147397,0.199353,0.318615
data\paderborn\extracted\KA01\KA01\N09_M07_F10_KA01_1.mat,outer_race,rolling_element,0.074297,0.194565,0.350274,0.380864
data\paderborn\extracted\KA01\KA01\N09_M07_F10_KA01_1.mat,outer_race,rolling_element,0.298908,0.154526,0.134855,0.411711
data\paderborn\extracted\KA01\KA01\N09_M07_F10_KA01_1.mat,outer_race,outer_race,0.119777,0.268643,0.463840,0.147739
data\paderborn\extracted\KA01\KA01\N09_M07_F10_KA01_1.mat,outer_race,outer_race,0.153826,0.205575,0.462884,0.177714
data\paderborn\extracted\KA01\KA01\N09_M07_F10_KA01_1.mat,outer_race,outer_race,0.137459,0.236452,0.501953,0.124136
data\paderborn\extracted\KA01\KA01\N09_M07_F10_KA01_1.mat,outer_race,outer_race,0.100966,0.248159,0.424863,0.226012
data\paderborn\extracted\KA01\KA01\N09_M07_F10_KA01_10.mat,outer_race,outer_race,0.108497,0.123582,0.435152,0.332769
data\paderborn\extracted\KA01\KA01\N09_M07_F10_KA01_10.mat,outer_race,outer_race,0.170752,0.138972,0.531257,0.159019
data\paderborn\extracted\KA01\KA01\N09_M07_F10_KA01_10.mat,outer_race,outer_race,0.166264,0.271223,0.331004,0.231509
data\paderborn\extracted\KA01\KA01\N09_M07_F10_KA01_10.mat,outer_race,outer_race,0.149082,0.224493,0.414246,0.212179
data\paderborn\extracted\KA01\KA01\N09_M07_F10_KA01_10.mat,outer_race,outer_race,0.248541,0.243286,0.327328,0.180845
data\paderborn\extracted\KA01\KA01\N09_M07_F10_KA01_10.mat,outer_race,inner_race,0.210600,0.378656,0.266037,0.144707
data\paderborn\extracted\KA01\KA01\N09_M07_F10_KA01_10.mat,outer_race,rolling_element,0.073676,0.157857,0.242601,0.525866
data\paderborn\extracted\KA01\KA01\N09_M07_F10_KA01_10.mat,outer_race,healthy,0.382095,0.213048,0.203591,0.201266
data\paderborn\extracted\KA01\KA01\N09_M07_F10_KA01_11.mat,outer_race,outer_race,0.087098,0.167273,0.541072,0.204558
data\paderborn\extracted\KA01\KA01\N09_M07_F10_KA01_11.mat,outer_race,outer_race,0.100921,0.163705,0.512306,0.223069
data\paderborn\extracted\KA01\KA01\N09_M07_F10_KA01_11.mat,outer_race,inner_race,0.202440,0.318169,0.274319,0.205072
data\paderborn\extracted\KA01\KA01\N09_M07_F10_KA01_11.mat,outer_race,inner_race,0.196354,0.350132,0.293468,0.160045
data\paderborn\extracted\KA01\KA01\N09_M07_F10_KA01_11.mat,outer_race,outer_race,0.063417,0.111456,0.565313,0.259813
data\paderborn\extracted\KA01\KA01\N09_M07_F10_KA01_11.mat,outer_race,outer_race,0.113414,0.234889,0.551456,0.100241
data\paderborn\extracted\KA01\KA01\N09_M07_F10_KA01_11.mat,outer_race,outer_race,0.155640,0.289429,0.330422,0.224510
data\paderborn\extracted\KA01\KA01\N09_M07_F10_KA01_11.mat,outer_race,outer_race,0.113273,0.211243,0.575028,0.100457
data\paderborn\extracted\KA01\KA01\N09_M07_F10_KA01_12.mat,outer_race,outer_race,0.066935,0.214011,0.586180,0.132874
data\paderborn\extracted\KA01\KA01\N09_M07_F10_KA01_12.mat,outer_race,outer_race,0.127873,0.232910,0.422671,0.216546
data\paderborn\extracted\KA01\KA01\N09_M07_F10_KA01_12.mat,outer_race,outer_race,0.081253,0.165253,0.515141,0.238353
data\paderborn\extracted\KA01\KA01\N09_M07_F10_KA01_12.mat,outer_race,outer_race,0.154522,0.197235,0.433456,0.214788
data\paderborn\extracted\KA01\KA01\N09_M07_F10_KA01_12.mat,outer_race,outer_race,0.207690,0.306219,0.316699,0.169393
data\paderborn\extracted\KA01\KA01\N09_M07_F10_KA01_12.mat,outer_race,outer_race,0.157685,0.347808,0.392972,0.101536
data\paderborn\extracted\KA01\KA01\N09_M07_F10_KA01_12.mat,outer_race,outer_race,0.084869,0.103665,0.544956,0.266509
data\paderborn\extracted\KA01\KA01\N09_M07_F10_KA01_12.mat,outer_race,outer_race,0.280227,0.217314,0.371687,0.130772
data\paderborn\extracted\KA01\KA01\N09_M07_F10_KA01_13.mat,outer_race,inner_race,0.157625,0.327107,0.305584,0.209684
data\paderborn\extracted\KA01\KA01\N09_M07_F10_KA01_13.mat,outer_race,outer_race,0.162105,0.192469,0.343541,0.301886
data\paderborn\extracted\KA01\KA01\N09_M07_F10_KA01_13.mat,outer_race,outer_race,0.178319,0.241622,0.498798,0.081261
data\paderborn\extracted\KA01\KA01\N09_M07_F10_KA01_13.mat,outer_race,outer_race,0.098566,0.282413,0.342045,0.276977
data\paderborn\extracted\KA01\KA01\N09_M07_F10_KA01_13.mat,outer_race,outer_race,0.108491,0.257242,0.522127,0.112140
data\paderborn\extracted\KA01\KA01\N09_M07_F10_KA01_13.mat,outer_race,inner_race,0.294945,0.376344,0.145211,0.183500
data\paderborn\extracted\KA01\KA01\N09_M07_F10_KA01_13.mat,outer_race,inner_race,0.200566,0.307281,0.296723,0.195431
data\paderborn\extracted\KA01\KA01\N09_M07_F10_KA01_13.mat,outer_race,outer_race,0.095628,0.104632,0.567699,0.232041
data\paderborn\extracted\KA01\KA01\N09_M07_F10_KA01_14.mat,outer_race,outer_race,0.057382,0.185767,0.639467,0.117384
data\paderborn\extracted\KA01\KA01\N09_M07_F10_KA01_14.mat,outer_race,outer_race,0.145747,0.220675,0.410307,0.223271
data\paderborn\extracted\KA01\KA01\N09_M07_F10_KA01_14.mat,outer_race,outer_race,0.064967,0.139185,0.633291,0.162558
data\paderborn\extracted\KA01\KA01\N09_M07_F10_KA01_14.mat,outer_race,outer_race,0.142897,0.209417,0.432832,0.214854
data\paderborn\extracted\KA01\KA01\N09_M07_F10_KA01_14.mat,outer_race,outer_race,0.065986,0.202647,0.647809,0.083558
data\paderborn\extracted\KA01\KA01\N09_M07_F10_KA01_14.mat,outer_race,outer_race,0.112975,0.151221,0.529446,0.206358
data\paderborn\extracted\KA01\KA01\N09_M07_F10_KA01_14.mat,outer_race,outer_race,0.165972,0.241861,0.453264,0.138903
data\paderborn\extracted\KA01\KA01\N09_M07_F10_KA01_14.mat,outer_race,rolling_element,0.134402,0.154100,0.318347,0.393151
data\paderborn\extracted\KA01\KA01\N09_M07_F10_KA01_15.mat,outer_race,outer_race,0.129038,0.223467,0.511127,0.136367
data\paderborn\extracted\KA01\KA01\N09_M07_F10_KA01_15.mat,outer_race,outer_race,0.099269,0.235725,0.579974,0.085032
data\paderborn\extracted\KA01\KA01\N09_M07_F10_KA01_15.mat,outer_race,outer_race,0.173418,0.166437,0.427045,0.233100
data\paderborn\extracted\KA01\KA01\N09_M07_F10_KA01_15.mat,outer_race,healthy,0.330264,0.254423,0.196873,0.218440
data\paderborn\extracted\KA01\KA01\N09_M07_F10_KA01_15.mat,outer_race,outer_race,0.063985,0.208697,0.537957,0.189361
data\paderborn\extracted\KA01\KA01\N09_M07_F10_KA01_15.mat,outer_race,outer_race,0.036023,0.143785,0.683340,0.136852
data\paderborn\extracted\KA01\KA01\N09_M07_F10_KA01_15.mat,outer_race,outer_race,0.222938,0.288664,0.309467,0.178931
data\paderborn\extracted\KA01\KA01\N09_M07_F10_KA01_15.mat,outer_race,outer_race,0.180444,0.154771,0.432456,0.232329
data\paderborn\extracted\KA01\KA01\N09_M07_F10_KA01_16.mat,outer_race,outer_race,0.104160,0.220893,0.463702,0.211245
data\paderborn\extracted\KA01\KA01\N09_M07_F10_KA01_16.mat,outer_race,outer_race,0.122756,0.242172,0.502010,0.133062
data\paderborn\extracted\KA01\KA01\N09_M07_F10_KA01_16.mat,outer_race,outer_race,0.196467,0.262082,0.327576,0.213875
data\paderborn\extracted\KA01\KA01\N09_M07_F10_KA01_16.mat,outer_race,outer_race,0.103580,0.194896,0.396619,0.304905
data\paderborn\extracted\KA01\KA01\N09_M07_F10_KA01_16.mat,outer_race,outer_race,0.080173,0.116093,0.645448,0.158285
data\paderborn\extracted\KA01\KA01\N09_M07_F10_KA01_16.mat,outer_race,rolling_element,0.177119,0.167842,0.290671,0.364368
data\paderborn\extracted\KA01\KA01\N09_M07_F10_KA01_16.mat,outer_race,outer_race,0.179003,0.247724,0.384063,0.189210
data\paderborn\extracted\KA01\KA01\N09_M07_F10_KA01_16.mat,outer_race,outer_race,0.091537,0.148424,0.535342,0.224697
data\paderborn\extracted\KA01\KA01\N09_M07_F10_KA01_17.mat,outer_race,outer_race,0.074351,0.177175,0.644241,0.104233
data\paderborn\extracted\KA01\KA01\N09_M07_F10_KA01_17.mat,outer_race,inner_race,0.269246,0.417823,0.174146,0.138784
data\paderborn\extracted\KA01\KA01\N09_M07_F10_KA01_17.mat,outer_race,outer_race,0.109827,0.300555,0.427701,0.161917
data\paderborn\extracted\KA01\KA01\N09_M07_F10_KA01_17.mat,outer_race,outer_race,0.114664,0.173073,0.365985,0.346278
data\paderborn\extracted\KA01\KA01\N09_M07_F10_KA01_17.mat,outer_race,healthy,0.394450,0.335593,0.117057,0.152900
data\paderborn\extracted\KA01\KA01\N09_M07_F10_KA01_17.mat,outer_race,outer_race,0.089207,0.188540,0.615889,0.106364
data\paderborn\extracted\KA01\KA01\N09_M07_F10_KA01_17.mat,outer_race,outer_race,0.159942,0.287713,0.466505,0.085840
data\paderborn\extracted\KA01\KA01\N09_M07_F10_KA01_17.mat,outer_race,outer_race,0.224013,0.205357,0.455702,0.114928
data\paderborn\extracted\KA01\KA01\N09_M07_F10_KA01_18.mat,outer_race,healthy,0.377424,0.115582,0.319697,0.187297
data\paderborn\extracted\KA01\KA01\N09_M07_F10_KA01_18.mat,outer_race,healthy,0.566718,0.104956,0.184560,0.143766
data\paderborn\extracted\KA01\KA01\N09_M07_F10_KA01_18.mat,outer_race,outer_race,0.141971,0.213329,0.437365,0.207335
data\paderborn\extracted\KA01\KA01\N09_M07_F10_KA01_18.mat,outer_race,outer_race,0.171396,0.169109,0.386381,0.273113
data\paderborn\extracted\KA01\KA01\N09_M07_F10_KA01_18.mat,outer_race,inner_race,0.229681,0.314120,0.288464,0.167735
data\paderborn\extracted\KA01\KA01\N09_M07_F10_KA01_18.mat,outer_race,inner_race,0.210775,0.371511,0.264589,0.153125
data\paderborn\extracted\KA01\KA01\N09_M07_F10_KA01_18.mat,outer_race,outer_race,0.189896,0.246135,0.385022,0.178946
data\paderborn\extracted\KA01\KA01\N09_M07_F10_KA01_18.mat,outer_race,outer_race,0.133690,0.141972,0.515756,0.208583
data\paderborn\extracted\KA01\KA01\N09_M07_F10_KA01_19.mat,outer_race,outer_race,0.135231,0.208284,0.428483,0.228003
data\paderborn\extracted\KA01\KA01\N09_M07_F10_KA01_19.mat,outer_race,outer_race,0.167457,0.247518,0.356207,0.228817
data\paderborn\extracted\KA01\KA01\N09_M07_F10_KA01_19.mat,outer_race,outer_race,0.117852,0.176963,0.444359,0.260826
data\paderborn\extracted\KA01\KA01\N09_M07_F10_KA01_19.mat,outer_race,outer_race,0.147481,0.255308,0.498776,0.098435
data\paderborn\extracted\KA01\KA01\N09_M07_F10_KA01_19.mat,outer_race,outer_race,0.058662,0.182875,0.452951,0.305512
data\paderborn\extracted\KA01\KA01\N09_M07_F10_KA01_19.mat,outer_race,outer_race,0.100632,0.266226,0.401349,0.231793
data\paderborn\extracted\KA01\KA01\N09_M07_F10_KA01_19.mat,outer_race,healthy,0.297262,0.239297,0.257656,0.205785
data\paderborn\extracted\KA01\KA01\N09_M07_F10_KA01_19.mat,outer_race,inner_race,0.176795,0.346985,0.327090,0.149130
data\paderborn\extracted\KA01\KA01\N09_M07_F10_KA01_2.mat,outer_race,outer_race,0.203499,0.242817,0.397167,0.156517
data\paderborn\extracted\KA01\KA01\N09_M07_F10_KA01_2.mat,outer_race,outer_race,0.090497,0.184790,0.575519,0.149194
data\paderborn\extracted\KA01\KA01\N09_M07_F10_KA01_2.mat,outer_race,outer_race,0.097592,0.236013,0.579983,0.086412
data\paderborn\extracted\KA01\KA01\N09_M07_F10_KA01_2.mat,outer_race,inner_race,0.228491,0.372336,0.231020,0.168153
data\paderborn\extracted\KA01\KA01\N09_M07_F10_KA01_2.mat,outer_race,outer_race,0.071522,0.187839,0.528393,0.212246
data\paderborn\extracted\KA01\KA01\N09_M07_F10_KA01_2.mat,outer_race,outer_race,0.140909,0.226021,0.453355,0.179715
data\paderborn\extracted\KA01\KA01\N09_M07_F10_KA01_2.mat,outer_race,outer_race,0.115773,0.221846,0.417519,0.244862
data\paderborn\extracted\KA01\KA01\N09_M07_F10_KA01_2.mat,outer_race,outer_race,0.104105,0.186013,0.469358,0.240523
data\paderborn\extracted\KA01\KA01\N09_M07_F10_KA01_20.mat,outer_race,inner_race,0.226289,0.328878,0.214416,0.230417
data\paderborn\extracted\KA01\KA01\N09_M07_F10_KA01_20.mat,outer_race,outer_race,0.116115,0.095208,0.405913,0.382764
data\paderborn\extracted\KA01\KA01\N09_M07_F10_KA01_20.mat,outer_race,outer_race,0.200592,0.091733,0.419974,0.287701
data\paderborn\extracted\KA01\KA01\N09_M07_F10_KA01_20.mat,outer_race,healthy,0.524854,0.235719,0.169713,0.069714
data\paderborn\extracted\KA01\KA01\N09_M07_F10_KA01_20.mat,outer_race,outer_race,0.121220,0.155998,0.521803,0.200980
data\paderborn\extracted\KA01\KA01\N09_M07_F10_KA01_20.mat,outer_race,outer_race,0.185308,0.237662,0.366053,0.210977
data\paderborn\extracted\KA01\KA01\N09_M07_F10_KA01_20.mat,outer_race,outer_race,0.147969,0.262309,0.394462,0.195260
data\paderborn\extracted\KA01\KA01\N09_M07_F10_KA01_20.mat,outer_race,healthy,0.303350,0.158970,0.241761,0.295919
data\paderborn\extracted\KA01\KA01\N09_M07_F10_KA01_3.mat,outer_race,healthy,0.458639,0.175822,0.169938,0.195602
data\paderborn\extracted\KA01\KA01\N09_M07_F10_KA01_3.mat,outer_race,outer_race,0.196682,0.218152,0.402635,0.182531
data\paderborn\extracted\KA01\KA01\N09_M07_F10_KA01_3.mat,outer_race,outer_race,0.100634,0.197481,0.551493,0.150392
data\paderborn\extracted\KA01\KA01\N09_M07_F10_KA01_3.mat,outer_race,inner_race,0.265799,0.340529,0.300204,0.093468
data\paderborn\extracted\KA01\KA01\N09_M07_F10_KA01_3.mat,outer_race,healthy,0.352244,0.329610,0.175074,0.143072
data\paderborn\extracted\KA01\KA01\N09_M07_F10_KA01_3.mat,outer_race,inner_race,0.205389,0.323381,0.203489,0.267740
data\paderborn\extracted\KA01\KA01\N09_M07_F10_KA01_3.mat,outer_race,inner_race,0.186191,0.326415,0.323820,0.163575
data\paderborn\extracted\KA01\KA01\N09_M07_F10_KA01_3.mat,outer_race,outer_race,0.098157,0.244297,0.474174,0.183373
data\paderborn\extracted\KA01\KA01\N09_M07_F10_KA01_4.mat,outer_race,outer_race,0.159614,0.262928,0.363439,0.214020
data\paderborn\extracted\KA01\KA01\N09_M07_F10_KA01_4.mat,outer_race,inner_race,0.205457,0.318817,0.299614,0.176112
data\paderborn\extracted\KA01\KA01\N09_M07_F10_KA01_4.mat,outer_race,outer_race,0.279370,0.258973,0.322596,0.139061
data\paderborn\extracted\KA01\KA01\N09_M07_F10_KA01_4.mat,outer_race,outer_race,0.053139,0.058350,0.737694,0.150818
data\paderborn\extracted\KA01\KA01\N09_M07_F10_KA01_4.mat,outer_race,outer_race,0.137477,0.273813,0.387383,0.201327
data\paderborn\extracted\KA01\KA01\N09_M07_F10_KA01_4.mat,outer_race,outer_race,0.136965,0.256493,0.450034,0.156508
data\paderborn\extracted\KA01\KA01\N09_M07_F10_KA01_4.mat,outer_race,outer_race,0.122861,0.226474,0.487468,0.163197
data\paderborn\extracted\KA01\KA01\N09_M07_F10_KA01_4.mat,outer_race,outer_race,0.237371,0.284374,0.330594,0.147661
data\paderborn\extracted\KA01\KA01\N09_M07_F10_KA01_5.mat,outer_race,outer_race,0.086070,0.142542,0.665224,0.106164
data\paderborn\extracted\KA01\KA01\N09_M07_F10_KA01_5.mat,outer_race,healthy,0.313489,0.216415,0.275130,0.194966
data\paderborn\extracted\KA01\KA01\N09_M07_F10_KA01_5.mat,outer_race,outer_race,0.080501,0.196230,0.442916,0.280353
data\paderborn\extracted\KA01\KA01\N09_M07_F10_KA01_5.mat,outer_race,outer_race,0.128563,0.273747,0.457749,0.139940
data\paderborn\extracted\KA01\KA01\N09_M07_F10_KA01_5.mat,outer_race,outer_race,0.111095,0.228026,0.554512,0.106367
data\paderborn\extracted\KA01\KA01\N09_M07_F10_KA01_5.mat,outer_race,rolling_element,0.094802,0.137019,0.380508,0.387671
data\paderborn\extracted\KA01\KA01\N09_M07_F10_KA01_5.mat,outer_race,outer_race,0.158502,0.206173,0.411818,0.223507
data\paderborn\extracted\KA01\KA01\N09_M07_F10_KA01_5.mat,outer_race,outer_race,0.107034,0.229940,0.489256,0.173771
data\paderborn\extracted\KA01\KA01\N09_M07_F10_KA01_6.mat,outer_race,rolling_element,0.132279,0.232291,0.303761,0.331669
data\paderborn\extracted\KA01\KA01\N09_M07_F10_KA01_6.mat,outer_race,outer_race,0.128572,0.220919,0.395225,0.255285
data\paderborn\extracted\KA01\KA01\N09_M07_F10_KA01_6.mat,outer_race,outer_race,0.189149,0.302853,0.339980,0.168018
data\paderborn\extracted\KA01\KA01\N09_M07_F10_KA01_6.mat,outer_race,outer_race,0.110501,0.235280,0.473934,0.180285
data\paderborn\extracted\KA01\KA01\N09_M07_F10_KA01_6.mat,outer_race,outer_race,0.136201,0.240000,0.439163,0.184636
data\paderborn\extracted\KA01\KA01\N09_M07_F10_KA01_6.mat,outer_race,inner_race,0.160993,0.346552,0.285270,0.207186
data\paderborn\extracted\KA01\KA01\N09_M07_F10_KA01_6.mat,outer_race,rolling_element,0.209240,0.156461,0.316709,0.317590
data\paderborn\extracted\KA01\KA01\N09_M07_F10_KA01_6.mat,outer_race,rolling_element,0.318380,0.153225,0.192327,0.336068
data\paderborn\extracted\KA01\KA01\N09_M07_F10_KA01_7.mat,outer_race,healthy,0.462664,0.084121,0.302929,0.150286
data\paderborn\extracted\KA01\KA01\N09_M07_F10_KA01_7.mat,outer_race,outer_race,0.189741,0.309230,0.383646,0.117382
data\paderborn\extracted\KA01\KA01\N09_M07_F10_KA01_7.mat,outer_race,outer_race,0.136158,0.196366,0.415773,0.251703
data\paderborn\extracted\KA01\KA01\N09_M07_F10_KA01_7.mat,outer_race,outer_race,0.225628,0.178396,0.416776,0.179201
data\paderborn\extracted\KA01\KA01\N09_M07_F10_KA01_7.mat,outer_race,outer_race,0.129138,0.226232,0.452918,0.191712
data\paderborn\extracted\KA01\KA01\N09_M07_F10_KA01_7.mat,outer_race,outer_race,0.111254,0.172385,0.465285,0.251077
data\paderborn\extracted\KA01\KA01\N09_M07_F10_KA01_7.mat,outer_race,healthy,0.291952,0.216795,0.267810,0.223443
data\paderborn\extracted\KA01\KA01\N09_M07_F10_KA01_7.mat,outer_race,outer_race,0.104933,0.208777,0.598981,0.087309
data\paderborn\extracted\KA01\KA01\N09_M07_F10_KA01_8.mat,outer_race,outer_race,0.121515,0.218452,0.552223,0.107811
data\paderborn\extracted\KA01\KA01\N09_M07_F10_KA01_8.mat,outer_race,outer_race,0.074080,0.206390,0.602493,0.117038
data\paderborn\extracted\KA01\KA01\N09_M07_F10_KA01_8.mat,outer_race,healthy,0.273368,0.235866,0.243397,0.247369
data\paderborn\extracted\KA01\KA01\N09_M07_F10_KA01_8.mat,outer_race,outer_race,0.228846,0.249911,0.396792,0.124451
data\paderborn\extracted\KA01\KA01\N09_M07_F10_KA01_8.mat,outer_race,inner_race,0.241359,0.356295,0.287743,0.114602
data\paderborn\extracted\KA01\KA01\N09_M07_F10_KA01_8.mat,outer_race,rolling_element,0.141253,0.276376,0.287774,0.294596
data\paderborn\extracted\KA01\KA01\N09_M07_F10_KA01_8.mat,outer_race,outer_race,0.102659,0.165871,0.602913,0.128557
data\paderborn\extracted\KA01\KA01\N09_M07_F10_KA01_8.mat,outer_race,outer_race,0.152337,0.130630,0.379152,0.337881
data\paderborn\extracted\KA01\KA01\N09_M07_F10_KA01_9.mat,outer_race,outer_race,0.213390,0.220475,0.321853,0.244283
data\paderborn\extracted\KA01\KA01\N09_M07_F10_KA01_9.mat,outer_race,healthy,0.425735,0.174346,0.308232,0.091686
data\paderborn\extracted\KA01\KA01\N09_M07_F10_KA01_9.mat,outer_race,outer_race,0.193809,0.244545,0.305944,0.255702
data\paderborn\extracted\KA01\KA01\N09_M07_F10_KA01_9.mat,outer_race,outer_race,0.095522,0.225813,0.533012,0.145653
data\paderborn\extracted\KA01\KA01\N09_M07_F10_KA01_9.mat,outer_race,inner_race,0.289314,0.339088,0.155200,0.216398
data\paderborn\extracted\KA01\KA01\N09_M07_F10_KA01_9.mat,outer_race,outer_race,0.248292,0.179726,0.325145,0.246837
data\paderborn\extracted\KA01\KA01\N09_M07_F10_KA01_9.mat,outer_race,outer_race,0.082748,0.257139,0.503469,0.156643
data\paderborn\extracted\KA01\KA01\N09_M07_F10_KA01_9.mat,outer_race,healthy,0.383428,0.204891,0.255775,0.155907
data\paderborn\extracted\KA01\KA01\N15_M01_F10_KA01_1.mat,outer_race,rolling_element,0.075673,0.317205,0.287228,0.319894
data\paderborn\extracted\KA01\KA01\N15_M01_F10_KA01_1.mat,outer_race,inner_race,0.200977,0.383988,0.170824,0.244211
data\paderborn\extracted\KA01\KA01\N15_M01_F10_KA01_1.mat,outer_race,outer_race,0.074213,0.259726,0.504515,0.161546
data\paderborn\extracted\KA01\KA01\N15_M01_F10_KA01_1.mat,outer_race,outer_race,0.028424,0.212371,0.665217,0.093988
data\paderborn\extracted\KA01\KA01\N15_M01_F10_KA01_1.mat,outer_race,outer_race,0.079626,0.293922,0.446107,0.180345
data\paderborn\extracted\KA01\KA01\N15_M01_F10_KA01_1.mat,outer_race,outer_race,0.023161,0.076220,0.636033,0.264586
data\paderborn\extracted\KA01\KA01\N15_M01_F10_KA01_1.mat,outer_race,outer_race,0.013937,0.153997,0.764666,0.067400
data\paderborn\extracted\KA01\KA01\N15_M01_F10_KA01_1.mat,outer_race,outer_race,0.078056,0.345429,0.412820,0.163695
data\paderborn\extracted\KA01\KA01\N15_M01_F10_KA01_10.mat,outer_race,rolling_element,0.182585,0.214120,0.231220,0.372075
data\paderborn\extracted\KA01\KA01\N15_M01_F10_KA01_10.mat,outer_race,outer_race,0.034906,0.165008,0.688168,0.111918
data\paderborn\extracted\KA01\KA01\N15_M01_F10_KA01_10.mat,outer_race,outer_race,0.116430,0.303536,0.322775,0.257260
data\paderborn\extracted\KA01\KA01\N15_M01_F10_KA01_10.mat,outer_race,outer_race,0.087894,0.244928,0.393575,0.273603
data\paderborn\extracted\KA01\KA01\N15_M01_F10_KA01_10.mat,outer_race,inner_race,0.045908,0.485828,0.401153,0.067110
data\paderborn\extracted\KA01\KA01\N15_M01_F10_KA01_10.mat,outer_race,outer_race,0.037729,0.274322,0.616377,0.071572
data\paderborn\extracted\KA01\KA01\N15_M01_F10_KA01_10.mat,outer_race,outer_race,0.051356,0.105695,0.466470,0.376479
data\paderborn\extracted\KA01\KA01\N15_M01_F10_KA01_10.mat,outer_race,rolling_element,0.163723,0.231925,0.284838,0.319514
data\paderborn\extracted\KA01\KA01\N15_M01_F10_KA01_11.mat,outer_race,outer_race,0.052903,0.313495,0.526619,0.106984
data\paderborn\extracted\KA01\KA01\N15_M01_F10_KA01_11.mat,outer_race,outer_race,0.194755,0.157880,0.327942,0.319423
data\paderborn\extracted\KA01\KA01\N15_M01_F10_KA01_11.mat,outer_race,outer_race,0.164594,0.150446,0.399628,0.285332
data\paderborn\extracted\KA01\KA01\N15_M01_F10_KA01_11.mat,outer_race,outer_race,0.030376,0.250836,0.615820,0.102968
data\paderborn\extracted\KA01\KA01\N15_M01_F10_KA01_11.mat,outer_race,outer_race,0.035598,0.131398,0.706824,0.126179
data\paderborn\extracted\KA01\KA01\N15_M01_F10_KA01_11.mat,outer_race,inner_race,0.117228,0.407522,0.331443,0.143806
data\paderborn\extracted\KA01\KA01\N15_M01_F10_KA01_11.mat,outer_race,outer_race,0.166312,0.268590,0.332050,0.233048
data\paderborn\extracted\KA01\KA01\N15_M01_F10_KA01_11.mat,outer_race,outer_race,0.141887,0.211848,0.338335,0.307930
data\paderborn\extracted\KA01\KA01\N15_M01_F10_KA01_12.mat,outer_race,outer_race,0.008325,0.078392,0.867102,0.046181
data\paderborn\extracted\KA01\KA01\N15_M01_F10_KA01_12.mat,outer_race,outer_race,0.077442,0.263949,0.441920,0.216690
data\paderborn\extracted\KA01\KA01\N15_M01_F10_KA01_12.mat,outer_race,outer_race,0.090874,0.108979,0.637447,0.162700
data\paderborn\extracted\KA01\KA01\N15_M01_F10_KA01_12.mat,outer_race,outer_race,0.021798,0.164667,0.723820,0.089714
data\paderborn\extracted\KA01\KA01\N15_M01_F10_KA01_12.mat,outer_race,inner_race,0.054104,0.456525,0.393652,0.095719
data\paderborn\extracted\KA01\KA01\N15_M01_F10_KA01_12.mat,outer_race,outer_race,0.047421,0.268210,0.555791,0.128578
data\paderborn\extracted\KA01\KA01\N15_M01_F10_KA01_12.mat,outer_race,outer_race,0.035286,0.114423,0.717372,0.132919
data\paderborn\extracted\KA01\KA01\N15_M01_F10_KA01_12.mat,outer_race,outer_race,0.036129,0.221234,0.609230,0.133406
data\paderborn\extracted\KA01\KA01\N15_M01_F10_KA01_13.mat,outer_race,outer_race,0.022020,0.093997,0.790967,0.093016
data\paderborn\extracted\KA01\KA01\N15_M01_F10_KA01_13.mat,outer_race,outer_race,0.119720,0.249449,0.377298,0.253534
data\paderborn\extracted\KA01\KA01\N15_M01_F10_KA01_13.mat,outer_race,outer_race,0.020224,0.138542,0.780886,0.060347
data\paderborn\extracted\KA01\KA01\N15_M01_F10_KA01_13.mat,outer_race,outer_race,0.045929,0.176531,0.654068,0.123472
data\paderborn\extracted\KA01\KA01\N15_M01_F10_KA01_13.mat,outer_race,inner_race,0.210496,0.359267,0.190309,0.239928
data\paderborn\extracted\KA01\KA01\N15_M01_F10_KA01_13.mat,outer_race,inner_race,0.148753,0.439602,0.277908,0.133737
data\paderborn\extracted\KA01\KA01\N15_M01_F10_KA01_13.mat,outer_race,outer_race,0.035514,0.152156,0.565984,0.246346
data\paderborn\extracted\KA01\KA01\N15_M01_F10_KA01_13.mat,outer_race,outer_race,0.177731,0.179434,0.371453,0.271382
data\paderborn\extracted\KA01\KA01\N15_M01_F10_KA01_14.mat,outer_race,inner_race,0.113783,0.479543,0.289070,0.117603
data\paderborn\extracted\KA01\KA01\N15_M01_F10_KA01_14.mat,outer_race,outer_race,0.043326,0.290995,0.550736,0.114943
data\paderborn\extracted\KA01\KA01\N15_M01_F10_KA01_14.mat,outer_race,outer_race,0.033761,0.204605,0.629509,0.132125
data\paderborn\extracted\KA01\KA01\N15_M01_F10_KA01_14.mat,outer_race,healthy,0.299370,0.280011,0.153421,0.267198
data\paderborn\extracted\KA01\KA01\N15_M01_F10_KA01_14.mat,outer_race,outer_race,0.061015,0.175420,0.454237,0.309328
data\paderborn\extracted\KA01\KA01\N15_M01_F10_KA01_14.mat,outer_race,outer_race,0.047845,0.238055,0.542341,0.171760
data\paderborn\extracted\KA01\KA01\N15_M01_F10_KA01_14.mat,outer_race,outer_race,0.052813,0.256554,0.590224,0.100409
data\paderborn\extracted\KA01\KA01\N15_M01_F10_KA01_14.mat,outer_race,outer_race,0.016665,0.069771,0.759209,0.154355
data\paderborn\extracted\KA01\KA01\N15_M01_F10_KA01_15.mat,outer_race,outer_race,0.034473,0.195939,0.645842,0.123746
data\paderborn\extracted\KA01\KA01\N15_M01_F10_KA01_15.mat,outer_race,outer_race,0.042138,0.157419,0.555413,0.245030
data\paderborn\extracted\KA01\KA01\N15_M01_F10_KA01_15.mat,outer_race,outer_race,0.036802,0.239148,0.599941,0.124110
data\paderborn\extracted\KA01\KA01\N15_M01_F10_KA01_15.mat,outer_race,outer_race,0.069637,0.237228,0.566667,0.126468
data\paderborn\extracted\KA01\KA01\N15_M01_F10_KA01_15.mat,outer_race,outer_race,0.019797,0.055388,0.833902,0.090913
data\paderborn\extracted\KA01\KA01\N15_M01_F10_KA01_15.mat,outer_race,outer_race,0.021190,0.039972,0.854463,0.084376
data\paderborn\extracted\KA01\KA01\N15_M01_F10_KA01_15.mat,outer_race,rolling_element,0.112359,0.260228,0.307545,0.319867
data\paderborn\extracted\KA01\KA01\N15_M01_F10_KA01_15.mat,outer_race,inner_race,0.197939,0.484959,0.158726,0.158376
data\paderborn\extracted\KA01\KA01\N15_M01_F10_KA01_16.mat,outer_race,inner_race,0.131073,0.565132,0.146406,0.157388
data\paderborn\extracted\KA01\KA01\N15_M01_F10_KA01_16.mat,outer_race,outer_race,0.033352,0.290004,0.575776,0.100868
data\paderborn\extracted\KA01\KA01\N15_M01_F10_KA01_16.mat,outer_race,outer_race,0.031989,0.350347,0.548919,0.068744
data\paderborn\extracted\KA01\KA01\N15_M01_F10_KA01_16.mat,outer_race,outer_race,0.035106,0.180307,0.698976,0.085612
data\paderborn\extracted\KA01\KA01\N15_M01_F10_KA01_16.mat,outer_race,outer_race,0.035358,0.259920,0.531517,0.173205
data\paderborn\extracted\KA01\KA01\N15_M01_F10_KA01_16.mat,outer_race,outer_race,0.018171,0.210737,0.701165,0.069927
data\paderborn\extracted\KA01\KA01\N15_M01_F10_KA01_16.mat,outer_race,inner_race,0.167413,0.610011,0.068351,0.154226
data\paderborn\extracted\KA01\KA01\N15_M01_F10_KA01_16.mat,outer_race,inner_race,0.110600,0.502408,0.274906,0.112085
data\paderborn\extracted\KA01\KA01\N15_M01_F10_KA01_17.mat,outer_race,inner_race,0.252708,0.324659,0.121495,0.301137
data\paderborn\extracted\KA01\KA01\N15_M01_F10_KA01_17.mat,outer_race,outer_race,0.069490,0.103881,0.574673,0.251957
data\paderborn\extracted\KA01\KA01\N15_M01_F10_KA01_17.mat,outer_race,outer_race,0.055877,0.139901,0.524147,0.280075
data\paderborn\extracted\KA01\KA01\N15_M01_F10_KA01_17.mat,outer_race,outer_race,0.040663,0.172070,0.661878,0.125390
data\paderborn\extracted\KA01\KA01\N15_M01_F10_KA01_17.mat,outer_race,outer_race,0.042281,0.152518,0.693270,0.111930
data\paderborn\extracted\KA01\KA01\N15_M01_F10_KA01_17.mat,outer_race,inner_race,0.132594,0.339624,0.237725,0.290058
data\paderborn\extracted\KA01\KA01\N15_M01_F10_KA01_17.mat,outer_race,inner_race,0.166931,0.457730,0.195739,0.179600
data\paderborn\extracted\KA01\KA01\N15_M01_F10_KA01_17.mat,outer_race,outer_race,0.053853,0.164765,0.555005,0.226378
data\paderborn\extracted\KA01\KA01\N15_M01_F10_KA01_18.mat,outer_race,outer_race,0.047050,0.314705,0.522508,0.115737
data\paderborn\extracted\KA01\KA01\N15_M01_F10_KA01_18.mat,outer_race,outer_race,0.037690,0.186522,0.640976,0.134813
data\paderborn\extracted\KA01\KA01\N15_M01_F10_KA01_18.mat,outer_race,outer_race,0.036924,0.268705,0.569353,0.125018
data\paderborn\extracted\KA01\KA01\N15_M01_F10_KA01_18.mat,outer_race,outer_race,0.092924,0.377174,0.382898,0.147004
data\paderborn\extracted\KA01\KA01\N15_M01_F10_KA01_18.mat,outer_race,outer_race,0.028309,0.197145,0.647418,0.127128
data\paderborn\extracted\KA01\KA01\N15_M01_F10_KA01_18.mat,outer_race,outer_race,0.032710,0.222473,0.620272,0.124545
data\paderborn\extracted\KA01\KA01\N15_M01_F10_KA01_18.mat,outer_race,outer_race,0.040899,0.208808,0.600834,0.149460
data\paderborn\extracted\KA01\KA01\N15_M01_F10_KA01_18.mat,outer_race,inner_race,0.131130,0.550266,0.200727,0.117877
data\paderborn\extracted\KA01\KA01\N15_M01_F10_KA01_19.mat,outer_race,outer_race,0.076644,0.198105,0.485080,0.240171
data\paderborn\extracted\KA01\KA01\N15_M01_F10_KA01_19.mat,outer_race,outer_race,0.057931,0.250416,0.567427,0.124226
data\paderborn\extracted\KA01\KA01\N15_M01_F10_KA01_19.mat,outer_race,outer_race,0.104156,0.180046,0.442575,0.273223
data\paderborn\extracted\KA01\KA01\N15_M01_F10_KA01_19.mat,outer_race,inner_race,0.142584,0.348780,0.286128,0.222509
data\paderborn\extracted\KA01\KA01\N15_M01_F10_KA01_19.mat,outer_race,outer_race,0.024662,0.124784,0.670287,0.180267
data\paderborn\extracted\KA01\KA01\N15_M01_F10_KA01_19.mat,outer_race,outer_race,0.016477,0.039927,0.753593,0.190002
data\paderborn\extracted\KA01\KA01\N15_M01_F10_KA01_19.mat,outer_race,outer_race,0.074230,0.226558,0.489812,0.209400
data\paderborn\extracted\KA01\KA01\N15_M01_F10_KA01_19.mat,outer_race,outer_race,0.040304,0.265824,0.560554,0.133319
data\paderborn\extracted\KA01\KA01\N15_M01_F10_KA01_2.mat,outer_race,outer_race,0.082745,0.263980,0.363683,0.289592
data\paderborn\extracted\KA01\KA01\N15_M01_F10_KA01_2.mat,outer_race,outer_race,0.086679,0.301304,0.422170,0.189847
data\paderborn\extracted\KA01\KA01\N15_M01_F10_KA01_2.mat,outer_race,inner_race,0.184544,0.494373,0.119523,0.201560
data\paderborn\extracted\KA01\KA01\N15_M01_F10_KA01_2.mat,outer_race,outer_race,0.059948,0.087130,0.561873,0.291049
data\paderborn\extracted\KA01\KA01\N15_M01_F10_KA01_2.mat,outer_race,outer_race,0.056826,0.132765,0.600014,0.210395
data\paderborn\extracted\KA01\KA01\N15_M01_F10_KA01_2.mat,outer_race,inner_race,0.279493,0.441916,0.050514,0.228078
data\paderborn\extracted\KA01\KA01\N15_M01_F10_KA01_2.mat,outer_race,outer_race,0.087666,0.198917,0.464416,0.249001
data\paderborn\extracted\KA01\KA01\N15_M01_F10_KA01_2.mat,outer_race,outer_race,0.138232,0.322900,0.370224,0.168645
data\paderborn\extracted\KA01\KA01\N15_M01_F10_KA01_20.mat,outer_race,outer_race,0.054343,0.310184,0.518935,0.116538
data\paderborn\extracted\KA01\KA01\N15_M01_F10_KA01_20.mat,outer_race,outer_race,0.071289,0.345792,0.456188,0.126730
data\paderborn\extracted\KA01\KA01\N15_M01_F10_KA01_20.mat,outer_race,outer_race,0.068208,0.209424,0.509587,0.212781
data\paderborn\extracted\KA01\KA01\N15_M01_F10_KA01_20.mat,outer_race,inner_race,0.054210,0.415645,0.377945,0.152199
data\paderborn\extracted\KA01\KA01\N15_M01_F10_KA01_20.mat,outer_race,inner_race,0.080395,0.507193,0.323189,0.089223
data\paderborn\extracted\KA01\KA01\N15_M01_F10_KA01_20.mat,outer_race,outer_race,0.061766,0.289800,0.437149,0.211284
data\paderborn\extracted\KA01\KA01\N15_M01_F10_KA01_20.mat,outer_race,outer_race,0.064972,0.327133,0.416557,0.191338
data\paderborn\extracted\KA01\KA01\N15_M01_F10_KA01_20.mat,outer_race,outer_race,0.038660,0.347326,0.517844,0.096170
data\paderborn\extracted\KA01\KA01\N15_M01_F10_KA01_3.mat,outer_race,outer_race,0.074238,0.155179,0.561620,0.208962
data\paderborn\extracted\KA01\KA01\N15_M01_F10_KA01_3.mat,outer_race,outer_race,0.021563,0.092853,0.780544,0.105039
data\paderborn\extracted\KA01\KA01\N15_M01_F10_KA01_3.mat,outer_race,outer_race,0.028461,0.132233,0.721844,0.117463
data\paderborn\extracted\KA01\KA01\N15_M01_F10_KA01_3.mat,outer_race,outer_race,0.019157,0.077979,0.813696,0.089168
data\paderborn\extracted\KA01\KA01\N15_M01_F10_KA01_3.mat,outer_race,outer_race,0.040116,0.105158,0.684277,0.170449
data\paderborn\extracted\KA01\KA01\N15_M01_F10_KA01_3.mat,outer_race,outer_race,0.047492,0.369715,0.514232,0.068560
data\paderborn\extracted\KA01\KA01\N15_M01_F10_KA01_3.mat,outer_race,outer_race,0.038602,0.329362,0.529188,0.102848
data\paderborn\extracted\KA01\KA01\N15_M01_F10_KA01_3.mat,outer_race,outer_race,0.026655,0.093683,0.617806,0.261856
data\paderborn\extracted\KA01\KA01\N15_M01_F10_KA01_4.mat,outer_race,outer_race,0.012283,0.184989,0.734672,0.068055
data\paderborn\extracted\KA01\KA01\N15_M01_F10_KA01_4.mat,outer_race,outer_race,0.032361,0.232118,0.628089,0.107432
data\paderborn\extracted\KA01\KA01\N15_M01_F10_KA01_4.mat,outer_race,inner_race,0.187672,0.321586,0.183721,0.307021
data\paderborn\extracted\KA01\KA01\N15_M01_F10_KA01_4.mat,outer_race,rolling_element,0.149264,0.185869,0.325401,0.339466
data\paderborn\extracted\KA01\KA01\N15_M01_F10_KA01_4.mat,outer_race,inner_race,0.083049,0.408095,0.341496,0.167360
data\paderborn\extracted\KA01\KA01\N15_M01_F10_KA01_4.mat,outer_race,outer_race,0.030778,0.084286,0.740411,0.144525
data\paderborn\extracted\KA01\KA01\N15_M01_F10_KA01_4.mat,outer_race,inner_race,0.190086,0.472023,0.167105,0.170787
data\paderborn\extracted\KA01\KA01\N15_M01_F10_KA01_4.mat,outer_race,outer_race,0.055287,0.316086,0.470765,0.157861
data\paderborn\extracted\KA01\KA01\N15_M01_F10_KA01_5.mat,outer_race,outer_race,0.027744,0.299934,0.609904,0.062418
data\paderborn\extracted\KA01\KA01\N15_M01_F10_KA01_5.mat,outer_race,inner_race,0.194715,0.336744,0.177254,0.291287
data\paderborn\extracted\KA01\KA01\N15_M01_F10_KA01_5.mat,outer_race,outer_race,0.030150,0.176903,0.687060,0.105887
data\paderborn\extracted\KA01\KA01\N15_M01_F10_KA01_5.mat,outer_race,outer_race,0.014829,0.193060,0.741641,0.050469
data\paderborn\extracted\KA01\KA01\N15_M01_F10_KA01_5.mat,outer_race,outer_race,0.041875,0.293865,0.508227,0.156033
data\paderborn\extracted\KA01\KA01\N15_M01_F10_KA01_5.mat,outer_race,outer_race,0.048948,0.133549,0.653920,0.163583
data\paderborn\extracted\KA01\KA01\N15_M01_F10_KA01_5.mat,outer_race,outer_race,0.101733,0.236770,0.444784,0.216712
data\paderborn\extracted\KA01\KA01\N15_M01_F10_KA01_5.mat,outer_race,rolling_element,0.159553,0.281303,0.256176,0.302967
data\paderborn\extracted\KA01\KA01\N15_M01_F10_KA01_6.mat,outer_race,outer_race,0.030000,0.161425,0.587380,0.221196
data\paderborn\extracted\KA01\KA01\N15_M01_F10_KA01_6.mat,outer_race,inner_race,0.121818,0.504293,0.201967,0.171922
data\paderborn\extracted\KA01\KA01\N15_M01_F10_KA01_6.mat,outer_race,outer_race,0.032725,0.316914,0.571487,0.078873
data\paderborn\extracted\KA01\KA01\N15_M01_F10_KA01_6.mat,outer_race,outer_race,0.033255,0.214411,0.591979,0.160356
data\paderborn\extracted\KA01\KA01\N15_M01_F10_KA01_6.mat,outer_race,inner_race,0.136023,0.572569,0.164279,0.127128
data\paderborn\extracted\KA01\KA01\N15_M01_F10_KA01_6.mat,outer_race,outer_race,0.022104,0.133644,0.748343,0.095910
data\paderborn\extracted\KA01\KA01\N15_M01_F10_KA01_6.mat,outer_race,outer_race,0.058804,0.272081,0.434404,0.234711
data\paderborn\extracted\KA01\KA01\N15_M01_F10_KA01_6.mat,outer_race,outer_race,0.014836,0.184479,0.740792,0.059894
data\paderborn\extracted\KA01\KA01\N15_M01_F10_KA01_7.mat,outer_race,outer_race,0.010406,0.207614,0.728519,0.053461
data\paderborn\extracted\KA01\KA01\N15_M01_F10_KA01_7.mat,outer_race,inner_race,0.074870,0.481720,0.296025,0.147385
data\paderborn\extracted\KA01\KA01\N15_M01_F10_KA01_7.mat,outer_race,outer_race,0.032844,0.289669,0.553413,0.124074
data\paderborn\extracted\KA01\KA01\N15_M01_F10_KA01_7.mat,outer_race,inner_race,0.082910,0.363767,0.341916,0.211407
data\paderborn\extracted\KA01\KA01\N15_M01_F10_KA01_7.mat,outer_race,inner_race,0.192574,0.494705,0.071521,0.241200
data\paderborn\extracted\KA01\KA01\N15_M01_F10_KA01_7.mat,outer_race,outer_race,0.016165,0.142769,0.778675,0.062391
data\paderborn\extracted\KA01\KA01\N15_M01_F10_KA01_7.mat,outer_race,inner_race,0.119953,0.415929,0.237467,0.226650
data\paderborn\extracted\KA01\KA01\N15_M01_F10_KA01_7.mat,outer_race,inner_race,0.137458,0.433336,0.236497,0.192709
data\paderborn\extracted\KA01\KA01\N15_M01_F10_KA01_8.mat,outer_race,inner_race,0.137783,0.494188,0.153920,0.214109
data\paderborn\extracted\KA01\KA01\N15_M01_F10_KA01_8.mat,outer_race,outer_race,0.013228,0.129662,0.798819,0.058290
data\paderborn\extracted\KA01\KA01\N15_M01_F10_KA01_8.mat,outer_race,outer_race,0.044280,0.251271,0.487841,0.216608
data\paderborn\extracted\KA01\KA01\N15_M01_F10_KA01_8.mat,outer_race,inner_race,0.056151,0.496811,0.365598,0.081440
data\paderborn\extracted\KA01\KA01\N15_M01_F10_KA01_8.mat,outer_race,inner_race,0.157860,0.461464,0.191531,0.189146
data\paderborn\extracted\KA01\KA01\N15_M01_F10_KA01_8.mat,outer_race,outer_race,0.058749,0.271332,0.391930,0.277989
data\paderborn\extracted\KA01\KA01\N15_M01_F10_KA01_8.mat,outer_race,inner_race,0.048321,0.498205,0.367782,0.085692
data\paderborn\extracted\KA01\KA01\N15_M01_F10_KA01_8.mat,outer_race,inner_race,0.092762,0.476939,0.298343,0.131956
data\paderborn\extracted\KA01\KA01\N15_M01_F10_KA01_9.mat,outer_race,outer_race,0.026311,0.122096,0.729005,0.122588
data\paderborn\extracted\KA01\KA01\N15_M01_F10_KA01_9.mat,outer_race,rolling_element,0.136169,0.294006,0.238391,0.331434
data\paderborn\extracted\KA01\KA01\N15_M01_F10_KA01_9.mat,outer_race,outer_race,0.148545,0.299873,0.311105,0.240476
data\paderborn\extracted\KA01\KA01\N15_M01_F10_KA01_9.mat,outer_race,outer_race,0.055464,0.211137,0.508626,0.224773
data\paderborn\extracted\KA01\KA01\N15_M01_F10_KA01_9.mat,outer_race,outer_race,0.057341,0.327137,0.461988,0.153534
data\paderborn\extracted\KA01\KA01\N15_M01_F10_KA01_9.mat,outer_race,inner_race,0.085408,0.417490,0.347353,0.149749
data\paderborn\extracted\KA01\KA01\N15_M01_F10_KA01_9.mat,outer_race,rolling_element,0.097544,0.155414,0.313980,0.433062
data\paderborn\extracted\KA01\KA01\N15_M01_F10_KA01_9.mat,outer_race,outer_race,0.018292,0.179867,0.725706,0.076134
data\paderborn\extracted\KA01\KA01\N15_M07_F04_KA01_1.mat,outer_race,outer_race,0.033863,0.094697,0.706240,0.165200
data\paderborn\extracted\KA01\KA01\N15_M07_F04_KA01_1.mat,outer_race,outer_race,0.036995,0.242641,0.577252,0.143112
data\paderborn\extracted\KA01\KA01\N15_M07_F04_KA01_1.mat,outer_race,outer_race,0.113431,0.168122,0.418209,0.300238
data\paderborn\extracted\KA01\KA01\N15_M07_F04_KA01_1.mat,outer_race,rolling_element,0.169364,0.190814,0.315406,0.324415
data\paderborn\extracted\KA01\KA01\N15_M07_F04_KA01_1.mat,outer_race,outer_race,0.047419,0.150119,0.562318,0.240144
data\paderborn\extracted\KA01\KA01\N15_M07_F04_KA01_1.mat,outer_race,outer_race,0.068628,0.125085,0.570351,0.235936
data\paderborn\extracted\KA01\KA01\N15_M07_F04_KA01_1.mat,outer_race,outer_race,0.143062,0.270528,0.340373,0.246038
data\paderborn\extracted\KA01\KA01\N15_M07_F04_KA01_1.mat,outer_race,outer_race,0.117784,0.307611,0.393351,0.181254
data\paderborn\extracted\KA01\KA01\N15_M07_F04_KA01_10.mat,outer_race,outer_race,0.094519,0.291445,0.395756,0.218281
data\paderborn\extracted\KA01\KA01\N15_M07_F04_KA01_10.mat,outer_race,outer_race,0.075234,0.294075,0.460907,0.169784
data\paderborn\extracted\KA01\KA01\N15_M07_F04_KA01_10.mat,outer_race,inner_race,0.103337,0.412624,0.297084,0.186954
data\paderborn\extracted\KA01\KA01\N15_M07_F04_KA01_10.mat,outer_race,outer_race,0.094935,0.213164,0.456213,0.235688
data\paderborn\extracted\KA01\KA01\N15_M07_F04_KA01_10.mat,outer_race,outer_race,0.046069,0.217498,0.612149,0.124283
data\paderborn\extracted\KA01\KA01\N15_M07_F04_KA01_10.mat,outer_race,inner_race,0.089778,0.368524,0.357824,0.183874
data\paderborn\extracted\KA01\KA01\N15_M07_F04_KA01_10.mat,outer_race,outer_race,0.104331,0.182106,0.427531,0.286033
data\paderborn\extracted\KA01\KA01\N15_M07_F04_KA01_10.mat,outer_race,inner_race,0.156698,0.288304,0.283151,0.271847
data\paderborn\extracted\KA01\KA01\N15_M07_F04_KA01_11.mat,outer_race,outer_race,0.057214,0.234560,0.552491,0.155735
data\paderborn\extracted\KA01\KA01\N15_M07_F04_KA01_11.mat,outer_race,outer_race,0.062695,0.152751,0.590903,0.193650
data\paderborn\extracted\KA01\KA01\N15_M07_F04_KA01_11.mat,outer_race,outer_race,0.039806,0.412169,0.424235,0.123790
data\paderborn\extracted\KA01\KA01\N15_M07_F04_KA01_11.mat,outer_race,outer_race,0.089341,0.263351,0.418348,0.228960
data\paderborn\extracted\KA01\KA01\N15_M07_F04_KA01_11.mat,outer_race,outer_race,0.078992,0.376829,0.402299,0.141880
data\paderborn\extracted\KA01\KA01\N15_M07_F04_KA01_11.mat,outer_race,outer_race,0.047524,0.311074,0.510408,0.130994
data\paderborn\extracted\KA01\KA01\N15_M07_F04_KA01_11.mat,outer_race,outer_race,0.078324,0.186931,0.533472,0.201273
data\paderborn\extracted\KA01\KA01\N15_M07_F04_KA01_11.mat,outer_race,outer_race,0.028749,0.354049,0.494936,0.122266
data\paderborn\extracted\KA01\KA01\N15_M07_F04_KA01_12.mat,outer_race,outer_race,0.024445,0.279561,0.505540,0.190453
data\paderborn\extracted\KA01\KA01\N15_M07_F04_KA01_12.mat,outer_race,outer_race,0.099815,0.284839,0.421718,0.193628
data\paderborn\extracted\KA01\KA01\N15_M07_F04_KA01_12.mat,outer_race,outer_race,0.065690,0.313311,0.463163,0.157836
data\paderborn\extracted\KA01\KA01\N15_M07_F04_KA01_12.mat,outer_race,outer_race,0.038767,0.334465,0.521799,0.104969
data\paderborn\extracted\KA01\KA01\N15_M07_F04_KA01_12.mat,outer_race,outer_race,0.046931,0.143320,0.581819,0.227930
data\paderborn\extracted\KA01\KA01\N15_M07_F04_KA01_12.mat,outer_race,outer_race,0.026119,0.289477,0.571928,0.112475
data\paderborn\extracted\KA01\KA01\N15_M07_F04_KA01_12.mat,outer_race,inner_race,0.111746,0.400809,0.321388,0.166057
data\paderborn\extracted\KA01\KA01\N15_M07_F04_KA01_12.mat,outer_race,outer_race,0.060514,0.264655,0.532009,0.142823
data\paderborn\extracted\KA01\KA01\N15_M07_F04_KA01_13.mat,outer_race,outer_race,0.072814,0.268948,0.408379,0.249858
data\paderborn\extracted\KA01\KA01\N15_M07_F04_KA01_13.mat,outer_race,outer_race,0.085402,0.247414,0.398348,0.268836
data\paderborn\extracted\KA01\KA01\N15_M07_F04_KA01_13.mat,outer_race,outer_race,0.077497,0.327709,0.418928,0.175867
data\paderborn\extracted\KA01\KA01\N15_M07_F04_KA01_13.mat,outer_race,outer_race,0.104218,0.304418,0.418686,0.172678
data\paderborn\extracted\KA01\KA01\N15_M07_F04_KA01_13.mat,outer_race,inner_race,0.227422,0.346450,0.207498,0.218630
data\paderborn\extracted\KA01\KA01\N15_M07_F04_KA01_13.mat,outer_race,outer_race,0.052258,0.349456,0.463879,0.134407
data\paderborn\extracted\KA01\KA01\N15_M07_F04_KA01_13.mat,outer_race,outer_race,0.061885,0.103820,0.539567,0.294728
data\paderborn\extracted\KA01\KA01\N15_M07_F04_KA01_13.mat,outer_race,outer_race,0.046228,0.314207,0.493581,0.145983
data\paderborn\extracted\KA01\KA01\N15_M07_F04_KA01_14.mat,outer_race,rolling_element,0.208836,0.282758,0.224497,0.283909
data\paderborn\extracted\KA01\KA01\N15_M07_F04_KA01_14.mat,outer_race,outer_race,0.128845,0.130248,0.445531,0.295376
data\paderborn\extracted\KA01\KA01\N15_M07_F04_KA01_14.mat,outer_race,outer_race,0.047908,0.096081,0.653516,0.202494
data\paderborn\extracted\KA01\KA01\N15_M07_F04_KA01_14.mat,outer_race,inner_race,0.138738,0.362109,0.280039,0.219114
data\paderborn\extracted\KA01\KA01\N15_M07_F04_KA01_14.mat,outer_race,outer_race,0.098318,0.248693,0.472766,0.180222
data\paderborn\extracted\KA01\KA01\N15_M07_F04_KA01_14.mat,outer_race,outer_race,0.134290,0.156736,0.405563,0.303411
data\paderborn\extracted\KA01\KA01\N15_M07_F04_KA01_14.mat,outer_race,rolling_element,0.283275,0.111435,0.181801,0.423489
data\paderborn\extracted\KA01\KA01\N15_M07_F04_KA01_14.mat,outer_race,outer_race,0.088800,0.176939,0.487199,0.247063
data\paderborn\extracted\KA01\KA01\N15_M07_F04_KA01_15.mat,outer_race,outer_race,0.056196,0.164329,0.471031,0.308444
data\paderborn\extracted\KA01\KA01\N15_M07_F04_KA01_15.mat,outer_race,outer_race,0.111712,0.164774,0.488146,0.235367
data\paderborn\extracted\KA01\KA01\N15_M07_F04_KA01_15.mat,outer_race,inner_race,0.313011,0.361190,0.140261,0.185538
data\paderborn\extracted\KA01\KA01\N15_M07_F04_KA01_15.mat,outer_race,rolling_element,0.299783,0.118161,0.223938,0.358117
data\paderborn\extracted\KA01\KA01\N15_M07_F04_KA01_15.mat,outer_race,outer_race,0.063300,0.095811,0.528624,0.312264
data\paderborn\extracted\KA01\KA01\N15_M07_F04_KA01_15.mat,outer_race,outer_race,0.084465,0.153480,0.409579,0.352476
data\paderborn\extracted\KA01\KA01\N15_M07_F04_KA01_15.mat,outer_race,outer_race,0.186581,0.182566,0.383942,0.246911
data\paderborn\extracted\KA01\KA01\N15_M07_F04_KA01_15.mat,outer_race,outer_race,0.127987,0.157825,0.470979,0.243210
data\paderborn\extracted\KA01\KA01\N15_M07_F04_KA01_16.mat,outer_race,outer_race,0.142076,0.258830,0.344886,0.254208
data\paderborn\extracted\KA01\KA01\N15_M07_F04_KA01_16.mat,outer_race,outer_race,0.106934,0.129239,0.492924,0.270904
data\paderborn\extracted\KA01\KA01\N15_M07_F04_KA01_16.mat,outer_race,outer_race,0.055241,0.245662,0.535030,0.164066
data\paderborn\extracted\KA01\KA01\N15_M07_F04_KA01_16.mat,outer_race,outer_race,0.050649,0.187193,0.572589,0.189569
data\paderborn\extracted\KA01\KA01\N15_M07_F04_KA01_16.mat,outer_race,outer_race,0.042973,0.150544,0.571810,0.234674
data\paderborn\extracted\KA01\KA01\N15_M07_F04_KA01_16.mat,outer_race,outer_race,0.110907,0.307317,0.387152,0.194624
data\paderborn\extracted\KA01\KA01\N15_M07_F04_KA01_16.mat,outer_race,outer_race,0.133145,0.237957,0.401456,0.227442
data\paderborn\extracted\KA01\KA01\N15_M07_F04_KA01_16.mat,outer_race,outer_race,0.040776,0.180631,0.570283,0.208311
data\paderborn\extracted\KA01\KA01\N15_M07_F04_KA01_17.mat,outer_race,outer_race,0.069615,0.126931,0.497109,0.306345
data\paderborn\extracted\KA01\KA01\N15_M07_F04_KA01_17.mat,outer_race,outer_race,0.090353,0.197218,0.458177,0.254252
data\paderborn\extracted\KA01\KA01\N15_M07_F04_KA01_17.mat,outer_race,outer_race,0.103780,0.328721,0.391804,0.175695
data\paderborn\extracted\KA01\KA01\N15_M07_F04_KA01_17.mat,outer_race,outer_race,0.132601,0.188113,0.416817,0.262469
data\paderborn\extracted\KA01\KA01\N15_M07_F04_KA01_17.mat,outer_race,rolling_element,0.231383,0.065161,0.159828,0.543629
data\paderborn\extracted\KA01\KA01\N15_M07_F04_KA01_17.mat,outer_race,outer_race,0.053233,0.229700,0.554468,0.162600
data\paderborn\extracted\KA01\KA01\N15_M07_F04_KA01_17.mat,outer_race,outer_race,0.054905,0.259985,0.465063,0.220047
data\paderborn\extracted\KA01\KA01\N15_M07_F04_KA01_17.mat,outer_race,inner_race,0.159461,0.355386,0.298251,0.186902
data\paderborn\extracted\KA01\KA01\N15_M07_F04_KA01_18.mat,outer_race,outer_race,0.033393,0.253755,0.594649,0.118203
data\paderborn\extracted\KA01\KA01\N15_M07_F04_KA01_18.mat,outer_race,inner_race,0.145364,0.385728,0.279967,0.188941
data\paderborn\extracted\KA01\KA01\N15_M07_F04_KA01_18.mat,outer_race,outer_race,0.115765,0.325150,0.350380,0.208705
data\paderborn\extracted\KA01\KA01\N15_M07_F04_KA01_18.mat,outer_race,outer_race,0.049244,0.289659,0.496687,0.164410
data\paderborn\extracted\KA01\KA01\N15_M07_F04_KA01_18.mat,outer_race,outer_race,0.048302,0.091298,0.582843,0.277556
data\paderborn\extracted\KA01\KA01\N15_M07_F04_KA01_18.mat,outer_race,outer_race,0.020500,0.255527,0.597885,0.126089
data\paderborn\extracted\KA01\KA01\N15_M07_F04_KA01_18.mat,outer_race,outer_race,0.080537,0.280771,0.457056,0.181635
data\paderborn\extracted\KA01\KA01\N15_M07_F04_KA01_18.mat,outer_race,outer_race,0.112601,0.321027,0.367384,0.198988
data\paderborn\extracted\KA01\KA01\N15_M07_F04_KA01_19.mat,outer_race,outer_race,0.035914,0.301612,0.537031,0.125442
data\paderborn\extracted\KA01\KA01\N15_M07_F04_KA01_19.mat,outer_race,outer_race,0.101275,0.311560,0.367909,0.219256
data\paderborn\extracted\KA01\KA01\N15_M07_F04_KA01_19.mat,outer_race,outer_race,0.124446,0.195639,0.387241,0.292673
data\paderborn\extracted\KA01\KA01\N15_M07_F04_KA01_19.mat,outer_race,outer_race,0.045228,0.359908,0.419035,0.175829
data\paderborn\extracted\KA01\KA01\N15_M07_F04_KA01_19.mat,outer_race,outer_race,0.051167,0.123716,0.618497,0.206620
data\paderborn\extracted\KA01\KA01\N15_M07_F04_KA01_19.mat,outer_race,inner_race,0.057709,0.438636,0.368922,0.134733
data\paderborn\extracted\KA01\KA01\N15_M07_F04_KA01_19.mat,outer_race,outer_race,0.086092,0.340823,0.447081,0.126005
data\paderborn\extracted\KA01\KA01\N15_M07_F04_KA01_19.mat,outer_race,outer_race,0.120859,0.156195,0.419338,0.303608
data\paderborn\extracted\KA01\KA01\N15_M07_F04_KA01_2.mat,outer_race,outer_race,0.027847,0.354786,0.478595,0.138772
data\paderborn\extracted\KA01\KA01\N15_M07_F04_KA01_2.mat,outer_race,outer_race,0.073601,0.181910,0.505785,0.238704
data\paderborn\extracted\KA01\KA01\N15_M07_F04_KA01_2.mat,outer_race,outer_race,0.069851,0.314042,0.461377,0.154730
data\paderborn\extracted\KA01\KA01\N15_M07_F04_KA01_2.mat,outer_race,inner_race,0.060548,0.464370,0.355460,0.119621
data\paderborn\extracted\KA01\KA01\N15_M07_F04_KA01_2.mat,outer_race,outer_race,0.079063,0.271314,0.470999,0.178624
data\paderborn\extracted\KA01\KA01\N15_M07_F04_KA01_2.mat,outer_race,outer_race,0.017695,0.248643,0.609895,0.123767
data\paderborn\extracted\KA01\KA01\N15_M07_F04_KA01_2.mat,outer_race,inner_race,0.131109,0.310502,0.304657,0.253731
data\paderborn\extracted\KA01\KA01\N15_M07_F04_KA01_2.mat,outer_race,inner_race,0.078399,0.403866,0.378926,0.138809
data\paderborn\extracted\KA01\KA01\N15_M07_F04_KA01_20.mat,outer_race,outer_race,0.043243,0.331748,0.403919,0.221091
data\paderborn\extracted\KA01\KA01\N15_M07_F04_KA01_20.mat,outer_race,inner_race,0.153847,0.411916,0.251766,0.182471
data\paderborn\extracted\KA01\KA01\N15_M07_F04_KA01_20.mat,outer_race,inner_race,0.084016,0.424959,0.338753,0.152271
data\paderborn\extracted\KA01\KA01\N15_M07_F04_KA01_20.mat,outer_race,outer_race,0.052047,0.239250,0.520156,0.188547
data\paderborn\extracted\KA01\KA01\N15_M07_F04_KA01_20.mat,outer_race,outer_race,0.058616,0.136079,0.544003,0.261302
data\paderborn\extracted\KA01\KA01\N15_M07_F04_KA01_20.mat,outer_race,outer_race,0.033995,0.341540,0.496686,0.127779
data\paderborn\extracted\KA01\KA01\N15_M07_F04_KA01_20.mat,outer_race,inner_race,0.135177,0.381231,0.290135,0.193457
data\paderborn\extracted\KA01\KA01\N15_M07_F04_KA01_20.mat,outer_race,outer_race,0.065181,0.335674,0.459221,0.139924
data\paderborn\extracted\KA01\KA01\N15_M07_F04_KA01_3.mat,outer_race,inner_race,0.207999,0.334511,0.206070,0.251420
data\paderborn\extracted\KA01\KA01\N15_M07_F04_KA01_3.mat,outer_race,outer_race,0.052679,0.077806,0.582907,0.286609
data\paderborn\extracted\KA01\KA01\N15_M07_F04_KA01_3.mat,outer_race,outer_race,0.066129,0.325239,0.436408,0.172224
data\paderborn\extracted\KA01\KA01\N15_M07_F04_KA01_3.mat,outer_race,inner_race,0.168525,0.400461,0.254883,0.176131
data\paderborn\extracted\KA01\KA01\N15_M07_F04_KA01_3.mat,outer_race,outer_race,0.115610,0.207569,0.456397,0.220424
data\paderborn\extracted\KA01\KA01\N15_M07_F04_KA01_3.mat,outer_race,outer_race,0.060776,0.243762,0.499117,0.196344
data\paderborn\extracted\KA01\KA01\N15_M07_F04_KA01_3.mat,outer_race,outer_race,0.057929,0.256116,0.517656,0.168299
data\paderborn\extracted\KA01\KA01\N15_M07_F04_KA01_3.mat,outer_race,outer_race,0.037900,0.290900,0.453740,0.217459
data\paderborn\extracted\KA01\KA01\N15_M07_F04_KA01_4.mat,outer_race,inner_race,0.065074,0.438344,0.371257,0.125326
data\paderborn\extracted\KA01\KA01\N15_M07_F04_KA01_4.mat,outer_race,inner_race,0.096294,0.400834,0.373259,0.129613
data\paderborn\extracted\KA01\KA01\N15_M07_F04_KA01_4.mat,outer_race,outer_race,0.093501,0.127198,0.491575,0.287727
data\paderborn\extracted\KA01\KA01\N15_M07_F04_KA01_4.mat,outer_race,outer_race,0.051608,0.268532,0.503270,0.176590
data\paderborn\extracted\KA01\KA01\N15_M07_F04_KA01_4.mat,outer_race,outer_race,0.110713,0.290212,0.356745,0.242330
data\paderborn\extracted\KA01\KA01\N15_M07_F04_KA01_4.mat,outer_race,outer_race,0.044627,0.234061,0.565423,0.155889
data\paderborn\extracted\KA01\KA01\N15_M07_F04_KA01_4.mat,outer_race,outer_race,0.097865,0.307077,0.463983,0.131074
data\paderborn\extracted\KA01\KA01\N15_M07_F04_KA01_4.mat,outer_race,inner_race,0.146235,0.344701,0.301237,0.207827
data\paderborn\extracted\KA01\KA01\N15_M07_F04_KA01_5.mat,outer_race,outer_race,0.178470,0.252941,0.315682,0.252907
data\paderborn\extracted\KA01\KA01\N15_M07_F04_KA01_5.mat,outer_race,outer_race,0.029552,0.331965,0.483436,0.155047
data\paderborn\extracted\KA01\KA01\N15_M07_F04_KA01_5.mat,outer_race,outer_race,0.049429,0.099791,0.632595,0.218185
data\paderborn\extracted\KA01\KA01\N15_M07_F04_KA01_5.mat,outer_race,outer_race,0.034848,0.275355,0.549248,0.140549
data\paderborn\extracted\KA01\KA01\N15_M07_F04_KA01_5.mat,outer_race,outer_race,0.076147,0.211386,0.537403,0.175064
data\paderborn\extracted\KA01\KA01\N15_M07_F04_KA01_5.mat,outer_race,outer_race,0.081692,0.131715,0.522911,0.263682
data\paderborn\extracted\KA01\KA01\N15_M07_F04_KA01_5.mat,outer_race,outer_race,0.034736,0.300593,0.490647,0.174024
data\paderborn\extracted\KA01\KA01\N15_M07_F04_KA01_5.mat,outer_race,inner_race,0.177958,0.349790,0.213601,0.258650
data\paderborn\extracted\KA01\KA01\N15_M07_F04_KA01_6.mat,outer_race,inner_race,0.154106,0.338488,0.311074,0.196331
data\paderborn\extracted\KA01\KA01\N15_M07_F04_KA01_6.mat,outer_race,inner_race,0.144584,0.460491,0.224704,0.170221
data\paderborn\extracted\KA01\KA01\N15_M07_F04_KA01_6.mat,outer_race,outer_race,0.120665,0.270782,0.379067,0.229485
data\paderborn\extracted\KA01\KA01\N15_M07_F04_KA01_6.mat,outer_race,outer_race,0.080039,0.209063,0.431705,0.279193
data\paderborn\extracted\KA01\KA01\N15_M07_F04_KA01_6.mat,outer_race,inner_race,0.179019,0.350960,0.235577,0.234443
data\paderborn\extracted\KA01\KA01\N15_M07_F04_KA01_6.mat,outer_race,inner_race,0.158789,0.389810,0.275105,0.176296
data\paderborn\extracted\KA01\KA01\N15_M07_F04_KA01_6.mat,outer_race,outer_race,0.049313,0.343182,0.404209,0.203296
data\paderborn\extracted\KA01\KA01\N15_M07_F04_KA01_6.mat,outer_race,outer_race,0.107698,0.244169,0.395031,0.253102
data\paderborn\extracted\KA01\KA01\N15_M07_F04_KA01_7.mat,outer_race,outer_race,0.062039,0.275347,0.503312,0.159303
data\paderborn\extracted\KA01\KA01\N15_M07_F04_KA01_7.mat,outer_race,outer_race,0.120789,0.172111,0.380377,0.326722
data\paderborn\extracted\KA01\KA01\N15_M07_F04_KA01_7.mat,outer_race,rolling_element,0.168458,0.270317,0.274159,0.287066
data\paderborn\extracted\KA01\KA01\N15_M07_F04_KA01_7.mat,outer_race,outer_race,0.079030,0.135336,0.510618,0.275015
data\paderborn\extracted\KA01\KA01\N15_M07_F04_KA01_7.mat,outer_race,outer_race,0.044132,0.094581,0.655246,0.206042
data\paderborn\extracted\KA01\KA01\N15_M07_F04_KA01_7.mat,outer_race,rolling_element,0.187009,0.200431,0.293111,0.319449
data\paderborn\extracted\KA01\KA01\N15_M07_F04_KA01_7.mat,outer_race,outer_race,0.114718,0.222203,0.453740,0.209340
data\paderborn\extracted\KA01\KA01\N15_M07_F04_KA01_7.mat,outer_race,outer_race,0.107128,0.147259,0.438630,0.306983
data\paderborn\extracted\KA01\KA01\N15_M07_F04_KA01_8.mat,outer_race,outer_race,0.051301,0.112567,0.535021,0.301111
data\paderborn\extracted\KA01\KA01\N15_M07_F04_KA01_8.mat,outer_race,outer_race,0.098793,0.222379,0.446113,0.232714
data\paderborn\extracted\KA01\KA01\N15_M07_F04_KA01_8.mat,outer_race,outer_race,0.149767,0.300148,0.318977,0.231109
data\paderborn\extracted\KA01\KA01\N15_M07_F04_KA01_8.mat,outer_race,outer_race,0.089080,0.181722,0.529275,0.199923
data\paderborn\extracted\KA01\KA01\N15_M07_F04_KA01_8.mat,outer_race,outer_race,0.180961,0.247543,0.329370,0.242126
data\paderborn\extracted\KA01\KA01\N15_M07_F04_KA01_8.mat,outer_race,outer_race,0.109802,0.175964,0.430911,0.283323
data\paderborn\extracted\KA01\KA01\N15_M07_F04_KA01_8.mat,outer_race,outer_race,0.056557,0.088050,0.575606,0.279786
data\paderborn\extracted\KA01\KA01\N15_M07_F04_KA01_8.mat,outer_race,inner_race,0.169630,0.301122,0.300200,0.229048
data\paderborn\extracted\KA01\KA01\N15_M07_F04_KA01_9.mat,outer_race,outer_race,0.108829,0.274688,0.370453,0.246030
data\paderborn\extracted\KA01\KA01\N15_M07_F04_KA01_9.mat,outer_race,outer_race,0.072676,0.144295,0.541201,0.241829
data\paderborn\extracted\KA01\KA01\N15_M07_F04_KA01_9.mat,outer_race,outer_race,0.103443,0.334545,0.376319,0.185693
data\paderborn\extracted\KA01\KA01\N15_M07_F04_KA01_9.mat,outer_race,inner_race,0.223947,0.390349,0.158414,0.227291
data\paderborn\extracted\KA01\KA01\N15_M07_F04_KA01_9.mat,outer_race,outer_race,0.108218,0.080179,0.470687,0.340915
data\paderborn\extracted\KA01\KA01\N15_M07_F04_KA01_9.mat,outer_race,outer_race,0.114931,0.269737,0.389498,0.225834
data\paderborn\extracted\KA01\KA01\N15_M07_F04_KA01_9.mat,outer_race,outer_race,0.095392,0.280249,0.415036,0.209323
data\paderborn\extracted\KA01\KA01\N15_M07_F04_KA01_9.mat,outer_race,outer_race,0.076567,0.184854,0.531300,0.207280
data\paderborn\extracted\KA01\KA01\N15_M07_F10_KA01_1.mat,outer_race,outer_race,0.113193,0.246094,0.424740,0.215973
data\paderborn\extracted\KA01\KA01\N15_M07_F10_KA01_1.mat,outer_race,outer_race,0.075355,0.160905,0.514186,0.249554
data\paderborn\extracted\KA01\KA01\N15_M07_F10_KA01_1.mat,outer_race,outer_race,0.077548,0.172917,0.495982,0.253553
data\paderborn\extracted\KA01\KA01\N15_M07_F10_KA01_1.mat,outer_race,outer_race,0.183311,0.198354,0.343431,0.274904
data\paderborn\extracted\KA01\KA01\N15_M07_F10_KA01_1.mat,outer_race,outer_race,0.140538,0.251470,0.366736,0.241256
data\paderborn\extracted\KA01\KA01\N15_M07_F10_KA01_1.mat,outer_race,outer_race,0.050221,0.168214,0.558012,0.223553
data\paderborn\extracted\KA01\KA01\N15_M07_F10_KA01_1.mat,outer_race,outer_race,0.071701,0.084112,0.524738,0.319449
data\paderborn\extracted\KA01\KA01\N15_M07_F10_KA01_1.mat,outer_race,outer_race,0.085420,0.175525,0.515694,0.223361
data\paderborn\extracted\KA01\KA01\N15_M07_F10_KA01_10.mat,outer_race,outer_race,0.044555,0.305901,0.461485,0.188059
data\paderborn\extracted\KA01\KA01\N15_M07_F10_KA01_10.mat,outer_race,outer_race,0.166828,0.204440,0.335896,0.292835
data\paderborn\extracted\KA01\KA01\N15_M07_F10_KA01_10.mat,outer_race,outer_race,0.101393,0.152254,0.476959,0.269394
data\paderborn\extracted\KA01\KA01\N15_M07_F10_KA01_10.mat,outer_race,outer_race,0.053108,0.321608,0.439055,0.186229
data\paderborn\extracted\KA01\KA01\N15_M07_F10_KA01_10.mat,outer_race,outer_race,0.045253,0.136613,0.618453,0.199681
data\paderborn\extracted\KA01\KA01\N15_M07_F10_KA01_10.mat,outer_race,outer_race,0.023477,0.317292,0.520898,0.138333
data\paderborn\extracted\KA01\KA01\N15_M07_F10_KA01_10.mat,outer_race,rolling_element,0.166510,0.164861,0.318606,0.350023
data\paderborn\extracted\KA01\KA01\N15_M07_F10_KA01_10.mat,outer_race,outer_race,0.128283,0.182428,0.428769,0.260520
data\paderborn\extracted\KA01\KA01\N15_M07_F10_KA01_11.mat,outer_race,rolling_element,0.203442,0.270261,0.245571,0.280726
data\paderborn\extracted\KA01\KA01\N15_M07_F10_KA01_11.mat,outer_race,outer_race,0.105748,0.141739,0.428292,0.324221
data\paderborn\extracted\KA01\KA01\N15_M07_F10_KA01_11.mat,outer_race,outer_race,0.154307,0.233757,0.362968,0.248968
data\paderborn\extracted\KA01\KA01\N15_M07_F10_KA01_11.mat,outer_race,inner_race,0.145806,0.299195,0.296382,0.258617
data\paderborn\extracted\KA01\KA01\N15_M07_F10_KA01_11.mat,outer_race,rolling_element,0.098398,0.109215,0.355361,0.437025
data\paderborn\extracted\KA01\KA01\N15_M07_F10_KA01_11.mat,outer_race,outer_race,0.168443,0.137134,0.367485,0.326938
data\paderborn\extracted\KA01\KA01\N15_M07_F10_KA01_11.mat,outer_race,outer_race,0.076869,0.174608,0.545938,0.202584
data\paderborn\extracted\KA01\KA01\N15_M07_F10_KA01_11.mat,outer_race,outer_race,0.064948,0.138719,0.530426,0.265906
data\paderborn\extracted\KA01\KA01\N15_M07_F10_KA01_12.mat,outer_race,outer_race,0.134127,0.194783,0.425582,0.245507
data\paderborn\extracted\KA01\KA01\N15_M07_F10_KA01_12.mat,outer_race,rolling_element,0.186687,0.061158,0.249361,0.502795
data\paderborn\extracted\KA01\KA01\N15_M07_F10_KA01_12.mat,outer_race,outer_race,0.084844,0.172751,0.477156,0.265249
data\paderborn\extracted\KA01\KA01\N15_M07_F10_KA01_12.mat,outer_race,outer_race,0.172330,0.117853,0.395071,0.314746
data\paderborn\extracted\KA01\KA01\N15_M07_F10_KA01_12.mat,outer_race,outer_race,0.142836,0.194446,0.396838,0.265880
data\paderborn\extracted\KA01\KA01\N15_M07_F10_KA01_12.mat,outer_race,outer_race,0.121135,0.242166,0.433463,0.203236
data\paderborn\extracted\KA01\KA01\N15_M07_F10_KA01_12.mat,outer_race,rolling_element,0.158811,0.154196,0.337508,0.349485
data\paderborn\extracted\KA01\KA01\N15_M07_F10_KA01_12.mat,outer_race,outer_race,0.067071,0.102473,0.559434,0.271022
data\paderborn\extracted\KA01\KA01\N15_M07_F10_KA01_13.mat,outer_race,rolling_element,0.128174,0.058493,0.263141,0.550192
data\paderborn\extracted\KA01\KA01\N15_M07_F10_KA01_13.mat,outer_race,outer_race,0.062308,0.134333,0.583147,0.220212
data\paderborn\extracted\KA01\KA01\N15_M07_F10_KA01_13.mat,outer_race,rolling_element,0.232434,0.163376,0.206108,0.398083
data\paderborn\extracted\KA01\KA01\N15_M07_F10_KA01_13.mat,outer_race,outer_race,0.167885,0.131288,0.390921,0.309906
data\paderborn\extracted\KA01\KA01\N15_M07_F10_KA01_13.mat,outer_race,outer_race,0.185478,0.250162,0.309868,0.254492
data\paderborn\extracted\KA01\KA01\N15_M07_F10_KA01_13.mat,outer_race,outer_race,0.143612,0.213095,0.348565,0.294727
data\paderborn\extracted\KA01\KA01\N15_M07_F10_KA01_13.mat,outer_race,outer_race,0.075105,0.086510,0.504375,0.334011
data\paderborn\extracted\KA01\KA01\N15_M07_F10_KA01_13.mat,outer_race,outer_race,0.198303,0.135464,0.353279,0.312954
data\paderborn\extracted\KA01\KA01\N15_M07_F10_KA01_14.mat,outer_race,outer_race,0.111113,0.318699,0.397226,0.172961
data\paderborn\extracted\KA01\KA01\N15_M07_F10_KA01_14.mat,outer_race,outer_race,0.148614,0.243649,0.361198,0.246539
data\paderborn\extracted\KA01\KA01\N15_M07_F10_KA01_14.mat,outer_race,outer_race,0.081402,0.135841,0.542248,0.240509
data\paderborn\extracted\KA01\KA01\N15_M07_F10_KA01_14.mat,outer_race,outer_race,0.065645,0.345295,0.425400,0.163660
data\paderborn\extracted\KA01\KA01\N15_M07_F10_KA01_14.mat,outer_race,inner_race,0.161536,0.330547,0.267550,0.240366
data\paderborn\extracted\KA01\KA01\N15_M07_F10_KA01_14.mat,outer_race,outer_race,0.125893,0.212443,0.417940,0.243725
data\paderborn\extracted\KA01\KA01\N15_M07_F10_KA01_14.mat,outer_race,outer_race,0.105794,0.258253,0.428290,0.207663
data\paderborn\extracted\KA01\KA01\N15_M07_F10_KA01_14.mat,outer_race,outer_race,0.183474,0.247759,0.296258,0.272509
data\paderborn\extracted\KA01\KA01\N15_M07_F10_KA01_15.mat,outer_race,outer_race,0.142827,0.338211,0.350945,0.168016
data\paderborn\extracted\KA01\KA01\N15_M07_F10_KA01_15.mat,outer_race,inner_race,0.092970,0.434932,0.303126,0.168973
data\paderborn\extracted\KA01\KA01\N15_M07_F10_KA01_15.mat,outer_race,outer_race,0.046618,0.115743,0.618531,0.219108
data\paderborn\extracted\KA01\KA01\N15_M07_F10_KA01_15.mat,outer_race,outer_race,0.108522,0.244216,0.399688,0.247574
data\paderborn\extracted\KA01\KA01\N15_M07_F10_KA01_15.mat,outer_race,outer_race,0.112279,0.353698,0.383926,0.150096
data\paderborn\extracted\KA01\KA01\N15_M07_F10_KA01_15.mat,outer_race,outer_race,0.178855,0.310490,0.315216,0.195440
data\paderborn\extracted\KA01\KA01\N15_M07_F10_KA01_15.mat,outer_race,outer_race,0.089900,0.297453,0.400782,0.211864
data\paderborn\extracted\KA01\KA01\N15_M07_F10_KA01_15.mat,outer_race,outer_race,0.138302,0.250290,0.342860,0.268548
data\paderborn\extracted\KA01\KA01\N15_M07_F10_KA01_16.mat,outer_race,outer_race,0.123217,0.235317,0.421246,0.220220
data\paderborn\extracted\KA01\KA01\N15_M07_F10_KA01_16.mat,outer_race,outer_race,0.123261,0.142599,0.386607,0.347533
data\paderborn\extracted\KA01\KA01\N15_M07_F10_KA01_16.mat,outer_race,outer_race,0.059722,0.122383,0.591346,0.226549
data\paderborn\extracted\KA01\KA01\N15_M07_F10_KA01_16.mat,outer_race,outer_race,0.040365,0.202937,0.603182,0.153516
data\paderborn\extracted\KA01\KA01\N15_M07_F10_KA01_16.mat,outer_race,outer_race,0.098043,0.278484,0.444770,0.178702
data\paderborn\extracted\KA01\KA01\N15_M07_F10_KA01_16.mat,outer_race,outer_race,0.111852,0.143372,0.472534,0.272242
data\paderborn\extracted\KA01\KA01\N15_M07_F10_KA01_16.mat,outer_race,inner_race,0.101118,0.354180,0.318880,0.225821
data\paderborn\extracted\KA01\KA01\N15_M07_F10_KA01_16.mat,outer_race,outer_race,0.098431,0.259886,0.431628,0.210055
data\paderborn\extracted\KA01\KA01\N15_M07_F10_KA01_17.mat,outer_race,outer_race,0.128336,0.118654,0.377361,0.375648
data\paderborn\extracted\KA01\KA01\N15_M07_F10_KA01_17.mat,outer_race,outer_race,0.133694,0.212115,0.381506,0.272685
data\paderborn\extracted\KA01\KA01\N15_M07_F10_KA01_17.mat,outer_race,rolling_element,0.292074,0.161210,0.251409,0.295307
data\paderborn\extracted\KA01\KA01\N15_M07_F10_KA01_17.mat,outer_race,outer_race,0.216007,0.200965,0.291607,0.291421
data\paderborn\extracted\KA01\KA01\N15_M07_F10_KA01_17.mat,outer_race,outer_race,0.117704,0.136810,0.479511,0.265975
data\paderborn\extracted\KA01\KA01\N15_M07_F10_KA01_17.mat,outer_race,rolling_element,0.213994,0.049556,0.298750,0.437700
data\paderborn\extracted\KA01\KA01\N15_M07_F10_KA01_17.mat,outer_race,outer_race,0.098781,0.134025,0.476133,0.291061
data\paderborn\extracted\KA01\KA01\N15_M07_F10_KA01_17.mat,outer_race,rolling_element,0.210011,0.161971,0.308274,0.319744
data\paderborn\extracted\KA01\KA01\N15_M07_F10_KA01_18.mat,outer_race,outer_race,0.164176,0.200459,0.362056,0.273309
data\paderborn\extracted\KA01\KA01\N15_M07_F10_KA01_18.mat,outer_race,inner_race,0.240201,0.283048,0.206753,0.269998
data\paderborn\extracted\KA01\KA01\N15_M07_F10_KA01_18.mat,outer_race,healthy,0.527892,0.045898,0.045855,0.380355
data\paderborn\extracted\KA01\KA01\N15_M07_F10_KA01_18.mat,outer_race,outer_race,0.110247,0.148975,0.437938,0.302840
data\paderborn\extracted\KA01\KA01\N15_M07_F10_KA01_18.mat,outer_race,rolling_element,0.239958,0.098675,0.281990,0.379377
data\paderborn\extracted\KA01\KA01\N15_M07_F10_KA01_18.mat,outer_race,outer_race,0.172205,0.323119,0.340765,0.163911
data\paderborn\extracted\KA01\KA01\N15_M07_F10_KA01_18.mat,outer_race,outer_race,0.161446,0.148033,0.374656,0.315864
data\paderborn\extracted\KA01\KA01\N15_M07_F10_KA01_18.mat,outer_race,outer_race,0.096218,0.207577,0.402627,0.293577
data\paderborn\extracted\KA01\KA01\N15_M07_F10_KA01_19.mat,outer_race,inner_race,0.114533,0.381813,0.330691,0.172963
data\paderborn\extracted\KA01\KA01\N15_M07_F10_KA01_19.mat,outer_race,outer_race,0.110669,0.135606,0.437945,0.315779
data\paderborn\extracted\KA01\KA01\N15_M07_F10_KA01_19.mat,outer_race,rolling_element,0.192643,0.181455,0.276552,0.349350
data\paderborn\extracted\KA01\KA01\N15_M07_F10_KA01_19.mat,outer_race,outer_race,0.084022,0.249960,0.488609,0.177409
data\paderborn\extracted\KA01\KA01\N15_M07_F10_KA01_19.mat,outer_race,outer_race,0.139843,0.301706,0.338465,0.219985
data\paderborn\extracted\KA01\KA01\N15_M07_F10_KA01_19.mat,outer_race,inner_race,0.135745,0.323276,0.311825,0.229155
data\paderborn\extracted\KA01\KA01\N15_M07_F10_KA01_19.mat,outer_race,outer_race,0.143312,0.191269,0.336694,0.328724
data\paderborn\extracted\KA01\KA01\N15_M07_F10_KA01_19.mat,outer_race,outer_race,0.065822,0.277979,0.396381,0.259818
data\paderborn\extracted\KA01\KA01\N15_M07_F10_KA01_2.mat,outer_race,outer_race,0.091033,0.137022,0.495292,0.276654
data\paderborn\extracted\KA01\KA01\N15_M07_F10_KA01_2.mat,outer_race,outer_race,0.195765,0.279261,0.289091,0.235883
data\paderborn\extracted\KA01\KA01\N15_M07_F10_KA01_2.mat,outer_race,rolling_element,0.242807,0.074503,0.270348,0.412342
data\paderborn\extracted\KA01\KA01\N15_M07_F10_KA01_2.mat,outer_race,outer_race,0.065655,0.107492,0.577275,0.249577
data\paderborn\extracted\KA01\KA01\N15_M07_F10_KA01_2.mat,outer_race,outer_race,0.073413,0.178307,0.498912,0.249368
data\paderborn\extracted\KA01\KA01\N15_M07_F10_KA01_2.mat,outer_race,outer_race,0.150132,0.174111,0.357593,0.318164
data\paderborn\extracted\KA01\KA01\N15_M07_F10_KA01_2.mat,outer_race,outer_race,0.140445,0.129493,0.399015,0.331047
data\paderborn\extracted\KA01\KA01\N15_M07_F10_KA01_2.mat,outer_race,rolling_element,0.147390,0.109375,0.295891,0.447344
data\paderborn\extracted\KA01\KA01\N15_M07_F10_KA01_20.mat,outer_race,outer_race,0.017171,0.221379,0.571686,0.189764
data\paderborn\extracted\KA01\KA01\N15_M07_F10_KA01_20.mat,outer_race,outer_race,0.074734,0.270975,0.472322,0.181969
data\paderborn\extracted\KA01\KA01\N15_M07_F10_KA01_20.mat,outer_race,outer_race,0.063884,0.344072,0.464419,0.127625
data\paderborn\extracted\KA01\KA01\N15_M07_F10_KA01_20.mat,outer_race,outer_race,0.050026,0.247499,0.536637,0.165837
data\paderborn\extracted\KA01\KA01\N15_M07_F10_KA01_20.mat,outer_race,outer_race,0.054334,0.188902,0.578646,0.178119
data\paderborn\extracted\KA01\KA01\N15_M07_F10_KA01_20.mat,outer_race,outer_race,0.041702,0.223636,0.568235,0.166427
data\paderborn\extracted\KA01\KA01\N15_M07_F10_KA01_20.mat,outer_race,outer_race,0.051956,0.100490,0.621538,0.226016
data\paderborn\extracted\KA01\KA01\N15_M07_F10_KA01_20.mat,outer_race,outer_race,0.079300,0.359187,0.419754,0.141758
data\paderborn\extracted\KA01\KA01\N15_M07_F10_KA01_3.mat,outer_race,outer_race,0.079436,0.252972,0.447527,0.220065
data\paderborn\extracted\KA01\KA01\N15_M07_F10_KA01_3.mat,outer_race,outer_race,0.068586,0.367455,0.414941,0.149019
data\paderborn\extracted\KA01\KA01\N15_M07_F10_KA01_3.mat,outer_race,outer_race,0.106768,0.311755,0.392576,0.188901
data\paderborn\extracted\KA01\KA01\N15_M07_F10_KA01_3.mat,outer_race,outer_race,0.094649,0.221762,0.461184,0.222404
data\paderborn\extracted\KA01\KA01\N15_M07_F10_KA01_3.mat,outer_race,inner_race,0.099960,0.383356,0.269228,0.247456
data\paderborn\extracted\KA01\KA01\N15_M07_F10_KA01_3.mat,outer_race,outer_race,0.062453,0.155074,0.567763,0.214710
data\paderborn\extracted\KA01\KA01\N15_M07_F10_KA01_3.mat,outer_race,inner_race,0.089280,0.443588,0.332660,0.134472
data\paderborn\extracted\KA01\KA01\N15_M07_F10_KA01_3.mat,outer_race,inner_race,0.085569,0.458429,0.343231,0.112771
data\paderborn\extracted\KA01\KA01\N15_M07_F10_KA01_4.mat,outer_race,rolling_element,0.140414,0.084042,0.367237,0.408307
data\paderborn\extracted\KA01\KA01\N15_M07_F10_KA01_4.mat,outer_race,inner_race,0.194944,0.353870,0.269055,0.182132
data\paderborn\extracted\KA01\KA01\N15_M07_F10_KA01_4.mat,outer_race,healthy,0.277595,0.254329,0.220892,0.247184
data\paderborn\extracted\KA01\KA01\N15_M07_F10_KA01_4.mat,outer_race,rolling_element,0.257023,0.086908,0.191431,0.464639
data\paderborn\extracted\KA01\KA01\N15_M07_F10_KA01_4.mat,outer_race,rolling_element,0.144120,0.150620,0.306599,0.398660
data\paderborn\extracted\KA01\KA01\N15_M07_F10_KA01_4.mat,outer_race,outer_race,0.150823,0.163397,0.389006,0.296774
data\paderborn\extracted\KA01\KA01\N15_M07_F10_KA01_4.mat,outer_race,outer_race,0.229852,0.180196,0.303425,0.286527
data\paderborn\extracted\KA01\KA01\N15_M07_F10_KA01_4.mat,outer_race,healthy,0.261084,0.233340,0.255695,0.249881
data\paderborn\extracted\KA01\KA01\N15_M07_F10_KA01_5.mat,outer_race,outer_race,0.062224,0.186294,0.580148,0.171334
data\paderborn\extracted\KA01\KA01\N15_M07_F10_KA01_5.mat,outer_race,outer_race,0.092472,0.372020,0.392484,0.143023
data\paderborn\extracted\KA01\KA01\N15_M07_F10_KA01_5.mat,outer_race,inner_race,0.070705,0.456270,0.341957,0.131068
data\paderborn\extracted\KA01\KA01\N15_M07_F10_KA01_5.mat,outer_race,outer_race,0.058270,0.104686,0.551100,0.285944
data\paderborn\extracted\KA01\KA01\N15_M07_F10_KA01_5.mat,outer_race,outer_race,0.031008,0.343848,0.518330,0.106814
data\paderborn\extracted\KA01\KA01\N15_M07_F10_KA01_5.mat,outer_race,inner_race,0.104837,0.361337,0.355596,0.178229
data\paderborn\extracted\KA01\KA01\N15_M07_F10_KA01_5.mat,outer_race,outer_race,0.072492,0.158403,0.565482,0.203622
data\paderborn\extracted\KA01\KA01\N15_M07_F10_KA01_5.mat,outer_race,outer_race,0.038329,0.414702,0.423268,0.123701
data\paderborn\extracted\KA01\KA01\N15_M07_F10_KA01_6.mat,outer_race,outer_race,0.079937,0.151193,0.528878,0.239992
data\paderborn\extracted\KA01\KA01\N15_M07_F10_KA01_6.mat,outer_race,outer_race,0.050796,0.093760,0.550319,0.305125
data\paderborn\extracted\KA01\KA01\N15_M07_F10_KA01_6.mat,outer_race,outer_race,0.128130,0.263392,0.359998,0.248480
data\paderborn\extracted\KA01\KA01\N15_M07_F10_KA01_6.mat,outer_race,outer_race,0.088742,0.212537,0.474787,0.223933
data\paderborn\extracted\KA01\KA01\N15_M07_F10_KA01_6.mat,outer_race,outer_race,0.075077,0.115357,0.543521,0.266045
data\paderborn\extracted\KA01\KA01\N15_M07_F10_KA01_6.mat,outer_race,outer_race,0.101385,0.145190,0.449986,0.303440
data\paderborn\extracted\KA01\KA01\N15_M07_F10_KA01_6.mat,outer_race,outer_race,0.089117,0.079161,0.536734,0.294987
data\paderborn\extracted\KA01\KA01\N15_M07_F10_KA01_6.mat,outer_race,outer_race,0.060579,0.101054,0.597854,0.240512
data\paderborn\extracted\KA01\KA01\N15_M07_F10_KA01_7.mat,outer_race,rolling_element,0.274655,0.137113,0.237062,0.351170
data\paderborn\extracted\KA01\KA01\N15_M07_F10_KA01_7.mat,outer_race,inner_race,0.269690,0.287799,0.236912,0.205599
data\paderborn\extracted\KA01\KA01\N15_M07_F10_KA01_7.mat,outer_race,outer_race,0.207161,0.133528,0.335642,0.323670
data\paderborn\extracted\KA01\KA01\N15_M07_F10_KA01_7.mat,outer_race,rolling_element,0.368312,0.093602,0.155883,0.382202
data\paderborn\extracted\KA01\KA01\N15_M07_F10_KA01_7.mat,outer_race,outer_race,0.146240,0.266515,0.331004,0.256242
data\paderborn\extracted\KA01\KA01\N15_M07_F10_KA01_7.mat,outer_race,rolling_element,0.217376,0.057883,0.228738,0.496003
data\paderborn\extracted\KA01\KA01\N15_M07_F10_KA01_7.mat,outer_race,inner_race,0.257324,0.312722,0.222693,0.207261
data\paderborn\extracted\KA01\KA01\N15_M07_F10_KA01_7.mat,outer_race,rolling_element,0.233943,0.269889,0.215968,0.280200
data\paderborn\extracted\KA01\KA01\N15_M07_F10_KA01_8.mat,outer_race,rolling_element,0.091831,0.101318,0.322328,0.484523
data\paderborn\extracted\KA01\KA01\N15_M07_F10_KA01_8.mat,outer_race,inner_race,0.193715,0.341172,0.256112,0.209001
data\paderborn\extracted\KA01\KA01\N15_M07_F10_KA01_8.mat,outer_race,outer_race,0.126519,0.331103,0.364397,0.177981
data\paderborn\extracted\KA01\KA01\N15_M07_F10_KA01_8.mat,outer_race,outer_race,0.050044,0.151312,0.519213,0.279432
data\paderborn\extracted\KA01\KA01\N15_M07_F10_KA01_8.mat,outer_race,outer_race,0.118829,0.254956,0.323632,0.302583
data\paderborn\extracted\KA01\KA01\N15_M07_F10_KA01_8.mat,outer_race,outer_race,0.121381,0.198330,0.410995,0.269294
data\paderborn\extracted\KA01\KA01\N15_M07_F10_KA01_8.mat,outer_race,outer_race,0.118315,0.101974,0.465684,0.314027
data\paderborn\extracted\KA01\KA01\N15_M07_F10_KA01_8.mat,outer_race,outer_race,0.150978,0.268244,0.367711,0.213067
data\paderborn\extracted\KA01\KA01\N15_M07_F10_KA01_9.mat,outer_race,outer_race,0.133156,0.193771,0.415559,0.257514
data\paderborn\extracted\KA01\KA01\N15_M07_F10_KA01_9.mat,outer_race,outer_race,0.104868,0.171361,0.392838,0.330933
data\paderborn\extracted\KA01\KA01\N15_M07_F10_KA01_9.mat,outer_race,outer_race,0.099519,0.111512,0.422216,0.366752
data\paderborn\extracted\KA01\KA01\N15_M07_F10_KA01_9.mat,outer_race,outer_race,0.183473,0.218747,0.306587,0.291193
data\paderborn\extracted\KA01\KA01\N15_M07_F10_KA01_9.mat,outer_race,rolling_element,0.242146,0.251268,0.231177,0.275409
data\paderborn\extracted\KA01\KA01\N15_M07_F10_KA01_9.mat,outer_race,outer_race,0.067785,0.092177,0.569810,0.270227
data\paderborn\extracted\KA01\KA01\N15_M07_F10_KA01_9.mat,outer_race,outer_race,0.081227,0.164362,0.446291,0.308121
data\paderborn\extracted\KA01\KA01\N15_M07_F10_KA01_9.mat,outer_race,rolling_element,0.224659,0.068508,0.196713,0.510120
data\paderborn\extracted\KB23\KB23\N09_M07_F10_KB23_1.mat,rolling_element,rolling_element,0.260708,0.231888,0.126865,0.380539
data\paderborn\extracted\KB23\KB23\N09_M07_F10_KB23_1.mat,rolling_element,outer_race,0.164899,0.219710,0.500759,0.114631
data\paderborn\extracted\KB23\KB23\N09_M07_F10_KB23_1.mat,rolling_element,outer_race,0.114799,0.219422,0.413147,0.252633
data\paderborn\extracted\KB23\KB23\N09_M07_F10_KB23_1.mat,rolling_element,inner_race,0.272315,0.297377,0.180339,0.249969
data\paderborn\extracted\KB23\KB23\N09_M07_F10_KB23_1.mat,rolling_element,rolling_element,0.206210,0.228227,0.276800,0.288764
data\paderborn\extracted\KB23\KB23\N09_M07_F10_KB23_1.mat,rolling_element,rolling_element,0.092445,0.180782,0.134155,0.592618
data\paderborn\extracted\KB23\KB23\N09_M07_F10_KB23_1.mat,rolling_element,inner_race,0.225406,0.349967,0.199044,0.225583
data\paderborn\extracted\KB23\KB23\N09_M07_F10_KB23_1.mat,rolling_element,outer_race,0.159106,0.313812,0.378916,0.148166
data\paderborn\extracted\KB23\KB23\N09_M07_F10_KB23_10.mat,rolling_element,rolling_element,0.247875,0.146162,0.159583,0.446380
data\paderborn\extracted\KB23\KB23\N09_M07_F10_KB23_10.mat,rolling_element,outer_race,0.176022,0.195990,0.348339,0.279649
data\paderborn\extracted\KB23\KB23\N09_M07_F10_KB23_10.mat,rolling_element,healthy,0.402918,0.227881,0.134745,0.234456
data\paderborn\extracted\KB23\KB23\N09_M07_F10_KB23_10.mat,rolling_element,rolling_element,0.236843,0.273781,0.113702,0.375674
data\paderborn\extracted\KB23\KB23\N09_M07_F10_KB23_10.mat,rolling_element,outer_race,0.141713,0.228265,0.424676,0.205346
data\paderborn\extracted\KB23\KB23\N09_M07_F10_KB23_10.mat,rolling_element,healthy,0.353422,0.262178,0.119444,0.264957
data\paderborn\extracted\KB23\KB23\N09_M07_F10_KB23_10.mat,rolling_element,healthy,0.395561,0.238539,0.093042,0.272858
data\paderborn\extracted\KB23\KB23\N09_M07_F10_KB23_10.mat,rolling_element,healthy,0.374150,0.309526,0.161416,0.154908
data\paderborn\extracted\KB23\KB23\N09_M07_F10_KB23_11.mat,rolling_element,outer_race,0.122398,0.300095,0.340836,0.236671
data\paderborn\extracted\KB23\KB23\N09_M07_F10_KB23_11.mat,rolling_element,outer_race,0.152325,0.264562,0.447534,0.135579
data\paderborn\extracted\KB23\KB23\N09_M07_F10_KB23_11.mat,rolling_element,rolling_element,0.288765,0.092828,0.138136,0.480270
data\paderborn\extracted\KB23\KB23\N09_M07_F10_KB23_11.mat,rolling_element,rolling_element,0.268807,0.242206,0.215010,0.273977
data\paderborn\extracted\KB23\KB23\N09_M07_F10_KB23_11.mat,rolling_element,outer_race,0.224177,0.221250,0.288434,0.266139
data\paderborn\extracted\KB23\KB23\N09_M07_F10_KB23_11.mat,rolling_element,rolling_element,0.280470,0.207072,0.180278,0.332180
data\paderborn\extracted\KB23\KB23\N09_M07_F10_KB23_11.mat,rolling_element,healthy,0.460417,0.205672,0.126775,0.207136
data\paderborn\extracted\KB23\KB23\N09_M07_F10_KB23_11.mat,rolling_element,rolling_element,0.314534,0.208667,0.118100,0.358699
data\paderborn\extracted\KB23\KB23\N09_M07_F10_KB23_12.mat,rolling_element,outer_race,0.163240,0.307148,0.359061,0.170551
data\paderborn\extracted\KB23\KB23\N09_M07_F10_KB23_12.mat,rolling_element,outer_race,0.143925,0.112301,0.419874,0.323899
data\paderborn\extracted\KB23\KB23\N09_M07_F10_KB23_12.mat,rolling_element,outer_race,0.123715,0.199690,0.540890,0.135706
data\paderborn\extracted\KB23\KB23\N09_M07_F10_KB23_12.mat,rolling_element,outer_race,0.188839,0.294055,0.401347,0.115760
data\paderborn\extracted\KB23\KB23\N09_M07_F10_KB23_12.mat,rolling_element,outer_race,0.248867,0.169558,0.459817,0.121758
data\paderborn\extracted\KB23\KB23\N09_M07_F10_KB23_12.mat,rolling_element,healthy,0.366631,0.290070,0.124471,0.218828
data\paderborn\extracted\KB23\KB23\N09_M07_F10_KB23_12.mat,rolling_element,healthy,0.302198,0.286440,0.217637,0.193726
data\paderborn\extracted\KB23\KB23\N09_M07_F10_KB23_12.mat,rolling_element,healthy,0.392476,0.383173,0.083950,0.140400
data\paderborn\extracted\KB23\KB23\N09_M07_F10_KB23_13.mat,rolling_element,healthy,0.302385,0.216396,0.191999,0.289220
data\paderborn\extracted\KB23\KB23\N09_M07_F10_KB23_13.mat,rolling_element,rolling_element,0.220027,0.213493,0.226354,0.340126
data\paderborn\extracted\KB23\KB23\N09_M07_F10_KB23_13.mat,rolling_element,outer_race,0.142872,0.149178,0.375324,0.332627
data\paderborn\extracted\KB23\KB23\N09_M07_F10_KB23_13.mat,rolling_element,outer_race,0.221126,0.271063,0.376140,0.131671
data\paderborn\extracted\KB23\KB23\N09_M07_F10_KB23_13.mat,rolling_element,healthy,0.337367,0.297695,0.105217,0.259720
data\paderborn\extracted\KB23\KB23\N09_M07_F10_KB23_13.mat,rolling_element,outer_race,0.194578,0.278925,0.380362,0.146135
data\paderborn\extracted\KB23\KB23\N09_M07_F10_KB23_13.mat,rolling_element,outer_race,0.198591,0.237294,0.298148,0.265966
data\paderborn\extracted\KB23\KB23\N09_M07_F10_KB23_13.mat,rolling_element,healthy,0.508831,0.225370,0.047751,0.218048
data\paderborn\extracted\KB23\KB23\N09_M07_F10_KB23_14.mat,rolling_element,inner_race,0.138891,0.340732,0.302404,0.217973
data\paderborn\extracted\KB23\KB23\N09_M07_F10_KB23_14.mat,rolling_element,inner_race,0.328787,0.362348,0.212510,0.096355
data\paderborn\extracted\KB23\KB23\N09_M07_F10_KB23_14.mat,rolling_element,outer_race,0.159375,0.177644,0.365767,0.297214
data\paderborn\extracted\KB23\KB23\N09_M07_F10_KB23_14.mat,rolling_element,healthy,0.331500,0.275985,0.179065,0.213450
data\paderborn\extracted\KB23\KB23\N09_M07_F10_KB23_14.mat,rolling_element,rolling_element,0.243048,0.211737,0.228031,0.317184
data\paderborn\extracted\KB23\KB23\N09_M07_F10_KB23_14.mat,rolling_element,outer_race,0.176797,0.251378,0.343964,0.227861
data\paderborn\extracted\KB23\KB23\N09_M07_F10_KB23_14.mat,rolling_element,outer_race,0.107691,0.294963,0.379461,0.217885
data\paderborn\extracted\KB23\KB23\N09_M07_F10_KB23_14.mat,rolling_element,rolling_element,0.223704,0.250680,0.199755,0.325861
data\paderborn\extracted\KB23\KB23\N09_M07_F10_KB23_15.mat,rolling_element,rolling_element,0.302044,0.194897,0.186542,0.316518
data\paderborn\extracted\KB23\KB23\N09_M07_F10_KB23_15.mat,rolling_element,outer_race,0.124466,0.304561,0.326983,0.243990
data\paderborn\extracted\KB23\KB23\N09_M07_F10_KB23_15.mat,rolling_element,healthy,0.540393,0.070129,0.075163,0.314315
data\paderborn\extracted\KB23\KB23\N09_M07_F10_KB23_15.mat,rolling_element,outer_race,0.115112,0.218066,0.409175,0.257647
data\paderborn\extracted\KB23\KB23\N09_M07_F10_KB23_15.mat,rolling_element,healthy,0.451993,0.300080,0.020235,0.227692
data\paderborn\extracted\KB23\KB23\N09_M07_F10_KB23_15.mat,rolling_element,inner_race,0.253642,0.333859,0.256382,0.156118
data\paderborn\extracted\KB23\KB23\N09_M07_F10_KB23_15.mat,rolling_element,outer_race,0.186906,0.260044,0.311902,0.241149
data\paderborn\extracted\KB23\KB23\N09_M07_F10_KB23_15.mat,rolling_element,rolling_element,0.319338,0.219223,0.098717,0.362722
data\paderborn\extracted\KB23\KB23\N09_M07_F10_KB23_16.mat,rolling_element,healthy,0.330258,0.280937,0.152766,0.236039
data\paderborn\extracted\KB23\KB23\N09_M07_F10_KB23_16.mat,rolling_element,healthy,0.374718,0.358667,0.146158,0.120457
data\paderborn\extracted\KB23\KB23\N09_M07_F10_KB23_16.mat,rolling_element,outer_race,0.139602,0.246426,0.357711,0.256261
data\paderborn\extracted\KB23\KB23\N09_M07_F10_KB23_16.mat,rolling_element,outer_race,0.071077,0.144893,0.600983,0.183046
data\paderborn\extracted\KB23\KB23\N09_M07_F10_KB23_16.mat,rolling_element,healthy,0.364266,0.239323,0.120885,0.275526
data\paderborn\extracted\KB23\KB23\N09_M07_F10_KB23_16.mat,rolling_element,rolling_element,0.218245,0.243612,0.215968,0.322176
data\paderborn\extracted\KB23\KB23\N09_M07_F10_KB23_16.mat,rolling_element,inner_race,0.264833,0.284052,0.208127,0.242987
data\paderborn\extracted\KB23\KB23\N09_M07_F10_KB23_16.mat,rolling_element,outer_race,0.148050,0.184850,0.381994,0.285105
data\paderborn\extracted\KB23\KB23\N09_M07_F10_KB23_17.mat,rolling_element,healthy,0.307070,0.219051,0.305766,0.168113
data\paderborn\extracted\KB23\KB23\N09_M07_F10_KB23_17.mat,rolling_element,outer_race,0.111473,0.217864,0.493664,0.176999
data\paderborn\extracted\KB23\KB23\N09_M07_F10_KB23_17.mat,rolling_element,rolling_element,0.294377,0.154524,0.250789,0.300310
data\paderborn\extracted\KB23\KB23\N09_M07_F10_KB23_17.mat,rolling_element,rolling_element,0.293568,0.232022,0.150363,0.324047
data\paderborn\extracted\KB23\KB23\N09_M07_F10_KB23_17.mat,rolling_element,rolling_element,0.223394,0.222120,0.232586,0.321901
data\paderborn\extracted\KB23\KB23\N09_M07_F10_KB23_17.mat,rolling_element,outer_race,0.191424,0.229956,0.347103,0.231517
data\paderborn\extracted\KB23\KB23\N09_M07_F10_KB23_17.mat,rolling_element,rolling_element,0.123033,0.267447,0.265393,0.344127
data\paderborn\extracted\KB23\KB23\N09_M07_F10_KB23_17.mat,rolling_element,rolling_element,0.146819,0.211334,0.314945,0.326902
data\paderborn\extracted\KB23\KB23\N09_M07_F10_KB23_18.mat,rolling_element,healthy,0.421729,0.115721,0.068035,0.394515
data\paderborn\extracted\KB23\KB23\N09_M07_F10_KB23_18.mat,rolling_element,inner_race,0.285158,0.324303,0.125960,0.264579
data\paderborn\extracted\KB23\KB23\N09_M07_F10_KB23_18.mat,rolling_element,outer_race,0.189829,0.202985,0.386969,0.220217
data\paderborn\extracted\KB23\KB23\N09_M07_F10_KB23_18.mat,rolling_element,outer_race,0.143100,0.212111,0.488642,0.156147
data\paderborn\extracted\KB23\KB23\N09_M07_F10_KB23_18.mat,rolling_element,inner_race,0.245111,0.307555,0.280239,0.167095
data\paderborn\extracted\KB23\KB23\N09_M07_F10_KB23_18.mat,rolling_element,rolling_element,0.248234,0.257307,0.200411,0.294048
data\paderborn\extracted\KB23\KB23\N09_M07_F10_KB23_18.mat,rolling_element,outer_race,0.161895,0.220656,0.388472,0.228977
data\paderborn\extracted\KB23\KB23\N09_M07_F10_KB23_18.mat,rolling_element,healthy,0.295102,0.204174,0.264741,0.235983
data\paderborn\extracted\KB23\KB23\N09_M07_F10_KB23_19.mat,rolling_element,outer_race,0.093867,0.197200,0.361624,0.347309
data\paderborn\extracted\KB23\KB23\N09_M07_F10_KB23_19.mat,rolling_element,outer_race,0.068661,0.308515,0.334138,0.288686
data\paderborn\extracted\KB23\KB23\N09_M07_F10_KB23_19.mat,rolling_element,healthy,0.362440,0.309393,0.170758,0.157409
data\paderborn\extracted\KB23\KB23\N09_M07_F10_KB23_19.mat,rolling_element,inner_race,0.177462,0.364666,0.267471,0.190401
data\paderborn\extracted\KB23\KB23\N09_M07_F10_KB23_19.mat,rolling_element,outer_race,0.208031,0.254371,0.303688,0.233910
data\paderborn\extracted\KB23\KB23\N09_M07_F10_KB23_19.mat,rolling_element,healthy,0.630932,0.120342,0.035351,0.213375
data\paderborn\extracted\KB23\KB23\N09_M07_F10_KB23_19.mat,rolling_element,rolling_element,0.271380,0.201648,0.192348,0.334624
data\paderborn\extracted\KB23\KB23\N09_M07_F10_KB23_19.mat,rolling_element,outer_race,0.139000,0.174284,0.479966,0.206750
data\paderborn\extracted\KB23\KB23\N09_M07_F10_KB23_2.mat,rolling_element,outer_race,0.158062,0.282560,0.303698,0.255680
data\paderborn\extracted\KB23\KB23\N09_M07_F10_KB23_2.mat,rolling_element,outer_race,0.154780,0.182220,0.460646,0.202354
data\paderborn\extracted\KB23\KB23\N09_M07_F10_KB23_2.mat,rolling_element,healthy,0.340765,0.301774,0.102888,0.254573
data\paderborn\extracted\KB23\KB23\N09_M07_F10_KB23_2.mat,rolling_element,inner_race,0.194682,0.457354,0.166514,0.181451
data\paderborn\extracted\KB23\KB23\N09_M07_F10_KB23_2.mat,rolling_element,rolling_element,0.154997,0.264091,0.207141,0.373771
data\paderborn\extracted\KB23\KB23\N09_M07_F10_KB23_2.mat,rolling_element,outer_race,0.149031,0.225779,0.324829,0.300362
data\paderborn\extracted\KB23\KB23\N09_M07_F10_KB23_2.mat,rolling_element,rolling_element,0.292725,0.260969,0.122036,0.324270
data\paderborn\extracted\KB23\KB23\N09_M07_F10_KB23_2.mat,rolling_element,rolling_element,0.258333,0.201383,0.218871,0.321413
data\paderborn\extracted\KB23\KB23\N09_M07_F10_KB23_20.mat,rolling_element,outer_race,0.176491,0.184164,0.394235,0.245111
data\paderborn\extracted\KB23\KB23\N09_M07_F10_KB23_20.mat,rolling_element,rolling_element,0.085972,0.116529,0.323091,0.474408
data\paderborn\extracted\KB23\KB23\N09_M07_F10_KB23_20.mat,rolling_element,rolling_element,0.227502,0.247001,0.201075,0.324422
data\paderborn\extracted\KB23\KB23\N09_M07_F10_KB23_20.mat,rolling_element,healthy,0.511401,0.283575,0.039290,0.165733
data\paderborn\extracted\KB23\KB23\N09_M07_F10_KB23_20.mat,rolling_element,rolling_element,0.314660,0.220831,0.141338,0.323171
data\paderborn\extracted\KB23\KB23\N09_M07_F10_KB23_20.mat,rolling_element,healthy,0.491429,0.199560,0.079187,0.229824
data\paderborn\extracted\KB23\KB23\N09_M07_F10_KB23_20.mat,rolling_element,outer_race,0.165221,0.129553,0.494689,0.210537
data\paderborn\extracted\KB23\KB23\N09_M07_F10_KB23_20.mat,rolling_element,rolling_element,0.134132,0.204247,0.283361,0.378260
data\paderborn\extracted\KB23\KB23\N09_M07_F10_KB23_3.mat,rolling_element,healthy,0.468781,0.366649,0.048370,0.116200
data\paderborn\extracted\KB23\KB23\N09_M07_F10_KB23_3.mat,rolling_element,inner_race,0.218446,0.352375,0.274743,0.154436
data\paderborn\extracted\KB23\KB23\N09_M07_F10_KB23_3.mat,rolling_element,healthy,0.267030,0.260030,0.222410,0.250530
data\paderborn\extracted\KB23\KB23\N09_M07_F10_KB23_3.mat,rolling_element,healthy,0.334626,0.310268,0.197374,0.157732
data\paderborn\extracted\KB23\KB23\N09_M07_F10_KB23_3.mat,rolling_element,healthy,0.431612,0.144812,0.168953,0.254624
data\paderborn\extracted\KB23\KB23\N09_M07_F10_KB23_3.mat,rolling_element,healthy,0.301314,0.194750,0.216624,0.287312
data\paderborn\extracted\KB23\KB23\N09_M07_F10_KB23_3.mat,rolling_element,rolling_element,0.233703,0.166232,0.279952,0.320113
data\paderborn\extracted\KB23\KB23\N09_M07_F10_KB23_3.mat,rolling_element,rolling_element,0.235826,0.179492,0.137541,0.447141
data\paderborn\extracted\KB23\KB23\N09_M07_F10_KB23_4.mat,rolling_element,inner_race,0.244880,0.354036,0.137651,0.263433
data\paderborn\extracted\KB23\KB23\N09_M07_F10_KB23_4.mat,rolling_element,rolling_element,0.259985,0.132018,0.287839,0.320159
data\paderborn\extracted\KB23\KB23\N09_M07_F10_KB23_4.mat,rolling_element,outer_race,0.298842,0.145945,0.316675,0.238539
data\paderborn\extracted\KB23\KB23\N09_M07_F10_KB23_4.mat,rolling_element,rolling_element,0.166653,0.161136,0.180331,0.491880
data\paderborn\extracted\KB23\KB23\N09_M07_F10_KB23_4.mat,rolling_element,healthy,0.296943,0.273037,0.202510,0.227510
data\paderborn\extracted\KB23\KB23\N09_M07_F10_KB23_4.mat,rolling_element,healthy,0.337330,0.332505,0.136847,0.193319
data\paderborn\extracted\KB23\KB23\N09_M07_F10_KB23_4.mat,rolling_element,rolling_element,0.169319,0.121863,0.320981,0.387837
data\paderborn\extracted\KB23\KB23\N09_M07_F10_KB23_4.mat,rolling_element,outer_race,0.097436,0.082456,0.566240,0.253868
data\paderborn\extracted\KB23\KB23\N09_M07_F10_KB23_5.mat,rolling_element,outer_race,0.189534,0.132132,0.399750,0.278584
data\paderborn\extracted\KB23\KB23\N09_M07_F10_KB23_5.mat,rolling_element,outer_race,0.271459,0.259116,0.288177,0.181248
data\paderborn\extracted\KB23\KB23\N09_M07_F10_KB23_5.mat,rolling_element,healthy,0.400337,0.233518,0.088252,0.277894
data\paderborn\extracted\KB23\KB23\N09_M07_F10_KB23_5.mat,rolling_element,rolling_element,0.190357,0.211134,0.288207,0.310302
data\paderborn\extracted\KB23\KB23\N09_M07_F10_KB23_5.mat,rolling_element,healthy,0.405004,0.136927,0.174444,0.283625
data\paderborn\extracted\KB23\KB23\N09_M07_F10_KB23_5.mat,rolling_element,rolling_element,0.237520,0.239192,0.011485,0.511803
data\paderborn\extracted\KB23\KB23\N09_M07_F10_KB23_5.mat,rolling_element,healthy,0.382585,0.219911,0.181838,0.215665
data\paderborn\extracted\KB23\KB23\N09_M07_F10_KB23_5.mat,rolling_element,rolling_element,0.160911,0.216153,0.285931,0.337005
data\paderborn\extracted\KB23\KB23\N09_M07_F10_KB23_6.mat,rolling_element,inner_race,0.187236,0.330360,0.289991,0.192412
data\paderborn\extracted\KB23\KB23\N09_M07_F10_KB23_6.mat,rolling_element,outer_race,0.156991,0.157258,0.355413,0.330337
data\paderborn\extracted\KB23\KB23\N09_M07_F10_KB23_6.mat,rolling_element,rolling_element,0.301414,0.246463,0.144778,0.307346
data\paderborn\extracted\KB23\KB23\N09_M07_F10_KB23_6.mat,rolling_element,inner_race,0.191235,0.373652,0.264423,0.170690
data\paderborn\extracted\KB23\KB23\N09_M07_F10_KB23_6.mat,rolling_element,healthy,0.337714,0.310926,0.193147,0.158213
data\paderborn\extracted\KB23\KB23\N09_M07_F10_KB23_6.mat,rolling_element,rolling_element,0.174576,0.195414,0.302402,0.327608
data\paderborn\extracted\KB23\KB23\N09_M07_F10_KB23_6.mat,rolling_element,rolling_element,0.277134,0.229894,0.156625,0.336347
data\paderborn\extracted\KB23\KB23\N09_M07_F10_KB23_6.mat,rolling_element,healthy,0.363030,0.238634,0.185324,0.213012
data\paderborn\extracted\KB23\KB23\N09_M07_F10_KB23_7.mat,rolling_element,rolling_element,0.118128,0.204241,0.318566,0.359065
data\paderborn\extracted\KB23\KB23\N09_M07_F10_KB23_7.mat,rolling_element,rolling_element,0.240928,0.175616,0.243870,0.339586
data\paderborn\extracted\KB23\KB23\N09_M07_F10_KB23_7.mat,rolling_element,healthy,0.370588,0.194435,0.081013,0.353964
data\paderborn\extracted\KB23\KB23\N09_M07_F10_KB23_7.mat,rolling_element,rolling_element,0.152964,0.325407,0.163528,0.358100
data\paderborn\extracted\KB23\KB23\N09_M07_F10_KB23_7.mat,rolling_element,outer_race,0.139390,0.060805,0.513548,0.286256
data\paderborn\extracted\KB23\KB23\N09_M07_F10_KB23_7.mat,rolling_element,inner_race,0.245186,0.379390,0.169275,0.206149
data\paderborn\extracted\KB23\KB23\N09_M07_F10_KB23_7.mat,rolling_element,outer_race,0.199973,0.255485,0.274767,0.269775
data\paderborn\extracted\KB23\KB23\N09_M07_F10_KB23_7.mat,rolling_element,healthy,0.312009,0.219846,0.307661,0.160484
data\paderborn\extracted\KB23\KB23\N09_M07_F10_KB23_8.mat,rolling_element,rolling_element,0.192972,0.172627,0.278774,0.355627
data\paderborn\extracted\KB23\KB23\N09_M07_F10_KB23_8.mat,rolling_element,outer_race,0.194789,0.210204,0.348079,0.246927
data\paderborn\extracted\KB23\KB23\N09_M07_F10_KB23_8.mat,rolling_element,outer_race,0.048169,0.136272,0.650776,0.164783
data\paderborn\extracted\KB23\KB23\N09_M07_F10_KB23_8.mat,rolling_element,rolling_element,0.107201,0.252809,0.265839,0.374151
data\paderborn\extracted\KB23\KB23\N09_M07_F10_KB23_8.mat,rolling_element,healthy,0.275069,0.274777,0.196559,0.253595
data\paderborn\extracted\KB23\KB23\N09_M07_F10_KB23_8.mat,rolling_element,healthy,0.344189,0.340163,0.092987,0.222662
data\paderborn\extracted\KB23\KB23\N09_M07_F10_KB23_8.mat,rolling_element,healthy,0.339554,0.286117,0.157433,0.216895
data\paderborn\extracted\KB23\KB23\N09_M07_F10_KB23_8.mat,rolling_element,rolling_element,0.194756,0.174542,0.290063,0.340639
data\paderborn\extracted\KB23\KB23\N09_M07_F10_KB23_9.mat,rolling_element,outer_race,0.221464,0.306033,0.342345,0.130159
data\paderborn\extracted\KB23\KB23\N09_M07_F10_KB23_9.mat,rolling_element,outer_race,0.150274,0.279096,0.465653,0.104977
data\paderborn\extracted\KB23\KB23\N09_M07_F10_KB23_9.mat,rolling_element,outer_race,0.187457,0.227791,0.346575,0.238177
data\paderborn\extracted\KB23\KB23\N09_M07_F10_KB23_9.mat,rolling_element,inner_race,0.268922,0.305937,0.188625,0.236516
data\paderborn\extracted\KB23\KB23\N09_M07_F10_KB23_9.mat,rolling_element,inner_race,0.286560,0.491081,0.104521,0.117838
data\paderborn\extracted\KB23\KB23\N09_M07_F10_KB23_9.mat,rolling_element,healthy,0.438843,0.150127,0.156168,0.254862
data\paderborn\extracted\KB23\KB23\N09_M07_F10_KB23_9.mat,rolling_element,outer_race,0.198236,0.260576,0.363046,0.178142
data\paderborn\extracted\KB23\KB23\N09_M07_F10_KB23_9.mat,rolling_element,rolling_element,0.266071,0.095692,0.103501,0.534736
data\paderborn\extracted\KB23\KB23\N15_M01_F10_KB23_1.mat,rolling_element,healthy,0.562944,0.104919,0.023401,0.308736
data\paderborn\extracted\KB23\KB23\N15_M01_F10_KB23_1.mat,rolling_element,rolling_element,0.395371,0.085700,0.088342,0.430587
data\paderborn\extracted\KB23\KB23\N15_M01_F10_KB23_1.mat,rolling_element,healthy,0.529202,0.223127,0.016897,0.230774
data\paderborn\extracted\KB23\KB23\N15_M01_F10_KB23_1.mat,rolling_element,outer_race,0.052237,0.337779,0.422923,0.187061
data\paderborn\extracted\KB23\KB23\N15_M01_F10_KB23_1.mat,rolling_element,inner_race,0.234782,0.545075,0.064208,0.155935
data\paderborn\extracted\KB23\KB23\N15_M01_F10_KB23_1.mat,rolling_element,healthy,0.444809,0.202855,0.051118,0.301218
data\paderborn\extracted\KB23\KB23\N15_M01_F10_KB23_1.mat,rolling_element,inner_race,0.193873,0.536233,0.127039,0.142855
data\paderborn\extracted\KB23\KB23\N15_M01_F10_KB23_1.mat,rolling_element,rolling_element,0.350679,0.136870,0.145532,0.366919
data\paderborn\extracted\KB23\KB23\N15_M01_F10_KB23_10.mat,rolling_element,healthy,0.641384,0.171269,0.005845,0.181502
data\paderborn\extracted\KB23\KB23\N15_M01_F10_KB23_10.mat,rolling_element,rolling_element,0.169904,0.182798,0.194111,0.453187
data\paderborn\extracted\KB23\KB23\N15_M01_F10_KB23_10.mat,rolling_element,inner_race,0.221700,0.436225,0.134660,0.207416
data\paderborn\extracted\KB23\KB23\N15_M01_F10_KB23_10.mat,rolling_element,outer_race,0.057948,0.225800,0.523948,0.192304
data\paderborn\extracted\KB23\KB23\N15_M01_F10_KB23_10.mat,rolling_element,rolling_element,0.288476,0.295402,0.094202,0.321920
data\paderborn\extracted\KB23\KB23\N15_M01_F10_KB23_10.mat,rolling_element,inner_race,0.125925,0.367727,0.331631,0.174717
data\paderborn\extracted\KB23\KB23\N15_M01_F10_KB23_10.mat,rolling_element,healthy,0.448221,0.297717,0.019324,0.234738
data\paderborn\extracted\KB23\KB23\N15_M01_F10_KB23_10.mat,rolling_element,rolling_element,0.398843,0.117410,0.054661,0.429085
data\paderborn\extracted\KB23\KB23\N15_M01_F10_KB23_11.mat,rolling_element,healthy,0.394140,0.357464,0.033836,0.214560
data\paderborn\extracted\KB23\KB23\N15_M01_F10_KB23_11.mat,rolling_element,healthy,0.435536,0.167177,0.051925,0.345362
data\paderborn\extracted\KB23\KB23\N15_M01_F10_KB23_11.mat,rolling_element,rolling_element,0.254231,0.226668,0.244401,0.274700
data\paderborn\extracted\KB23\KB23\N15_M01_F10_KB23_11.mat,rolling_element,inner_race,0.169644,0.368072,0.216408,0.245877
data\paderborn\extracted\KB23\KB23\N15_M01_F10_KB23_11.mat,rolling_element,healthy,0.540458,0.029833,0.004363,0.425346
data\paderborn\extracted\KB23\KB23\N15_M01_F10_KB23_11.mat,rolling_element,healthy,0.442555,0.315213,0.025793,0.216438
data\paderborn\extracted\KB23\KB23\N15_M01_F10_KB23_11.mat,rolling_element,healthy,0.484328,0.159602,0.033901,0.322169
data\paderborn\extracted\KB23\KB23\N15_M01_F10_KB23_11.mat,rolling_element,rolling_element,0.450708,0.013507,0.020013,0.515772
data\paderborn\extracted\KB23\KB23\N15_M01_F10_KB23_12.mat,rolling_element,rolling_element,0.161057,0.218842,0.141672,0.478430
data\paderborn\extracted\KB23\KB23\N15_M01_F10_KB23_12.mat,rolling_element,inner_race,0.283566,0.346270,0.164821,0.205342
data\paderborn\extracted\KB23\KB23\N15_M01_F10_KB23_12.mat,rolling_element,rolling_element,0.377026,0.063470,0.111820,0.447684
data\paderborn\extracted\KB23\KB23\N15_M01_F10_KB23_12.mat,rolling_element,healthy,0.507154,0.223878,0.014860,0.254109
data\paderborn\extracted\KB23\KB23\N15_M01_F10_KB23_12.mat,rolling_element,rolling_element,0.337692,0.214170,0.030747,0.417391
data\paderborn\extracted\KB23\KB23\N15_M01_F10_KB23_12.mat,rolling_element,rolling_element,0.166038,0.267925,0.194241,0.371796
data\paderborn\extracted\KB23\KB23\N15_M01_F10_KB23_12.mat,rolling_element,outer_race,0.211060,0.074750,0.410770,0.303419
data\paderborn\extracted\KB23\KB23\N15_M01_F10_KB23_12.mat,rolling_element,healthy,0.511427,0.217424,0.024629,0.246521
data\paderborn\extracted\KB23\KB23\N15_M01_F10_KB23_13.mat,rolling_element,healthy,0.634006,0.243115,0.003012,0.119868
data\paderborn\extracted\KB23\KB23\N15_M01_F10_KB23_13.mat,rolling_element,rolling_element,0.184706,0.130078,0.317255,0.367962
data\paderborn\extracted\KB23\KB23\N15_M01_F10_KB23_13.mat,rolling_element,healthy,0.391898,0.210537,0.045337,0.352227
data\paderborn\extracted\KB23\KB23\N15_M01_F10_KB23_13.mat,rolling_element,healthy,0.610419,0.012096,0.006754,0.370731
data\paderborn\extracted\KB23\KB23\N15_M01_F10_KB23_13.mat,rolling_element,outer_race,0.064223,0.097554,0.481801,0.356422
data\paderborn\extracted\KB23\KB23\N15_M01_F10_KB23_13.mat,rolling_element,rolling_element,0.322342,0.220726,0.089054,0.367878
data\paderborn\extracted\KB23\KB23\N15_M01_F10_KB23_13.mat,rolling_element,healthy,0.488939,0.284432,0.015667,0.210962
data\paderborn\extracted\KB23\KB23\N15_M01_F10_KB23_13.mat,rolling_element,rolling_element,0.262811,0.231536,0.106329,0.399324
data\paderborn\extracted\KB23\KB23\N15_M01_F10_KB23_14.mat,rolling_element,healthy,0.507691,0.087358,0.017131,0.387820
data\paderborn\extracted\KB23\KB23\N15_M01_F10_KB23_14.mat,rolling_element,inner_race,0.370300,0.426330,0.024490,0.178880
data\paderborn\extracted\KB23\KB23\N15_M01_F10_KB23_14.mat,rolling_element,outer_race,0.152785,0.300789,0.313339,0.233087
data\paderborn\extracted\KB23\KB23\N15_M01_F10_KB23_14.mat,rolling_element,rolling_element,0.154965,0.151863,0.210056,0.483115
data\paderborn\extracted\KB23\KB23\N15_M01_F10_KB23_14.mat,rolling_element,rolling_element,0.263250,0.314459,0.079060,0.343232
data\paderborn\extracted\KB23\KB23\N15_M01_F10_KB23_14.mat,rolling_element,healthy,0.463664,0.091798,0.053922,0.390616
data\paderborn\extracted\KB23\KB23\N15_M01_F10_KB23_14.mat,rolling_element,healthy,0.466233,0.117407,0.037549,0.378811
data\paderborn\extracted\KB23\KB23\N15_M01_F10_KB23_14.mat,rolling_element,healthy,0.692541,0.082950,0.004454,0.220056
data\paderborn\extracted\KB23\KB23\N15_M01_F10_KB23_15.mat,rolling_element,outer_race,0.126565,0.302900,0.330258,0.240276
data\paderborn\extracted\KB23\KB23\N15_M01_F10_KB23_15.mat,rolling_element,inner_race,0.199091,0.456993,0.081854,0.262061
data\paderborn\extracted\KB23\KB23\N15_M01_F10_KB23_15.mat,rolling_element,inner_race,0.304673,0.534623,0.037899,0.122805
data\paderborn\extracted\KB23\KB23\N15_M01_F10_KB23_15.mat,rolling_element,inner_race,0.295529,0.482315,0.044454,0.177703
data\paderborn\extracted\KB23\KB23\N15_M01_F10_KB23_15.mat,rolling_element,inner_race,0.034642,0.460502,0.410966,0.093890
data\paderborn\extracted\KB23\KB23\N15_M01_F10_KB23_15.mat,rolling_element,inner_race,0.403875,0.410169,0.028345,0.157611
data\paderborn\extracted\KB23\KB23\N15_M01_F10_KB23_15.mat,rolling_element,inner_race,0.348927,0.512040,0.009323,0.129711
data\paderborn\extracted\KB23\KB23\N15_M01_F10_KB23_15.mat,rolling_element,inner_race,0.141388,0.500477,0.147144,0.210992
data\paderborn\extracted\KB23\KB23\N15_M01_F10_KB23_16.mat,rolling_element,healthy,0.518402,0.101972,0.058965,0.320661
data\paderborn\extracted\KB23\KB23\N15_M01_F10_KB23_16.mat,rolling_element,inner_race,0.160151,0.467566,0.198218,0.174064
data\paderborn\extracted\KB23\KB23\N15_M01_F10_KB23_16.mat,rolling_element,inner_race,0.186534,0.492472,0.128525,0.192468
data\paderborn\extracted\KB23\KB23\N15_M01_F10_KB23_16.mat,rolling_element,inner_race,0.307165,0.507939,0.021904,0.162992
data\paderborn\extracted\KB23\KB23\N15_M01_F10_KB23_16.mat,rolling_element,inner_race,0.294699,0.418356,0.075348,0.211597
data\paderborn\extracted\KB23\KB23\N15_M01_F10_KB23_16.mat,rolling_element,outer_race,0.138910,0.223090,0.353944,0.284056
data\paderborn\extracted\KB23\KB23\N15_M01_F10_KB23_16.mat,rolling_element,rolling_element,0.229090,0.269531,0.190311,0.311068
data\paderborn\extracted\KB23\KB23\N15_M01_F10_KB23_16.mat,rolling_element,inner_race,0.146891,0.458438,0.204944,0.189727
data\paderborn\extracted\KB23\KB23\N15_M01_F10_KB23_17.mat,rolling_element,inner_race,0.195360,0.394123,0.108543,0.301974
data\paderborn\extracted\KB23\KB23\N15_M01_F10_KB23_17.mat,rolling_element,healthy,0.501154,0.198926,0.020676,0.279244
data\paderborn\extracted\KB23\KB23\N15_M01_F10_KB23_17.mat,rolling_element,outer_race,0.139155,0.306785,0.365448,0.188612
data\paderborn\extracted\KB23\KB23\N15_M01_F10_KB23_17.mat,rolling_element,rolling_element,0.278707,0.317665,0.062808,0.340819
data\paderborn\extracted\KB23\KB23\N15_M01_F10_KB23_17.mat,rolling_element,healthy,0.488317,0.302712,0.017290,0.191681
data\paderborn\extracted\KB23\KB23\N15_M01_F10_KB23_17.mat,rolling_element,healthy,0.601747,0.074569,0.013077,0.310607
data\paderborn\extracted\KB23\KB23\N15_M01_F10_KB23_17.mat,rolling_element,rolling_element,0.172437,0.343481,0.136513,0.347570
data\paderborn\extracted\KB23\KB23\N15_M01_F10_KB23_17.mat,rolling_element,inner_race,0.365677,0.502729,0.010346,0.121248
data\paderborn\extracted\KB23\KB23\N15_M01_F10_KB23_18.mat,rolling_element,outer_race,0.070572,0.304553,0.481540,0.143336
data\paderborn\extracted\KB23\KB23\N15_M01_F10_KB23_18.mat,rolling_element,healthy,0.470586,0.184639,0.044378,0.300397
data\paderborn\extracted\KB23\KB23\N15_M01_F10_KB23_18.mat,rolling_element,healthy,0.659930,0.097686,0.004024,0.238360
data\paderborn\extracted\KB23\KB23\N15_M01_F10_KB23_18.mat,rolling_element,outer_race,0.048739,0.138328,0.413139,0.399794
data\paderborn\extracted\KB23\KB23\N15_M01_F10_KB23_18.mat,rolling_element,healthy,0.488955,0.065473,0.040927,0.404646
data\paderborn\extracted\KB23\KB23\N15_M01_F10_KB23_18.mat,rolling_element,inner_race,0.341897,0.518254,0.015709,0.124141
data\paderborn\extracted\KB23\KB23\N15_M01_F10_KB23_18.mat,rolling_element,healthy,0.580408,0.258972,0.007762,0.152857
data\paderborn\extracted\KB23\KB23\N15_M01_F10_KB23_18.mat,rolling_element,healthy,0.461313,0.247487,0.017639,0.273561
data\paderborn\extracted\KB23\KB23\N15_M01_F10_KB23_19.mat,rolling_element,healthy,0.555239,0.069688,0.012153,0.362921
data\paderborn\extracted\KB23\KB23\N15_M01_F10_KB23_19.mat,rolling_element,rolling_element,0.298280,0.249061,0.127201,0.325458
data\paderborn\extracted\KB23\KB23\N15_M01_F10_KB23_19.mat,rolling_element,healthy,0.503214,0.046922,0.020827,0.429037
data\paderborn\extracted\KB23\KB23\N15_M01_F10_KB23_19.mat,rolling_element,rolling_element,0.326632,0.234637,0.072505,0.366226
data\paderborn\extracted\KB23\KB23\N15_M01_F10_KB23_19.mat,rolling_element,rolling_element,0.276314,0.181980,0.102820,0.438886
data\paderborn\extracted\KB23\KB23\N15_M01_F10_KB23_19.mat,rolling_element,rolling_element,0.396514,0.026347,0.092283,0.484857
data\paderborn\extracted\KB23\KB23\N15_M01_F10_KB23_19.mat,rolling_element,inner_race,0.273955,0.317812,0.129610,0.278623
data\paderborn\extracted\KB23\KB23\N15_M01_F10_KB23_19.mat,rolling_element,healthy,0.662296,0.057451,0.010314,0.269940
data\paderborn\extracted\KB23\KB23\N15_M01_F10_KB23_2.mat,rolling_element,healthy,0.431583,0.213811,0.023945,0.330661
data\paderborn\extracted\KB23\KB23\N15_M01_F10_KB23_2.mat,rolling_element,healthy,0.538404,0.143957,0.005338,0.312301
data\paderborn\extracted\KB23\KB23\N15_M01_F10_KB23_2.mat,rolling_element,inner_race,0.377247,0.430634,0.020547,0.171573
data\paderborn\extracted\KB23\KB23\N15_M01_F10_KB23_2.mat,rolling_element,inner_race,0.294891,0.449814,0.043301,0.211994
data\paderborn\extracted\KB23\KB23\N15_M01_F10_KB23_2.mat,rolling_element,rolling_element,0.299638,0.333585,0.021977,0.344800
data\paderborn\extracted\KB23\KB23\N15_M01_F10_KB23_2.mat,rolling_element,inner_race,0.208379,0.586778,0.040305,0.164538
data\paderborn\extracted\KB23\KB23\N15_M01_F10_KB23_2.mat,rolling_element,healthy,0.505088,0.382625,0.002133,0.110155
data\paderborn\extracted\KB23\KB23\N15_M01_F10_KB23_2.mat,rolling_element,healthy,0.504653,0.290198,0.009924,0.195225
data\paderborn\extracted\KB23\KB23\N15_M01_F10_KB23_20.mat,rolling_element,rolling_element,0.392305,0.027874,0.102336,0.477485
data\paderborn\extracted\KB23\KB23\N15_M01_F10_KB23_20.mat,rolling_element,healthy,0.796361,0.055298,0.001487,0.146853
data\paderborn\extracted\KB23\KB23\N15_M01_F10_KB23_20.mat,rolling_element,healthy,0.639171,0.034121,0.004088,0.322620
data\paderborn\extracted\KB23\KB23\N15_M01_F10_KB23_20.mat,rolling_element,inner_race,0.162139,0.503362,0.143246,0.191252
data\paderborn\extracted\KB23\KB23\N15_M01_F10_KB23_20.mat,rolling_element,healthy,0.430011,0.264398,0.029224,0.276367
data\paderborn\extracted\KB23\KB23\N15_M01_F10_KB23_20.mat,rolling_element,healthy,0.552114,0.047376,0.045986,0.354525
data\paderborn\extracted\KB23\KB23\N15_M01_F10_KB23_20.mat,rolling_element,rolling_element,0.408853,0.046124,0.041152,0.503872
data\paderborn\extracted\KB23\KB23\N15_M01_F10_KB23_20.mat,rolling_element,healthy,0.710314,0.031050,0.004766,0.253870
data\paderborn\extracted\KB23\KB23\N15_M01_F10_KB23_3.mat,rolling_element,healthy,0.693439,0.072423,0.003947,0.230190
data\paderborn\extracted\KB23\KB23\N15_M01_F10_KB23_3.mat,rolling_element,rolling_element,0.345209,0.075447,0.067592,0.511752
data\paderborn\extracted\KB23\KB23\N15_M01_F10_KB23_3.mat,rolling_element,rolling_element,0.067367,0.066979,0.368482,0.497172
data\paderborn\extracted\KB23\KB23\N15_M01_F10_KB23_3.mat,rolling_element,rolling_element,0.256307,0.302850,0.120482,0.320361
data\paderborn\extracted\KB23\KB23\N15_M01_F10_KB23_3.mat,rolling_element,inner_race,0.171239,0.390505,0.164265,0.273992
data\paderborn\extracted\KB23\KB23\N15_M01_F10_KB23_3.mat,rolling_element,rolling_element,0.182162,0.118096,0.236349,0.463393
data\paderborn\extracted\KB23\KB23\N15_M01_F10_KB23_3.mat,rolling_element,healthy,0.574861,0.027926,0.030274,0.366939
data\paderborn\extracted\KB23\KB23\N15_M01_F10_KB23_3.mat,rolling_element,inner_race,0.288415,0.395032,0.057808,0.258745
data\paderborn\extracted\KB23\KB23\N15_M01_F10_KB23_4.mat,rolling_element,healthy,0.651542,0.206027,0.002867,0.139564
data\paderborn\extracted\KB23\KB23\N15_M01_F10_KB23_4.mat,rolling_element,inner_race,0.345540,0.504639,0.012327,0.137494
data\paderborn\extracted\KB23\KB23\N15_M01_F10_KB23_4.mat,rolling_element,inner_race,0.112128,0.391313,0.247464,0.249095
data\paderborn\extracted\KB23\KB23\N15_M01_F10_KB23_4.mat,rolling_element,inner_race,0.232099,0.344929,0.125035,0.297937
data\paderborn\extracted\KB23\KB23\N15_M01_F10_KB23_4.mat,rolling_element,healthy,0.379651,0.316486,0.062103,0.241760
data\paderborn\extracted\KB23\KB23\N15_M01_F10_KB23_4.mat,rolling_element,healthy,0.406518,0.393652,0.009478,0.190352
data\paderborn\extracted\KB23\KB23\N15_M01_F10_KB23_4.mat,rolling_element,inner_race,0.273257,0.485429,0.050789,0.190525
data\paderborn\extracted\KB23\KB23\N15_M01_F10_KB23_4.mat,rolling_element,inner_race,0.243661,0.366160,0.101160,0.289019
data\paderborn\extracted\KB23\KB23\N15_M01_F10_KB23_5.mat,rolling_element,inner_race,0.215187,0.455034,0.085327,0.244451
data\paderborn\extracted\KB23\KB23\N15_M01_F10_KB23_5.mat,rolling_element,inner_race,0.254649,0.493220,0.024007,0.228125
data\paderborn\extracted\KB23\KB23\N15_M01_F10_KB23_5.mat,rolling_element,inner_race,0.229692,0.478330,0.088750,0.203229
data\paderborn\extracted\KB23\KB23\N15_M01_F10_KB23_5.mat,rolling_element,rolling_element,0.349064,0.174499,0.095328,0.381109
data\paderborn\extracted\KB23\KB23\N15_M01_F10_KB23_5.mat,rolling_element,outer_race,0.058579,0.274551,0.504960,0.161910
data\paderborn\extracted\KB23\KB23\N15_M01_F10_KB23_5.mat,rolling_element,inner_race,0.166726,0.563144,0.083022,0.187108
data\paderborn\extracted\KB23\KB23\N15_M01_F10_KB23_5.mat,rolling_element,healthy,0.551095,0.063664,0.005690,0.379551
data\paderborn\extracted\KB23\KB23\N15_M01_F10_KB23_5.mat,rolling_element,inner_race,0.260844,0.430583,0.023951,0.284622
data\paderborn\extracted\KB23\KB23\N15_M01_F10_KB23_6.mat,rolling_element,rolling_element,0.142834,0.148823,0.258346,0.449997
data\paderborn\extracted\KB23\KB23\N15_M01_F10_KB23_6.mat,rolling_element,healthy,0.446106,0.146960,0.069779,0.337155
data\paderborn\extracted\KB23\KB23\N15_M01_F10_KB23_6.mat,rolling_element,healthy,0.416112,0.279346,0.046322,0.258220
data\paderborn\extracted\KB23\KB23\N15_M01_F10_KB23_6.mat,rolling_element,healthy,0.428875,0.252433,0.031978,0.286714
data\paderborn\extracted\KB23\KB23\N15_M01_F10_KB23_6.mat,rolling_element,inner_race,0.173223,0.664619,0.042469,0.119689
data\paderborn\extracted\KB23\KB23\N15_M01_F10_KB23_6.mat,rolling_element,rolling_element,0.194830,0.287049,0.177553,0.340568
data\paderborn\extracted\KB23\KB23\N15_M01_F10_KB23_6.mat,rolling_element,rolling_element,0.427932,0.035864,0.025180,0.511024
data\paderborn\extracted\KB23\KB23\N15_M01_F10_KB23_6.mat,rolling_element,healthy,0.399231,0.222065,0.059155,0.319549
data\paderborn\extracted\KB23\KB23\N15_M01_F10_KB23_7.mat,rolling_element,inner_race,0.184830,0.663341,0.030410,0.121419
data\paderborn\extracted\KB23\KB23\N15_M01_F10_KB23_7.mat,rolling_element,rolling_element,0.329040,0.196911,0.093408,0.380641
data\paderborn\extracted\KB23\KB23\N15_M01_F10_KB23_7.mat,rolling_element,rolling_element,0.365803,0.016751,0.024967,0.592479
data\paderborn\extracted\KB23\KB23\N15_M01_F10_KB23_7.mat,rolling_element,healthy,0.480947,0.042162,0.030409,0.446482
data\paderborn\extracted\KB23\KB23\N15_M01_F10_KB23_7.mat,rolling_element,rolling_element,0.223611,0.236284,0.236237,0.303868
data\paderborn\extracted\KB23\KB23\N15_M01_F10_KB23_7.mat,rolling_element,inner_race,0.166665,0.404157,0.166246,0.262932
data\paderborn\extracted\KB23\KB23\N15_M01_F10_KB23_7.mat,rolling_element,inner_race,0.240114,0.422165,0.100591,0.237130
data\paderborn\extracted\KB23\KB23\N15_M01_F10_KB23_7.mat,rolling_element,rolling_element,0.342498,0.104821,0.200197,0.352484
data\paderborn\extracted\KB23\KB23\N15_M01_F10_KB23_8.mat,rolling_element,inner_race,0.202746,0.424798,0.143955,0.228501
data\paderborn\extracted\KB23\KB23\N15_M01_F10_KB23_8.mat,rolling_element,inner_race,0.227460,0.471906,0.076711,0.223923
data\paderborn\extracted\KB23\KB23\N15_M01_F10_KB23_8.mat,rolling_element,inner_race,0.403597,0.428724,0.022122,0.145557
data\paderborn\extracted\KB23\KB23\N15_M01_F10_KB23_8.mat,rolling_element,inner_race,0.178127,0.586773,0.091721,0.143379
data\paderborn\extracted\KB23\KB23\N15_M01_F10_KB23_8.mat,rolling_element,rolling_element,0.108478,0.245507,0.295944,0.350071
data\paderborn\extracted\KB23\KB23\N15_M01_F10_KB23_8.mat,rolling_element,inner_race,0.361445,0.398158,0.037627,0.202770
data\paderborn\extracted\KB23\KB23\N15_M01_F10_KB23_8.mat,rolling_element,inner_race,0.097527,0.361971,0.327763,0.212739
data\paderborn\extracted\KB23\KB23\N15_M01_F10_KB23_8.mat,rolling_element,rolling_element,0.157986,0.222587,0.191608,0.427818
data\paderborn\extracted\KB23\KB23\N15_M01_F10_KB23_9.mat,rolling_element,rolling_element,0.250735,0.194858,0.135905,0.418502
data\paderborn\extracted\KB23\KB23\N15_M01_F10_KB23_9.mat,rolling_element,healthy,0.338821,0.218868,0.105465,0.336846
data\paderborn\extracted\KB23\KB23\N15_M01_F10_KB23_9.mat,rolling_element,healthy,0.584814,0.096436,0.024577,0.294173
data\paderborn\extracted\KB23\KB23\N15_M01_F10_KB23_9.mat,rolling_element,rolling_element,0.249566,0.198099,0.089134,0.463201
data\paderborn\extracted\KB23\KB23\N15_M01_F10_KB23_9.mat,rolling_element,healthy,0.603701,0.098938,0.013482,0.283878
data\paderborn\extracted\KB23\KB23\N15_M01_F10_KB23_9.mat,rolling_element,healthy,0.542850,0.300505,0.009342,0.147303
data\paderborn\extracted\KB23\KB23\N15_M01_F10_KB23_9.mat,rolling_element,rolling_element,0.388655,0.063812,0.052025,0.495508
data\paderborn\extracted\KB23\KB23\N15_M01_F10_KB23_9.mat,rolling_element,rolling_element,0.320553,0.186679,0.089266,0.403503
data\paderborn\extracted\KB23\KB23\N15_M07_F04_KB23_1.mat,rolling_element,rolling_element,0.174165,0.074127,0.244831,0.506877
data\paderborn\extracted\KB23\KB23\N15_M07_F04_KB23_1.mat,rolling_element,rolling_element,0.164519,0.247347,0.290270,0.297864
data\paderborn\extracted\KB23\KB23\N15_M07_F04_KB23_1.mat,rolling_element,outer_race,0.129886,0.242652,0.423070,0.204393
data\paderborn\extracted\KB23\KB23\N15_M07_F04_KB23_1.mat,rolling_element,inner_race,0.182115,0.288429,0.254064,0.275392
data\paderborn\extracted\KB23\KB23\N15_M07_F04_KB23_1.mat,rolling_element,inner_race,0.257212,0.287354,0.185247,0.270187
data\paderborn\extracted\KB23\KB23\N15_M07_F04_KB23_1.mat,rolling_element,rolling_element,0.268055,0.126822,0.247119,0.358004
data\paderborn\extracted\KB23\KB23\N15_M07_F04_KB23_1.mat,rolling_element,rolling_element,0.208733,0.152259,0.228107,0.410902
data\paderborn\extracted\KB23\KB23\N15_M07_F04_KB23_1.mat,rolling_element,healthy,0.273269,0.271845,0.233823,0.221063
data\paderborn\extracted\KB23\KB23\N15_M07_F04_KB23_10.mat,rolling_element,rolling_element,0.092753,0.117582,0.366938,0.422727
data\paderborn\extracted\KB23\KB23\N15_M07_F04_KB23_10.mat,rolling_element,inner_race,0.272648,0.301428,0.172480,0.253443
data\paderborn\extracted\KB23\KB23\N15_M07_F04_KB23_10.mat,rolling_element,inner_race,0.216952,0.347884,0.233009,0.202155
data\paderborn\extracted\KB23\KB23\N15_M07_F04_KB23_10.mat,rolling_element,rolling_element,0.130981,0.239051,0.269429,0.360539
data\paderborn\extracted\KB23\KB23\N15_M07_F04_KB23_10.mat,rolling_element,outer_race,0.109230,0.320015,0.347856,0.222899
data\paderborn\extracted\KB23\KB23\N15_M07_F04_KB23_10.mat,rolling_element,rolling_element,0.301312,0.217904,0.157827,0.322958
data\paderborn\extracted\KB23\KB23\N15_M07_F04_KB23_10.mat,rolling_element,outer_race,0.172266,0.236740,0.344108,0.246885
data\paderborn\extracted\KB23\KB23\N15_M07_F04_KB23_10.mat,rolling_element,inner_race,0.349341,0.356056,0.098332,0.196271
data\paderborn\extracted\KB23\KB23\N15_M07_F04_KB23_11.mat,rolling_element,inner_race,0.205855,0.398415,0.183258,0.212472
data\paderborn\extracted\KB23\KB23\N15_M07_F04_KB23_11.mat,rolling_element,outer_race,0.145692,0.255023,0.304988,0.294298
data\paderborn\extracted\KB23\KB23\N15_M07_F04_KB23_11.mat,rolling_element,rolling_element,0.083484,0.206175,0.335563,0.374778
data\paderborn\extracted\KB23\KB23\N15_M07_F04_KB23_11.mat,rolling_element,outer_race,0.132246,0.228186,0.376791,0.262777
data\paderborn\extracted\KB23\KB23\N15_M07_F04_KB23_11.mat,rolling_element,rolling_element,0.232838,0.235529,0.211117,0.320516
data\paderborn\extracted\KB23\KB23\N15_M07_F04_KB23_11.mat,rolling_element,inner_race,0.147111,0.418435,0.220371,0.214084
data\paderborn\extracted\KB23\KB23\N15_M07_F04_KB23_11.mat,rolling_element,rolling_element,0.165017,0.220396,0.276010,0.338577
data\paderborn\extracted\KB23\KB23\N15_M07_F04_KB23_11.mat,rolling_element,rolling_element,0.098886,0.171330,0.325072,0.404712
data\paderborn\extracted\KB23\KB23\N15_M07_F04_KB23_12.mat,rolling_element,outer_race,0.145121,0.232061,0.323058,0.299760
data\paderborn\extracted\KB23\KB23\N15_M07_F04_KB23_12.mat,rolling_element,rolling_element,0.287910,0.112769,0.244440,0.354881
data\paderborn\extracted\KB23\KB23\N15_M07_F04_KB23_12.mat,rolling_element,outer_race,0.123088,0.168333,0.431970,0.276609
data\paderborn\extracted\KB23\KB23\N15_M07_F04_KB23_12.mat,rolling_element,inner_race,0.238105,0.301223,0.244205,0.216467
data\paderborn\extracted\KB23\KB23\N15_M07_F04_KB23_12.mat,rolling_element,rolling_element,0.287833,0.205024,0.208221,0.298922
data\paderborn\extracted\KB23\KB23\N15_M07_F04_KB23_12.mat,rolling_element,rolling_element,0.173077,0.127519,0.257370,0.442034
data\paderborn\extracted\KB23\KB23\N15_M07_F04_KB23_12.mat,rolling_element,outer_race,0.085166,0.179210,0.450020,0.285604
data\paderborn\extracted\KB23\KB23\N15_M07_F04_KB23_12.mat,rolling_element,healthy,0.331153,0.320960,0.110425,0.237462
data\paderborn\extracted\KB23\KB23\N15_M07_F04_KB23_13.mat,rolling_element,inner_race,0.169610,0.335036,0.287160,0.208194
data\paderborn\extracted\KB23\KB23\N15_M07_F04_KB23_13.mat,rolling_element,inner_race,0.190869,0.390339,0.199488,0.219304
data\paderborn\extracted\KB23\KB23\N15_M07_F04_KB23_13.mat,rolling_element,outer_race,0.061996,0.356991,0.366806,0.214207
data\paderborn\extracted\KB23\KB23\N15_M07_F04_KB23_13.mat,rolling_element,outer_race,0.096980,0.226119,0.392287,0.284614
data\paderborn\extracted\KB23\KB23\N15_M07_F04_KB23_13.mat,rolling_element,outer_race,0.026965,0.281159,0.556262,0.135615
data\paderborn\extracted\KB23\KB23\N15_M07_F04_KB23_13.mat,rolling_element,inner_race,0.178371,0.297546,0.262396,0.261687
data\paderborn\extracted\KB23\KB23\N15_M07_F04_KB23_13.mat,rolling_element,inner_race,0.191253,0.388002,0.235839,0.184906
data\paderborn\extracted\KB23\KB23\N15_M07_F04_KB23_13.mat,rolling_element,inner_race,0.051819,0.425334,0.382721,0.140126
data\paderborn\extracted\KB23\KB23\N15_M07_F04_KB23_14.mat,rolling_element,inner_race,0.226967,0.314237,0.225769,0.233028
data\paderborn\extracted\KB23\KB23\N15_M07_F04_KB23_14.mat,rolling_element,rolling_element,0.186625,0.118761,0.251451,0.443162
data\paderborn\extracted\KB23\KB23\N15_M07_F04_KB23_14.mat,rolling_element,inner_race,0.158557,0.324048,0.262831,0.254564
data\paderborn\extracted\KB23\KB23\N15_M07_F04_KB23_14.mat,rolling_element,rolling_element,0.234780,0.128025,0.263446,0.373749
data\paderborn\extracted\KB23\KB23\N15_M07_F04_KB23_14.mat,rolling_element,outer_race,0.134375,0.153566,0.367727,0.344333
data\paderborn\extracted\KB23\KB23\N15_M07_F04_KB23_14.mat,rolling_element,inner_race,0.241312,0.310452,0.176157,0.272079
data\paderborn\extracted\KB23\KB23\N15_M07_F04_KB23_14.mat,rolling_element,outer_race,0.136642,0.261935,0.361641,0.239782
data\paderborn\extracted\KB23\KB23\N15_M07_F04_KB23_14.mat,rolling_element,rolling_element,0.188348,0.178390,0.248167,0.385095
data\paderborn\extracted\KB23\KB23\N15_M07_F04_KB23_15.mat,rolling_element,healthy,0.278171,0.272931,0.176601,0.272298
data\paderborn\extracted\KB23\KB23\N15_M07_F04_KB23_15.mat,rolling_element,rolling_element,0.292826,0.193140,0.193910,0.320124
data\paderborn\extracted\KB23\KB23\N15_M07_F04_KB23_15.mat,rolling_element,outer_race,0.111273,0.113433,0.408426,0.366868
data\paderborn\extracted\KB23\KB23\N15_M07_F04_KB23_15.mat,rolling_element,outer_race,0.124303,0.281275,0.352934,0.241488
data\paderborn\extracted\KB23\KB23\N15_M07_F04_KB23_15.mat,rolling_element,inner_race,0.181788,0.326800,0.223729,0.267682
data\paderborn\extracted\KB23\KB23\N15_M07_F04_KB23_15.mat,rolling_element,rolling_element,0.242346,0.098537,0.236394,0.422724
data\paderborn\extracted\KB23\KB23\N15_M07_F04_KB23_15.mat,rolling_element,inner_race,0.147037,0.372719,0.298347,0.181896
data\paderborn\extracted\KB23\KB23\N15_M07_F04_KB23_15.mat,rolling_element,healthy,0.351457,0.258771,0.114531,0.275241
data\paderborn\extracted\KB23\KB23\N15_M07_F04_KB23_16.mat,rolling_element,inner_race,0.179561,0.346799,0.229330,0.244310
data\paderborn\extracted\KB23\KB23\N15_M07_F04_KB23_16.mat,rolling_element,outer_race,0.068426,0.279633,0.448927,0.203014
data\paderborn\extracted\KB23\KB23\N15_M07_F04_KB23_16.mat,rolling_element,inner_race,0.179896,0.524783,0.133449,0.161872
data\paderborn\extracted\KB23\KB23\N15_M07_F04_KB23_16.mat,rolling_element,inner_race,0.156335,0.353248,0.220156,0.270262
data\paderborn\extracted\KB23\KB23\N15_M07_F04_KB23_16.mat,rolling_element,outer_race,0.039487,0.274360,0.425774,0.260378
data\paderborn\extracted\KB23\KB23\N15_M07_F04_KB23_16.mat,rolling_element,inner_race,0.145443,0.373870,0.286905,0.193782
data\paderborn\extracted\KB23\KB23\N15_M07_F04_KB23_16.mat,rolling_element,inner_race,0.149783,0.483805,0.211335,0.155077
data\paderborn\extracted\KB23\KB23\N15_M07_F04_KB23_16.mat,rolling_element,outer_race,0.051460,0.361268,0.428590,0.158682
data\paderborn\extracted\KB23\KB23\N15_M07_F04_KB23_17.mat,rolling_element,inner_race,0.255474,0.444425,0.132260,0.167841
data\paderborn\extracted\KB23\KB23\N15_M07_F04_KB23_17.mat,rolling_element,inner_race,0.059818,0.458359,0.299267,0.182556
data\paderborn\extracted\KB23\KB23\N15_M07_F04_KB23_17.mat,rolling_element,rolling_element,0.157355,0.309606,0.221771,0.311268
data\paderborn\extracted\KB23\KB23\N15_M07_F04_KB23_17.mat,rolling_element,inner_race,0.132127,0.435092,0.235848,0.196933
data\paderborn\extracted\KB23\KB23\N15_M07_F04_KB23_17.mat,rolling_element,inner_race,0.351566,0.433000,0.063209,0.152225
data\paderborn\extracted\KB23\KB23\N15_M07_F04_KB23_17.mat,rolling_element,inner_race,0.231425,0.500442,0.125947,0.142187
data\paderborn\extracted\KB23\KB23\N15_M07_F04_KB23_17.mat,rolling_element,inner_race,0.065362,0.469729,0.306692,0.158217
data\paderborn\extracted\KB23\KB23\N15_M07_F04_KB23_17.mat,rolling_element,rolling_element,0.135795,0.250845,0.262962,0.350397
data\paderborn\extracted\KB23\KB23\N15_M07_F04_KB23_18.mat,rolling_element,inner_race,0.067521,0.388559,0.387923,0.155997
data\paderborn\extracted\KB23\KB23\N15_M07_F04_KB23_18.mat,rolling_element,inner_race,0.165487,0.517232,0.160382,0.156899
data\paderborn\extracted\KB23\KB23\N15_M07_F04_KB23_18.mat,rolling_element,inner_race,0.200458,0.485401,0.145032,0.169109
data\paderborn\extracted\KB23\KB23\N15_M07_F04_KB23_18.mat,rolling_element,outer_race,0.052441,0.347342,0.426388,0.173829
data\paderborn\extracted\KB23\KB23\N15_M07_F04_KB23_18.mat,rolling_element,inner_race,0.185198,0.312216,0.191566,0.311021
data\paderborn\extracted\KB23\KB23\N15_M07_F04_KB23_18.mat,rolling_element,inner_race,0.079289,0.488762,0.313196,0.118753
data\paderborn\extracted\KB23\KB23\N15_M07_F04_KB23_18.mat,rolling_element,outer_race,0.096634,0.298441,0.391347,0.213578
data\paderborn\extracted\KB23\KB23\N15_M07_F04_KB23_18.mat,rolling_element,inner_race,0.219930,0.367101,0.178006,0.234962
data\paderborn\extracted\KB23\KB23\N15_M07_F04_KB23_19.mat,rolling_element,inner_race,0.273149,0.367116,0.144885,0.214850
data\paderborn\extracted\KB23\KB23\N15_M07_F04_KB23_19.mat,rolling_element,outer_race,0.147626,0.244663,0.336950,0.270760
data\paderborn\extracted\KB23\KB23\N15_M07_F04_KB23_19.mat,rolling_element,rolling_element,0.185320,0.216142,0.295054,0.303483
data\paderborn\extracted\KB23\KB23\N15_M07_F04_KB23_19.mat,rolling_element,rolling_element,0.303952,0.166956,0.146178,0.382914
data\paderborn\extracted\KB23\KB23\N15_M07_F04_KB23_19.mat,rolling_element,rolling_element,0.154005,0.125627,0.336355,0.384013
data\paderborn\extracted\KB23\KB23\N15_M07_F04_KB23_19.mat,rolling_element,healthy,0.456801,0.145000,0.132365,0.265835
data\paderborn\extracted\KB23\KB23\N15_M07_F04_KB23_19.mat,rolling_element,healthy,0.369303,0.146910,0.142322,0.341464
data\paderborn\extracted\KB23\KB23\N15_M07_F04_KB23_19.mat,rolling_element,rolling_element,0.310818,0.174217,0.159090,0.355875
data\paderborn\extracted\KB23\KB23\N15_M07_F04_KB23_2.mat,rolling_element,inner_race,0.250203,0.280499,0.192050,0.277248
data\paderborn\extracted\KB23\KB23\N15_M07_F04_KB23_2.mat,rolling_element,outer_race,0.087518,0.196597,0.384747,0.331139
data\paderborn\extracted\KB23\KB23\N15_M07_F04_KB23_2.mat,rolling_element,healthy,0.409172,0.244031,0.046781,0.300016
data\paderborn\extracted\KB23\KB23\N15_M07_F04_KB23_2.mat,rolling_element,healthy,0.286678,0.233963,0.227001,0.252358
data\paderborn\extracted\KB23\KB23\N15_M07_F04_KB23_2.mat,rolling_element,rolling_element,0.274880,0.207807,0.213166,0.304148
data\paderborn\extracted\KB23\KB23\N15_M07_F04_KB23_2.mat,rolling_element,healthy,0.403063,0.231455,0.062539,0.302943
data\paderborn\extracted\KB23\KB23\N15_M07_F04_KB23_2.mat,rolling_element,rolling_element,0.186164,0.226942,0.183732,0.403161
data\paderborn\extracted\KB23\KB23\N15_M07_F04_KB23_2.mat,rolling_element,outer_race,0.122720,0.131964,0.374209,0.371107
data\paderborn\extracted\KB23\KB23\N15_M07_F04_KB23_20.mat,rolling_element,outer_race,0.127675,0.281833,0.389056,0.201436
data\paderborn\extracted\KB23\KB23\N15_M07_F04_KB23_20.mat,rolling_element,rolling_element,0.086931,0.264963,0.322032,0.326074
data\paderborn\extracted\KB23\KB23\N15_M07_F04_KB23_20.mat,rolling_element,inner_race,0.150267,0.293978,0.272317,0.283439
data\paderborn\extracted\KB23\KB23\N15_M07_F04_KB23_20.mat,rolling_element,outer_race,0.175006,0.277901,0.283694,0.263399
data\paderborn\extracted\KB23\KB23\N15_M07_F04_KB23_20.mat,rolling_element,inner_race,0.162420,0.343574,0.269606,0.224400
data\paderborn\extracted\KB23\KB23\N15_M07_F04_KB23_20.mat,rolling_element,inner_race,0.235253,0.374553,0.150957,0.239237
data\paderborn\extracted\KB23\KB23\N15_M07_F04_KB23_20.mat,rolling_element,rolling_element,0.231751,0.131223,0.254523,0.382503
data\paderborn\extracted\KB23\KB23\N15_M07_F04_KB23_20.mat,rolling_element,outer_race,0.116122,0.136241,0.429210,0.318427
data\paderborn\extracted\KB23\KB23\N15_M07_F04_KB23_3.mat,rolling_element,inner_race,0.081312,0.417843,0.370099,0.130746
data\paderborn\extracted\KB23\KB23\N15_M07_F04_KB23_3.mat,rolling_element,rolling_element,0.170445,0.170891,0.274497,0.384168
data\paderborn\extracted\KB23\KB23\N15_M07_F04_KB23_3.mat,rolling_element,outer_race,0.155109,0.253598,0.305037,0.286255
data\paderborn\extracted\KB23\KB23\N15_M07_F04_KB23_3.mat,rolling_element,inner_race,0.196372,0.378983,0.171707,0.252937
data\paderborn\extracted\KB23\KB23\N15_M07_F04_KB23_3.mat,rolling_element,outer_race,0.097812,0.249411,0.400694,0.252083
data\paderborn\extracted\KB23\KB23\N15_M07_F04_KB23_3.mat,rolling_element,inner_race,0.126554,0.519975,0.217989,0.135482
data\paderborn\extracted\KB23\KB23\N15_M07_F04_KB23_3.mat,rolling_element,inner_race,0.163501,0.320457,0.224871,0.291171
data\paderborn\extracted\KB23\KB23\N15_M07_F04_KB23_3.mat,rolling_element,rolling_element,0.065508,0.290968,0.258604,0.384919
data\paderborn\extracted\KB23\KB23\N15_M07_F04_KB23_4.mat,rolling_element,inner_race,0.118473,0.390685,0.265764,0.225078
data\paderborn\extracted\KB23\KB23\N15_M07_F04_KB23_4.mat,rolling_element,inner_race,0.199125,0.430600,0.209928,0.160347
data\paderborn\extracted\KB23\KB23\N15_M07_F04_KB23_4.mat,rolling_element,outer_race,0.126841,0.221879,0.406150,0.245130
data\paderborn\extracted\KB23\KB23\N15_M07_F04_KB23_4.mat,rolling_element,inner_race,0.048818,0.452607,0.370671,0.127904
data\paderborn\extracted\KB23\KB23\N15_M07_F04_KB23_4.mat,rolling_element,inner_race,0.106244,0.342721,0.311750,0.239286
data\paderborn\extracted\KB23\KB23\N15_M07_F04_KB23_4.mat,rolling_element,inner_race,0.095258,0.489004,0.242336,0.173402
data\paderborn\extracted\KB23\KB23\N15_M07_F04_KB23_4.mat,rolling_element,inner_race,0.139388,0.443485,0.282809,0.134318
data\paderborn\extracted\KB23\KB23\N15_M07_F04_KB23_4.mat,rolling_element,inner_race,0.230185,0.400240,0.167728,0.201847
data\paderborn\extracted\KB23\KB23\N15_M07_F04_KB23_5.mat,rolling_element,inner_race,0.298022,0.376285,0.056916,0.268778
data\paderborn\extracted\KB23\KB23\N15_M07_F04_KB23_5.mat,rolling_element,healthy,0.500987,0.030127,0.011484,0.457402
data\paderborn\extracted\KB23\KB23\N15_M07_F04_KB23_5.mat,rolling_element,healthy,0.469706,0.404902,0.008573,0.116818
data\paderborn\extracted\KB23\KB23\N15_M07_F04_KB23_5.mat,rolling_element,healthy,0.410462,0.312205,0.085582,0.191751
data\paderborn\extracted\KB23\KB23\N15_M07_F04_KB23_5.mat,rolling_element,healthy,0.697693,0.095891,0.007496,0.198919
data\paderborn\extracted\KB23\KB23\N15_M07_F04_KB23_5.mat,rolling_element,inner_race,0.227411,0.426897,0.088965,0.256727
data\paderborn\extracted\KB23\KB23\N15_M07_F04_KB23_5.mat,rolling_element,inner_race,0.121215,0.504053,0.198083,0.176649
data\paderborn\extracted\KB23\KB23\N15_M07_F04_KB23_5.mat,rolling_element,inner_race,0.322573,0.376362,0.076192,0.224874
data\paderborn\extracted\KB23\KB23\N15_M07_F04_KB23_6.mat,rolling_element,healthy,0.428747,0.279131,0.063800,0.228322
data\paderborn\extracted\KB23\KB23\N15_M07_F04_KB23_6.mat,rolling_element,healthy,0.352565,0.206727,0.111126,0.329582
data\paderborn\extracted\KB23\KB23\N15_M07_F04_KB23_6.mat,rolling_element,inner_race,0.265847,0.450965,0.113825,0.169363
data\paderborn\extracted\KB23\KB23\N15_M07_F04_KB23_6.mat,rolling_element,inner_race,0.314655,0.348824,0.072768,0.263753
data\paderborn\extracted\KB23\KB23\N15_M07_F04_KB23_6.mat,rolling_element,rolling_element,0.267784,0.228793,0.191296,0.312127
data\paderborn\extracted\KB23\KB23\N15_M07_F04_KB23_6.mat,rolling_element,rolling_element,0.170310,0.198886,0.307482,0.323321
data\paderborn\extracted\KB23\KB23\N15_M07_F04_KB23_6.mat,rolling_element,inner_race,0.224381,0.343882,0.215747,0.215990
data\paderborn\extracted\KB23\KB23\N15_M07_F04_KB23_6.mat,rolling_element,inner_race,0.164273,0.383678,0.256621,0.195428
data\paderborn\extracted\KB23\KB23\N15_M07_F04_KB23_7.mat,rolling_element,outer_race,0.166941,0.288716,0.299886,0.244458
data\paderborn\extracted\KB23\KB23\N15_M07_F04_KB23_7.mat,rolling_element,inner_race,0.124899,0.391990,0.270501,0.212611
data\paderborn\extracted\KB23\KB23\N15_M07_F04_KB23_7.mat,rolling_element,inner_race,0.171598,0.396886,0.253288,0.178228
data\paderborn\extracted\KB23\KB23\N15_M07_F04_KB23_7.mat,rolling_element,inner_race,0.167641,0.285862,0.283318,0.263179
data\paderborn\extracted\KB23\KB23\N15_M07_F04_KB23_7.mat,rolling_element,outer_race,0.070834,0.329533,0.387511,0.212123
data\paderborn\extracted\KB23\KB23\N15_M07_F04_KB23_7.mat,rolling_element,inner_race,0.242837,0.401332,0.122091,0.233740
data\paderborn\extracted\KB23\KB23\N15_M07_F04_KB23_7.mat,rolling_element,inner_race,0.121468,0.387773,0.320157,0.170602
data\paderborn\extracted\KB23\KB23\N15_M07_F04_KB23_7.mat,rolling_element,outer_race,0.163642,0.145645,0.407102,0.283611
data\paderborn\extracted\KB23\KB23\N15_M07_F04_KB23_8.mat,rolling_element,rolling_element,0.202796,0.133365,0.225720,0.438119
data\paderborn\extracted\KB23\KB23\N15_M07_F04_KB23_8.mat,rolling_element,rolling_element,0.130733,0.244106,0.301574,0.323586
data\paderborn\extracted\KB23\KB23\N15_M07_F04_KB23_8.mat,rolling_element,outer_race,0.066841,0.177239,0.514960,0.240960
data\paderborn\extracted\KB23\KB23\N15_M07_F04_KB23_8.mat,rolling_element,outer_race,0.139290,0.114897,0.416500,0.329313
data\paderborn\extracted\KB23\KB23\N15_M07_F04_KB23_8.mat,rolling_element,healthy,0.360563,0.225912,0.139384,0.274141
data\paderborn\extracted\KB23\KB23\N15_M07_F04_KB23_8.mat,rolling_element,rolling_element,0.192538,0.248403,0.254136,0.304924
data\paderborn\extracted\KB23\KB23\N15_M07_F04_KB23_8.mat,rolling_element,outer_race,0.047069,0.082387,0.585995,0.284549
data\paderborn\extracted\KB23\KB23\N15_M07_F04_KB23_8.mat,rolling_element,outer_race,0.139849,0.158130,0.357723,0.344298
data\paderborn\extracted\KB23\KB23\N15_M07_F04_KB23_9.mat,rolling_element,inner_race,0.140704,0.410702,0.268300,0.180294
data\paderborn\extracted\KB23\KB23\N15_M07_F04_KB23_9.mat,rolling_element,rolling_element,0.156314,0.243208,0.286572,0.313907
data\paderborn\extracted\KB23\KB23\N15_M07_F04_KB23_9.mat,rolling_element,rolling_element,0.167387,0.246686,0.143346,0.442581
data\paderborn\extracted\KB23\KB23\N15_M07_F04_KB23_9.mat,rolling_element,outer_race,0.093366,0.232123,0.424784,0.249727
data\paderborn\extracted\KB23\KB23\N15_M07_F04_KB23_9.mat,rolling_element,outer_race,0.057974,0.182379,0.518516,0.241131
data\paderborn\extracted\KB23\KB23\N15_M07_F04_KB23_9.mat,rolling_element,inner_race,0.162730,0.458299,0.214515,0.164457
data\paderborn\extracted\KB23\KB23\N15_M07_F04_KB23_9.mat,rolling_element,inner_race,0.228512,0.331651,0.175295,0.264541
data\paderborn\extracted\KB23\KB23\N15_M07_F04_KB23_9.mat,rolling_element,rolling_element,0.090419,0.252786,0.283668,0.373127
data\paderborn\extracted\KB23\KB23\N15_M07_F10_KB23_1.mat,rolling_element,outer_race,0.108972,0.170158,0.365618,0.355252
data\paderborn\extracted\KB23\KB23\N15_M07_F10_KB23_1.mat,rolling_element,inner_race,0.181366,0.302503,0.223717,0.292413
data\paderborn\extracted\KB23\KB23\N15_M07_F10_KB23_1.mat,rolling_element,inner_race,0.194758,0.395404,0.224989,0.184849
data\paderborn\extracted\KB23\KB23\N15_M07_F10_KB23_1.mat,rolling_element,rolling_element,0.256999,0.272866,0.188888,0.281246
data\paderborn\extracted\KB23\KB23\N15_M07_F10_KB23_1.mat,rolling_element,outer_race,0.152513,0.270441,0.318681,0.258364
data\paderborn\extracted\KB23\KB23\N15_M07_F10_KB23_1.mat,rolling_element,inner_race,0.079497,0.319979,0.301277,0.299247
data\paderborn\extracted\KB23\KB23\N15_M07_F10_KB23_1.mat,rolling_element,inner_race,0.188821,0.351696,0.188039,0.271445
data\paderborn\extracted\KB23\KB23\N15_M07_F10_KB23_1.mat,rolling_element,inner_race,0.274516,0.440300,0.094458,0.190726
data\paderborn\extracted\KB23\KB23\N15_M07_F10_KB23_10.mat,rolling_element,outer_race,0.122040,0.179281,0.389628,0.309051
data\paderborn\extracted\KB23\KB23\N15_M07_F10_KB23_10.mat,rolling_element,rolling_element,0.174259,0.181391,0.254844,0.389506
data\paderborn\extracted\KB23\KB23\N15_M07_F10_KB23_10.mat,rolling_element,outer_race,0.136702,0.226919,0.369679,0.266701
data\paderborn\extracted\KB23\KB23\N15_M07_F10_KB23_10.mat,rolling_element,inner_race,0.160578,0.339378,0.263597,0.236446
data\paderborn\extracted\KB23\KB23\N15_M07_F10_KB23_10.mat,rolling_element,rolling_element,0.188025,0.197955,0.249251,0.364770
data\paderborn\extracted\KB23\KB23\N15_M07_F10_KB23_10.mat,rolling_element,rolling_element,0.169127,0.187127,0.269838,0.373907
data\paderborn\extracted\KB23\KB23\N15_M07_F10_KB23_10.mat,rolling_element,outer_race,0.122598,0.230144,0.376465,0.270792
data\paderborn\extracted\KB23\KB23\N15_M07_F10_KB23_10.mat,rolling_element,rolling_element,0.191531,0.053365,0.256201,0.498902
data\paderborn\extracted\KB23\KB23\N15_M07_F10_KB23_11.mat,rolling_element,inner_race,0.128720,0.349171,0.275577,0.246531
data\paderborn\extracted\KB23\KB23\N15_M07_F10_KB23_11.mat,rolling_element,outer_race,0.110514,0.248472,0.392532,0.248482
data\paderborn\extracted\KB23\KB23\N15_M07_F10_KB23_11.mat,rolling_element,outer_race,0.049209,0.275856,0.460135,0.214799
data\paderborn\extracted\KB23\KB23\N15_M07_F10_KB23_11.mat,rolling_element,inner_race,0.171293,0.338668,0.234324,0.255715
data\paderborn\extracted\KB23\KB23\N15_M07_F10_KB23_11.mat,rolling_element,inner_race,0.153532,0.344052,0.254465,0.247950
data\paderborn\extracted\KB23\KB23\N15_M07_F10_KB23_11.mat,rolling_element,outer_race,0.068541,0.144530,0.468890,0.318039
data\paderborn\extracted\KB23\KB23\N15_M07_F10_KB23_11.mat,rolling_element,rolling_element,0.209915,0.212563,0.207884,0.369638
data\paderborn\extracted\KB23\KB23\N15_M07_F10_KB23_11.mat,rolling_element,rolling_element,0.143885,0.210491,0.294232,0.351393
data\paderborn\extracted\KB23\KB23\N15_M07_F10_KB23_12.mat,rolling_element,inner_race,0.240010,0.437367,0.174355,0.148268
data\paderborn\extracted\KB23\KB23\N15_M07_F10_KB23_12.mat,rolling_element,outer_race,0.164641,0.282716,0.314762,0.237881
data\paderborn\extracted\KB23\KB23\N15_M07_F10_KB23_12.mat,rolling_element,inner_race,0.126978,0.405504,0.248176,0.219342
data\paderborn\extracted\KB23\KB23\N15_M07_F10_KB23_12.mat,rolling_element,outer_race,0.132740,0.196835,0.339102,0.331322
data\paderborn\extracted\KB23\KB23\N15_M07_F10_KB23_12.mat,rolling_element,rolling_element,0.181632,0.168574,0.311298,0.338497
data\paderborn\extracted\KB23\KB23\N15_M07_F10_KB23_12.mat,rolling_element,inner_race,0.360298,0.460051,0.051646,0.128005
data\paderborn\extracted\KB23\KB23\N15_M07_F10_KB23_12.mat,rolling_element,inner_race,0.134517,0.340421,0.328193,0.196869
data\paderborn\extracted\KB23\KB23\N15_M07_F10_KB23_12.mat,rolling_element,inner_race,0.096521,0.383235,0.256065,0.264179
data\paderborn\extracted\KB23\KB23\N15_M07_F10_KB23_13.mat,rolling_element,healthy,0.462547,0.071598,0.101676,0.364179
data\paderborn\extracted\KB23\KB23\N15_M07_F10_KB23_13.mat,rolling_element,rolling_element,0.313446,0.106792,0.196393,0.383369
data\paderborn\extracted\KB23\KB23\N15_M07_F10_KB23_13.mat,rolling_element,rolling_element,0.155896,0.175114,0.266963,0.402026
data\paderborn\extracted\KB23\KB23\N15_M07_F10_KB23_13.mat,rolling_element,healthy,0.444258,0.046194,0.138487,0.371061
data\paderborn\extracted\KB23\KB23\N15_M07_F10_KB23_13.mat,rolling_element,rolling_element,0.290076,0.186525,0.172370,0.351030
data\paderborn\extracted\KB23\KB23\N15_M07_F10_KB23_13.mat,rolling_element,healthy,0.438351,0.205565,0.111034,0.245050
data\paderborn\extracted\KB23\KB23\N15_M07_F10_KB23_13.mat,rolling_element,rolling_element,0.259814,0.233213,0.166693,0.340281
data\paderborn\extracted\KB23\KB23\N15_M07_F10_KB23_13.mat,rolling_element,rolling_element,0.152311,0.156799,0.285361,0.405528
data\paderborn\extracted\KB23\KB23\N15_M07_F10_KB23_14.mat,rolling_element,outer_race,0.137904,0.289050,0.335905,0.237141
data\paderborn\extracted\KB23\KB23\N15_M07_F10_KB23_14.mat,rolling_element,outer_race,0.158810,0.161500,0.370781,0.308910
data\paderborn\extracted\KB23\KB23\N15_M07_F10_KB23_14.mat,rolling_element,outer_race,0.198165,0.265094,0.281441,0.255300
data\paderborn\extracted\KB23\KB23\N15_M07_F10_KB23_14.mat,rolling_element,outer_race,0.080103,0.267927,0.449716,0.202254
data\paderborn\extracted\KB23\KB23\N15_M07_F10_KB23_14.mat,rolling_element,outer_race,0.107657,0.105955,0.468110,0.318278
data\paderborn\extracted\KB23\KB23\N15_M07_F10_KB23_14.mat,rolling_element,inner_race,0.271107,0.347713,0.140913,0.240268
data\paderborn\extracted\KB23\KB23\N15_M07_F10_KB23_14.mat,rolling_element,inner_race,0.165994,0.409090,0.222543,0.202373
data\paderborn\extracted\KB23\KB23\N15_M07_F10_KB23_14.mat,rolling_element,inner_race,0.039388,0.429520,0.426023,0.105070
data\paderborn\extracted\KB23\KB23\N15_M07_F10_KB23_15.mat,rolling_element,inner_race,0.227264,0.393342,0.181790,0.197605
data\paderborn\extracted\KB23\KB23\N15_M07_F10_KB23_15.mat,rolling_element,inner_race,0.173278,0.399950,0.258990,0.167782
data\paderborn\extracted\KB23\KB23\N15_M07_F10_KB23_15.mat,rolling_element,outer_race,0.064072,0.286431,0.370323,0.279174
data\paderborn\extracted\KB23\KB23\N15_M07_F10_KB23_15.mat,rolling_element,inner_race,0.169561,0.326765,0.227907,0.275767
data\paderborn\extracted\KB23\KB23\N15_M07_F10_KB23_15.mat,rolling_element,outer_race,0.189723,0.168837,0.328989,0.312451
data\paderborn\extracted\KB23\KB23\N15_M07_F10_KB23_15.mat,rolling_element,outer_race,0.168911,0.223385,0.338590,0.269114
data\paderborn\extracted\KB23\KB23\N15_M07_F10_KB23_15.mat,rolling_element,inner_race,0.231073,0.398577,0.206939,0.163412
data\paderborn\extracted\KB23\KB23\N15_M07_F10_KB23_15.mat,rolling_element,inner_race,0.081513,0.363855,0.357695,0.196937
data\paderborn\extracted\KB23\KB23\N15_M07_F10_KB23_16.mat,rolling_element,outer_race,0.034736,0.344314,0.443778,0.177173
data\paderborn\extracted\KB23\KB23\N15_M07_F10_KB23_16.mat,rolling_element,inner_race,0.217717,0.423336,0.174294,0.184653
data\paderborn\extracted\KB23\KB23\N15_M07_F10_KB23_16.mat,rolling_element,inner_race,0.174172,0.373852,0.247497,0.204479
data\paderborn\extracted\KB23\KB23\N15_M07_F10_KB23_16.mat,rolling_element,outer_race,0.065925,0.303706,0.423767,0.206601
data\paderborn\extracted\KB23\KB23\N15_M07_F10_KB23_16.mat,rolling_element,outer_race,0.120891,0.264473,0.337776,0.276860
data\paderborn\extracted\KB23\KB23\N15_M07_F10_KB23_16.mat,rolling_element,outer_race,0.092121,0.297355,0.371268,0.239256
data\paderborn\extracted\KB23\KB23\N15_M07_F10_KB23_16.mat,rolling_element,outer_race,0.156427,0.223550,0.327836,0.292187
data\paderborn\extracted\KB23\KB23\N15_M07_F10_KB23_16.mat,rolling_element,inner_race,0.160339,0.385469,0.264506,0.189686
data\paderborn\extracted\KB23\KB23\N15_M07_F10_KB23_17.mat,rolling_element,rolling_element,0.321254,0.135517,0.193585,0.349644
data\paderborn\extracted\KB23\KB23\N15_M07_F10_KB23_17.mat,rolling_element,rolling_element,0.094271,0.114733,0.390308,0.400688
data\paderborn\extracted\KB23\KB23\N15_M07_F10_KB23_17.mat,rolling_element,outer_race,0.171106,0.171906,0.356248,0.300739
data\paderborn\extracted\KB23\KB23\N15_M07_F10_KB23_17.mat,rolling_element,inner_race,0.152896,0.357314,0.272851,0.216939
data\paderborn\extracted\KB23\KB23\N15_M07_F10_KB23_17.mat,rolling_element,rolling_element,0.243581,0.136679,0.262012,0.357727
data\paderborn\extracted\KB23\KB23\N15_M07_F10_KB23_17.mat,rolling_element,rolling_element,0.284385,0.128257,0.188261,0.399097
data\paderborn\extracted\KB23\KB23\N15_M07_F10_KB23_17.mat,rolling_element,rolling_element,0.217113,0.107677,0.181189,0.494020
data\paderborn\extracted\KB23\KB23\N15_M07_F10_KB23_17.mat,rolling_element,healthy,0.657884,0.011781,0.022908,0.307427
data\paderborn\extracted\KB23\KB23\N15_M07_F10_KB23_18.mat,rolling_element,rolling_element,0.248598,0.204219,0.217898,0.329285
data\paderborn\extracted\KB23\KB23\N15_M07_F10_KB23_18.mat,rolling_element,healthy,0.327405,0.280987,0.126514,0.265094
data\paderborn\extracted\KB23\KB23\N15_M07_F10_KB23_18.mat,rolling_element,rolling_element,0.161932,0.168122,0.331237,0.338709
data\paderborn\extracted\KB23\KB23\N15_M07_F10_KB23_18.mat,rolling_element,rolling_element,0.159852,0.078591,0.264151,0.497405
data\paderborn\extracted\KB23\KB23\N15_M07_F10_KB23_18.mat,rolling_element,healthy,0.599184,0.054732,0.057499,0.288585
data\paderborn\extracted\KB23\KB23\N15_M07_F10_KB23_18.mat,rolling_element,healthy,0.327553,0.185807,0.185936,0.300704
data\paderborn\extracted\KB23\KB23\N15_M07_F10_KB23_18.mat,rolling_element,rolling_element,0.271393,0.097976,0.222476,0.408155
data\paderborn\extracted\KB23\KB23\N15_M07_F10_KB23_18.mat,rolling_element,rolling_element,0.267292,0.076852,0.137863,0.517993
data\paderborn\extracted\KB23\KB23\N15_M07_F10_KB23_19.mat,rolling_element,outer_race,0.104050,0.343731,0.406402,0.145818
data\paderborn\extracted\KB23\KB23\N15_M07_F10_KB23_19.mat,rolling_element,outer_race,0.066371,0.145139,0.505958,0.282532
data\paderborn\extracted\KB23\KB23\N15_M07_F10_KB23_19.mat,rolling_element,outer_race,0.116960,0.298819,0.338390,0.245831
data\paderborn\extracted\KB23\KB23\N15_M07_F10_KB23_19.mat,rolling_element,outer_race,0.061587,0.358021,0.397907,0.182485
data\paderborn\extracted\KB23\KB23\N15_M07_F10_KB23_19.mat,rolling_element,outer_race,0.187300,0.225892,0.303166,0.283642
data\paderborn\extracted\KB23\KB23\N15_M07_F10_KB23_19.mat,rolling_element,inner_race,0.258513,0.420743,0.142263,0.178481
data\paderborn\extracted\KB23\KB23\N15_M07_F10_KB23_19.mat,rolling_element,outer_race,0.042593,0.365809,0.434098,0.157500
data\paderborn\extracted\KB23\KB23\N15_M07_F10_KB23_19.mat,rolling_element,outer_race,0.117960,0.258737,0.346671,0.276632
data\paderborn\extracted\KB23\KB23\N15_M07_F10_KB23_2.mat,rolling_element,outer_race,0.171059,0.247774,0.321088,0.260080
data\paderborn\extracted\KB23\KB23\N15_M07_F10_KB23_2.mat,rolling_element,healthy,0.494578,0.119499,0.037184,0.348739
data\paderborn\extracted\KB23\KB23\N15_M07_F10_KB23_2.mat,rolling_element,rolling_element,0.287609,0.103421,0.089667,0.519303
data\paderborn\extracted\KB23\KB23\N15_M07_F10_KB23_2.mat,rolling_element,inner_race,0.271724,0.284314,0.161495,0.282467
data\paderborn\extracted\KB23\KB23\N15_M07_F10_KB23_2.mat,rolling_element,healthy,0.422694,0.368389,0.060035,0.148882
data\paderborn\extracted\KB23\KB23\N15_M07_F10_KB23_2.mat,rolling_element,outer_race,0.159290,0.208047,0.346263,0.286401
data\paderborn\extracted\KB23\KB23\N15_M07_F10_KB23_2.mat,rolling_element,rolling_element,0.164931,0.238351,0.278820,0.317898
data\paderborn\extracted\KB23\KB23\N15_M07_F10_KB23_2.mat,rolling_element,rolling_element,0.305008,0.225297,0.146318,0.323377
data\paderborn\extracted\KB23\KB23\N15_M07_F10_KB23_20.mat,rolling_element,inner_race,0.217995,0.345172,0.219352,0.217481
data\paderborn\extracted\KB23\KB23\N15_M07_F10_KB23_20.mat,rolling_element,inner_race,0.270114,0.321470,0.138598,0.269818
data\paderborn\extracted\KB23\KB23\N15_M07_F10_KB23_20.mat,rolling_element,inner_race,0.126968,0.305658,0.284597,0.282776
data\paderborn\extracted\KB23\KB23\N15_M07_F10_KB23_20.mat,rolling_element,outer_race,0.098133,0.245643,0.423652,0.232572
data\paderborn\extracted\KB23\KB23\N15_M07_F10_KB23_20.mat,rolling_element,inner_race,0.129473,0.476988,0.204503,0.189036
data\paderborn\extracted\KB23\KB23\N15_M07_F10_KB23_20.mat,rolling_element,outer_race,0.172561,0.258354,0.325634,0.243451
data\paderborn\extracted\KB23\KB23\N15_M07_F10_KB23_20.mat,rolling_element,rolling_element,0.273550,0.242436,0.147117,0.336897
data\paderborn\extracted\KB23\KB23\N15_M07_F10_KB23_20.mat,rolling_element,rolling_element,0.251944,0.060416,0.177093,0.510546
data\paderborn\extracted\KB23\KB23\N15_M07_F10_KB23_3.mat,rolling_element,rolling_element,0.198580,0.239379,0.240285,0.321756
data\paderborn\extracted\KB23\KB23\N15_M07_F10_KB23_3.mat,rolling_element,rolling_element,0.374019,0.066497,0.180900,0.378585
data\paderborn\extracted\KB23\KB23\N15_M07_F10_KB23_3.mat,rolling_element,rolling_element,0.222985,0.269175,0.211135,0.296705
data\paderborn\extracted\KB23\KB23\N15_M07_F10_KB23_3.mat,rolling_element,healthy,0.284332,0.266434,0.192118,0.257115
data\paderborn\extracted\KB23\KB23\N15_M07_F10_KB23_3.mat,rolling_element,rolling_element,0.281409,0.071720,0.152045,0.494827
data\paderborn\extracted\KB23\KB23\N15_M07_F10_KB23_3.mat,rolling_element,rolling_element,0.156691,0.109469,0.303730,0.430110
data\paderborn\extracted\KB23\KB23\N15_M07_F10_KB23_3.mat,rolling_element,healthy,0.436928,0.085480,0.141095,0.336497
data\paderborn\extracted\KB23\KB23\N15_M07_F10_KB23_3.mat,rolling_element,inner_race,0.244382,0.280996,0.207861,0.266760
data\paderborn\extracted\KB23\KB23\N15_M07_F10_KB23_4.mat,rolling_element,outer_race,0.119550,0.202600,0.417840,0.260010
data\paderborn\extracted\KB23\KB23\N15_M07_F10_KB23_4.mat,rolling_element,outer_race,0.105925,0.323009,0.345853,0.225214
data\paderborn\extracted\KB23\KB23\N15_M07_F10_KB23_4.mat,rolling_element,outer_race,0.134216,0.246477,0.342668,0.276639
data\paderborn\extracted\KB23\KB23\N15_M07_F10_KB23_4.mat,rolling_element,rolling_element,0.168951,0.112122,0.274924,0.444003
data\paderborn\extracted\KB23\KB23\N15_M07_F10_KB23_4.mat,rolling_element,inner_race,0.236323,0.396732,0.141617,0.225328
data\paderborn\extracted\KB23\KB23\N15_M07_F10_KB23_4.mat,rolling_element,inner_race,0.207114,0.327003,0.219563,0.246320
data\paderborn\extracted\KB23\KB23\N15_M07_F10_KB23_4.mat,rolling_element,inner_race,0.080715,0.442188,0.227124,0.249973
data\paderborn\extracted\KB23\KB23\N15_M07_F10_KB23_4.mat,rolling_element,rolling_element,0.244740,0.307026,0.112732,0.335501
data\paderborn\extracted\KB23\KB23\N15_M07_F10_KB23_5.mat,rolling_element,rolling_element,0.298533,0.089761,0.196138,0.415568
data\paderborn\extracted\KB23\KB23\N15_M07_F10_KB23_5.mat,rolling_element,healthy,0.457606,0.056997,0.099106,0.386291
data\paderborn\extracted\KB23\KB23\N15_M07_F10_KB23_5.mat,rolling_element,rolling_element,0.273994,0.206628,0.148057,0.371321
data\paderborn\extracted\KB23\KB23\N15_M07_F10_KB23_5.mat,rolling_element,rolling_element,0.396332,0.054704,0.113987,0.434977
data\paderborn\extracted\KB23\KB23\N15_M07_F10_KB23_5.mat,rolling_element,healthy,0.430290,0.066516,0.113011,0.390183
data\paderborn\extracted\KB23\KB23\N15_M07_F10_KB23_5.mat,rolling_element,rolling_element,0.261746,0.232101,0.190725,0.315428
data\paderborn\extracted\KB23\KB23\N15_M07_F10_KB23_5.mat,rolling_element,healthy,0.725102,0.023370,0.032473,0.219055
data\paderborn\extracted\KB23\KB23\N15_M07_F10_KB23_5.mat,rolling_element,rolling_element,0.264839,0.139964,0.218361,0.376836
data\paderborn\extracted\KB23\KB23\N15_M07_F10_KB23_6.mat,rolling_element,rolling_element,0.207958,0.168531,0.287129,0.336382
data\paderborn\extracted\KB23\KB23\N15_M07_F10_KB23_6.mat,rolling_element,rolling_element,0.216928,0.164578,0.280913,0.337581
data\paderborn\extracted\KB23\KB23\N15_M07_F10_KB23_6.mat,rolling_element,rolling_element,0.183742,0.101855,0.293803,0.420600
data\paderborn\extracted\KB23\KB23\N15_M07_F10_KB23_6.mat,rolling_element,rolling_element,0.347126,0.077887,0.141616,0.433371
data\paderborn\extracted\KB23\KB23\N15_M07_F10_KB23_6.mat,rolling_element,rolling_element,0.198377,0.111430,0.274291,0.415901
data\paderborn\extracted\KB23\KB23\N15_M07_F10_KB23_6.mat,rolling_element,rolling_element,0.169417,0.115391,0.259252,0.455940
data\paderborn\extracted\KB23\KB23\N15_M07_F10_KB23_6.mat,rolling_element,inner_race,0.225295,0.286363,0.243552,0.244790
data\paderborn\extracted\KB23\KB23\N15_M07_F10_KB23_6.mat,rolling_element,rolling_element,0.266757,0.210195,0.199229,0.323819
data\paderborn\extracted\KB23\KB23\N15_M07_F10_KB23_7.mat,rolling_element,inner_race,0.253272,0.348925,0.196107,0.201696
data\paderborn\extracted\KB23\KB23\N15_M07_F10_KB23_7.mat,rolling_element,rolling_element,0.225226,0.242384,0.220789,0.311601
data\paderborn\extracted\KB23\KB23\N15_M07_F10_KB23_7.mat,rolling_element,outer_race,0.161759,0.276992,0.303001,0.258248
data\paderborn\extracted\KB23\KB23\N15_M07_F10_KB23_7.mat,rolling_element,outer_race,0.139569,0.279897,0.305265,0.275270
data\paderborn\extracted\KB23\KB23\N15_M07_F10_KB23_7.mat,rolling_element,outer_race,0.095771,0.304300,0.388134,0.211795
data\paderborn\extracted\KB23\KB23\N15_M07_F10_KB23_7.mat,rolling_element,outer_race,0.135701,0.335544,0.382996,0.145759
data\paderborn\extracted\KB23\KB23\N15_M07_F10_KB23_7.mat,rolling_element,outer_race,0.143947,0.175031,0.356600,0.324423
data\paderborn\extracted\KB23\KB23\N15_M07_F10_KB23_7.mat,rolling_element,rolling_element,0.169319,0.140327,0.235691,0.454663
data\paderborn\extracted\KB23\KB23\N15_M07_F10_KB23_8.mat,rolling_element,outer_race,0.132314,0.110286,0.384786,0.372614
data\paderborn\extracted\KB23\KB23\N15_M07_F10_KB23_8.mat,rolling_element,rolling_element,0.325876,0.091013,0.171726,0.411385
data\paderborn\extracted\KB23\KB23\N15_M07_F10_KB23_8.mat,rolling_element,rolling_element,0.302816,0.168628,0.200013,0.328543
data\paderborn\extracted\KB23\KB23\N15_M07_F10_KB23_8.mat,rolling_element,outer_race,0.209495,0.253266,0.308141,0.229099
data\paderborn\extracted\KB23\KB23\N15_M07_F10_KB23_8.mat,rolling_element,healthy,0.547805,0.030597,0.027978,0.393621
data\paderborn\extracted\KB23\KB23\N15_M07_F10_KB23_8.mat,rolling_element,rolling_element,0.133343,0.066502,0.369419,0.430735
data\paderborn\extracted\KB23\KB23\N15_M07_F10_KB23_8.mat,rolling_element,healthy,0.604747,0.043009,0.056528,0.295716
data\paderborn\extracted\KB23\KB23\N15_M07_F10_KB23_8.mat,rolling_element,healthy,0.388131,0.290103,0.091362,0.230404
data\paderborn\extracted\KB23\KB23\N15_M07_F10_KB23_9.mat,rolling_element,outer_race,0.120273,0.252491,0.357781,0.269454
data\paderborn\extracted\KB23\KB23\N15_M07_F10_KB23_9.mat,rolling_element,inner_race,0.147507,0.337942,0.258144,0.256407
data\paderborn\extracted\KB23\KB23\N15_M07_F10_KB23_9.mat,rolling_element,inner_race,0.138406,0.461112,0.175854,0.224628
data\paderborn\extracted\KB23\KB23\N15_M07_F10_KB23_9.mat,rolling_element,inner_race,0.223464,0.283955,0.234903,0.257677
data\paderborn\extracted\KB23\KB23\N15_M07_F10_KB23_9.mat,rolling_element,outer_race,0.182958,0.232424,0.303213,0.281405
data\paderborn\extracted\KB23\KB23\N15_M07_F10_KB23_9.mat,rolling_element,rolling_element,0.100178,0.287381,0.287292,0.325149
data\paderborn\extracted\KB23\KB23\N15_M07_F10_KB23_9.mat,rolling_element,outer_race,0.111302,0.266669,0.383359,0.238670
data\paderborn\extracted\KB23\KB23\N15_M07_F10_KB23_9.mat,rolling_element,inner_race,0.185186,0.426412,0.174939,0.213463
data\paderborn\extracted\KI01\KI01\N09_M07_F10_KI01_1.mat,inner_race,healthy,0.317542,0.294515,0.157098,0.230845
data\paderborn\extracted\KI01\KI01\N09_M07_F10_KI01_1.mat,inner_race,outer_race,0.177401,0.282574,0.354471,0.185555
data\paderborn\extracted\KI01\KI01\N09_M07_F10_KI01_1.mat,inner_race,inner_race,0.239929,0.294768,0.202065,0.263238
data\paderborn\extracted\KI01\KI01\N09_M07_F10_KI01_1.mat,inner_race,healthy,0.455705,0.159857,0.154493,0.229945
data\paderborn\extracted\KI01\KI01\N09_M07_F10_KI01_1.mat,inner_race,outer_race,0.199699,0.268400,0.361733,0.170167
data\paderborn\extracted\KI01\KI01\N09_M07_F10_KI01_1.mat,inner_race,rolling_element,0.172033,0.189313,0.318058,0.320596
data\paderborn\extracted\KI01\KI01\N09_M07_F10_KI01_1.mat,inner_race,healthy,0.355869,0.347815,0.085379,0.210937
data\paderborn\extracted\KI01\KI01\N09_M07_F10_KI01_1.mat,inner_race,healthy,0.319356,0.299156,0.221446,0.160041
data\paderborn\extracted\KI01\KI01\N09_M07_F10_KI01_10.mat,inner_race,inner_race,0.244442,0.344888,0.133242,0.277428
data\paderborn\extracted\KI01\KI01\N09_M07_F10_KI01_10.mat,inner_race,inner_race,0.284635,0.330512,0.239089,0.145764
data\paderborn\extracted\KI01\KI01\N09_M07_F10_KI01_10.mat,inner_race,healthy,0.466359,0.274340,0.092504,0.166797
data\paderborn\extracted\KI01\KI01\N09_M07_F10_KI01_10.mat,inner_race,healthy,0.423090,0.273400,0.098970,0.204540
data\paderborn\extracted\KI01\KI01\N09_M07_F10_KI01_10.mat,inner_race,healthy,0.296791,0.288259,0.235330,0.179620
data\paderborn\extracted\KI01\KI01\N09_M07_F10_KI01_10.mat,inner_race,rolling_element,0.274504,0.131688,0.241067,0.352742
data\paderborn\extracted\KI01\KI01\N09_M07_F10_KI01_10.mat,inner_race,healthy,0.362458,0.329301,0.078009,0.230232
data\paderborn\extracted\KI01\KI01\N09_M07_F10_KI01_10.mat,inner_race,healthy,0.521068,0.317050,0.055911,0.105971
data\paderborn\extracted\KI01\KI01\N09_M07_F10_KI01_11.mat,inner_race,healthy,0.403130,0.316426,0.161814,0.118629
data\paderborn\extracted\KI01\KI01\N09_M07_F10_KI01_11.mat,inner_race,healthy,0.349509,0.285768,0.166081,0.198642
data\paderborn\extracted\KI01\KI01\N09_M07_F10_KI01_11.mat,inner_race,healthy,0.306311,0.297784,0.119731,0.276174
data\paderborn\extracted\KI01\KI01\N09_M07_F10_KI01_11.mat,inner_race,healthy,0.490208,0.306623,0.056434,0.146736
data\paderborn\extracted\KI01\KI01\N09_M07_F10_KI01_11.mat,inner_race,outer_race,0.162317,0.294052,0.365482,0.178149
data\paderborn\extracted\KI01\KI01\N09_M07_F10_KI01_11.mat,inner_race,healthy,0.446911,0.275057,0.128524,0.149507
data\paderborn\extracted\KI01\KI01\N09_M07_F10_KI01_11.mat,inner_race,outer_race,0.223446,0.266237,0.302675,0.207641
data\paderborn\extracted\KI01\KI01\N09_M07_F10_KI01_11.mat,inner_race,outer_race,0.225357,0.298683,0.314203,0.161758
data\paderborn\extracted\KI01\KI01\N09_M07_F10_KI01_12.mat,inner_race,healthy,0.492762,0.161292,0.150765,0.195181
data\paderborn\extracted\KI01\KI01\N09_M07_F10_KI01_12.mat,inner_race,outer_race,0.300723,0.263062,0.305799,0.130417
data\paderborn\extracted\KI01\KI01\N09_M07_F10_KI01_12.mat,inner_race,outer_race,0.190911,0.165143,0.376466,0.267480
data\paderborn\extracted\KI01\KI01\N09_M07_F10_KI01_12.mat,inner_race,outer_race,0.118113,0.270936,0.349795,0.261157
data\paderborn\extracted\KI01\KI01\N09_M07_F10_KI01_12.mat,inner_race,outer_race,0.278429,0.220784,0.343474,0.157313
data\paderborn\extracted\KI01\KI01\N09_M07_F10_KI01_12.mat,inner_race,healthy,0.411072,0.136854,0.200718,0.251357
data\paderborn\extracted\KI01\KI01\N09_M07_F10_KI01_12.mat,inner_race,healthy,0.352159,0.344846,0.104753,0.198241
data\paderborn\extracted\KI01\KI01\N09_M07_F10_KI01_12.mat,inner_race,outer_race,0.168762,0.266989,0.341183,0.223066
data\paderborn\extracted\KI01\KI01\N09_M07_F10_KI01_13.mat,inner_race,healthy,0.428179,0.291285,0.125166,0.155370
data\paderborn\extracted\KI01\KI01\N09_M07_F10_KI01_13.mat,inner_race,outer_race,0.074599,0.251620,0.437385,0.236396
data\paderborn\extracted\KI01\KI01\N09_M07_F10_KI01_13.mat,inner_race,healthy,0.519621,0.387319,0.035580,0.057480
data\paderborn\extracted\KI01\KI01\N09_M07_F10_KI01_13.mat,inner_race,inner_race,0.295448,0.371236,0.145252,0.188064
data\paderborn\extracted\KI01\KI01\N09_M07_F10_KI01_13.mat,inner_race,inner_race,0.208806,0.363026,0.274591,0.153577
data\paderborn\extracted\KI01\KI01\N09_M07_F10_KI01_13.mat,inner_race,inner_race,0.382223,0.387063,0.066441,0.164273
data\paderborn\extracted\KI01\KI01\N09_M07_F10_KI01_13.mat,inner_race,healthy,0.558385,0.164115,0.060729,0.216771
data\paderborn\extracted\KI01\KI01\N09_M07_F10_KI01_13.mat,inner_race,outer_race,0.116869,0.254888,0.399664,0.228579
data\paderborn\extracted\KI01\KI01\N09_M07_F10_KI01_14.mat,inner_race,outer_race,0.226628,0.255852,0.276129,0.241391
data\paderborn\extracted\KI01\KI01\N09_M07_F10_KI01_14.mat,inner_race,outer_race,0.212209,0.258322,0.304898,0.224570
data\paderborn\extracted\KI01\KI01\N09_M07_F10_KI01_14.mat,inner_race,inner_race,0.299280,0.332415,0.161794,0.206510
data\paderborn\extracted\KI01\KI01\N09_M07_F10_KI01_14.mat,inner_race,inner_race,0.247462,0.307714,0.201522,0.243302
data\paderborn\extracted\KI01\KI01\N09_M07_F10_KI01_14.mat,inner_race,rolling_element,0.099919,0.145668,0.273644,0.480770
data\paderborn\extracted\KI01\KI01\N09_M07_F10_KI01_14.mat,inner_race,inner_race,0.224576,0.337028,0.221790,0.216606
data\paderborn\extracted\KI01\KI01\N09_M07_F10_KI01_14.mat,inner_race,healthy,0.402609,0.283324,0.134004,0.180063
data\paderborn\extracted\KI01\KI01\N09_M07_F10_KI01_14.mat,inner_race,healthy,0.312835,0.188490,0.243639,0.255036
data\paderborn\extracted\KI01\KI01\N09_M07_F10_KI01_15.mat,inner_race,healthy,0.401318,0.320056,0.096305,0.182321
data\paderborn\extracted\KI01\KI01\N09_M07_F10_KI01_15.mat,inner_race,healthy,0.451518,0.270473,0.093863,0.184145
data\paderborn\extracted\KI01\KI01\N09_M07_F10_KI01_15.mat,inner_race,healthy,0.383625,0.326422,0.095640,0.194313
data\paderborn\extracted\KI01\KI01\N09_M07_F10_KI01_15.mat,inner_race,inner_race,0.280967,0.376191,0.188721,0.154122
data\paderborn\extracted\KI01\KI01\N09_M07_F10_KI01_15.mat,inner_race,outer_race,0.160717,0.180834,0.389586,0.268864
data\paderborn\extracted\KI01\KI01\N09_M07_F10_KI01_15.mat,inner_race,inner_race,0.288375,0.324981,0.215203,0.171441
data\paderborn\extracted\KI01\KI01\N09_M07_F10_KI01_15.mat,inner_race,outer_race,0.077814,0.209911,0.618388,0.093887
data\paderborn\extracted\KI01\KI01\N09_M07_F10_KI01_15.mat,inner_race,inner_race,0.269620,0.311487,0.167598,0.251294
data\paderborn\extracted\KI01\KI01\N09_M07_F10_KI01_16.mat,inner_race,outer_race,0.138741,0.231292,0.363723,0.266244
data\paderborn\extracted\KI01\KI01\N09_M07_F10_KI01_16.mat,inner_race,inner_race,0.309066,0.323410,0.182535,0.184989
data\paderborn\extracted\KI01\KI01\N09_M07_F10_KI01_16.mat,inner_race,inner_race,0.285166,0.368261,0.178052,0.168521
data\paderborn\extracted\KI01\KI01\N09_M07_F10_KI01_16.mat,inner_race,rolling_element,0.202990,0.179870,0.190797,0.426343
data\paderborn\extracted\KI01\KI01\N09_M07_F10_KI01_16.mat,inner_race,rolling_element,0.352791,0.065799,0.132885,0.448525
data\paderborn\extracted\KI01\KI01\N09_M07_F10_KI01_16.mat,inner_race,outer_race,0.177537,0.200986,0.421518,0.199959
data\paderborn\extracted\KI01\KI01\N09_M07_F10_KI01_16.mat,inner_race,healthy,0.444014,0.187310,0.131468,0.237207
data\paderborn\extracted\KI01\KI01\N09_M07_F10_KI01_16.mat,inner_race,healthy,0.375203,0.249918,0.157569,0.217311
data\paderborn\extracted\KI01\KI01\N09_M07_F10_KI01_17.mat,inner_race,inner_race,0.254156,0.324099,0.215291,0.206455
data\paderborn\extracted\KI01\KI01\N09_M07_F10_KI01_17.mat,inner_race,healthy,0.309707,0.229969,0.156193,0.304131
data\paderborn\extracted\KI01\KI01\N09_M07_F10_KI01_17.mat,inner_race,inner_race,0.251902,0.381253,0.158953,0.207893
data\paderborn\extracted\KI01\KI01\N09_M07_F10_KI01_17.mat,inner_race,outer_race,0.147439,0.190859,0.489701,0.172001
data\paderborn\extracted\KI01\KI01\N09_M07_F10_KI01_17.mat,inner_race,healthy,0.348030,0.297972,0.162701,0.191297
data\paderborn\extracted\KI01\KI01\N09_M07_F10_KI01_17.mat,inner_race,inner_race,0.235994,0.360609,0.257655,0.145742
data\paderborn\extracted\KI01\KI01\N09_M07_F10_KI01_17.mat,inner_race,inner_race,0.310711,0.316377,0.178907,0.194005
data\paderborn\extracted\KI01\KI01\N09_M07_F10_KI01_17.mat,inner_race,healthy,0.492833,0.246166,0.047463,0.213539
data\paderborn\extracted\KI01\KI01\N09_M07_F10_KI01_18.mat,inner_race,outer_race,0.260116,0.262946,0.312515,0.164423
data\paderborn\extracted\KI01\KI01\N09_M07_F10_KI01_18.mat,inner_race,outer_race,0.114454,0.253498,0.516185,0.115863
data\paderborn\extracted\KI01\KI01\N09_M07_F10_KI01_18.mat,inner_race,outer_race,0.130878,0.274993,0.371446,0.222683
data\paderborn\extracted\KI01\KI01\N09_M07_F10_KI01_18.mat,inner_race,inner_race,0.230753,0.312664,0.207812,0.248771
data\paderborn\extracted\KI01\KI01\N09_M07_F10_KI01_18.mat,inner_race,healthy,0.332037,0.276807,0.152188,0.238968
data\paderborn\extracted\KI01\KI01\N09_M07_F10_KI01_18.mat,inner_race,rolling_element,0.095682,0.205998,0.245480,0.452840
data\paderborn\extracted\KI01\KI01\N09_M07_F10_KI01_18.mat,inner_race,rolling_element,0.245200,0.261455,0.230347,0.262999
data\paderborn\extracted\KI01\KI01\N09_M07_F10_KI01_18.mat,inner_race,healthy,0.402505,0.273947,0.142677,0.180871
data\paderborn\extracted\KI01\KI01\N09_M07_F10_KI01_19.mat,inner_race,inner_race,0.253339,0.353443,0.212946,0.180271
data\paderborn\extracted\KI01\KI01\N09_M07_F10_KI01_19.mat,inner_race,inner_race,0.311636,0.342016,0.166613,0.179735
data\paderborn\extracted\KI01\KI01\N09_M07_F10_KI01_19.mat,inner_race,healthy,0.380391,0.149506,0.153150,0.316953
data\paderborn\extracted\KI01\KI01\N09_M07_F10_KI01_19.mat,inner_race,outer_race,0.135636,0.222165,0.410079,0.232121
data\paderborn\extracted\KI01\KI01\N09_M07_F10_KI01_19.mat,inner_race,outer_race,0.164752,0.297709,0.352550,0.184989
data\paderborn\extracted\KI01\KI01\N09_M07_F10_KI01_19.mat,inner_race,rolling_element,0.295719,0.213901,0.163671,0.326709
data\paderborn\extracted\KI01\KI01\N09_M07_F10_KI01_19.mat,inner_race,inner_race,0.196167,0.331564,0.263238,0.209031
data\paderborn\extracted\KI01\KI01\N09_M07_F10_KI01_19.mat,inner_race,healthy,0.372466,0.310943,0.175360,0.141232
data\paderborn\extracted\KI01\KI01\N09_M07_F10_KI01_2.mat,inner_race,healthy,0.386383,0.259554,0.105624,0.248439
data\paderborn\extracted\KI01\KI01\N09_M07_F10_KI01_2.mat,inner_race,rolling_element,0.282212,0.093208,0.276442,0.348138
data\paderborn\extracted\KI01\KI01\N09_M07_F10_KI01_2.mat,inner_race,rolling_element,0.293801,0.186733,0.186439,0.333027
data\paderborn\extracted\KI01\KI01\N09_M07_F10_KI01_2.mat,inner_race,inner_race,0.246777,0.266245,0.240607,0.246371
data\paderborn\extracted\KI01\KI01\N09_M07_F10_KI01_2.mat,inner_race,healthy,0.279869,0.275323,0.252457,0.192351
data\paderborn\extracted\KI01\KI01\N09_M07_F10_KI01_2.mat,inner_race,rolling_element,0.264618,0.149317,0.242857,0.343209
data\paderborn\extracted\KI01\KI01\N09_M07_F10_KI01_2.mat,inner_race,inner_race,0.240539,0.360145,0.215891,0.183426
data\paderborn\extracted\KI01\KI01\N09_M07_F10_KI01_2.mat,inner_race,healthy,0.512304,0.123031,0.134556,0.230109
data\paderborn\extracted\KI01\KI01\N09_M07_F10_KI01_20.mat,inner_race,healthy,0.419196,0.214638,0.169651,0.196515
data\paderborn\extracted\KI01\KI01\N09_M07_F10_KI01_20.mat,inner_race,inner_race,0.269694,0.277120,0.238366,0.214820
data\paderborn\extracted\KI01\KI01\N09_M07_F10_KI01_20.mat,inner_race,healthy,0.325780,0.223269,0.178047,0.272904
data\paderborn\extracted\KI01\KI01\N09_M07_F10_KI01_20.mat,inner_race,healthy,0.259621,0.242425,0.244978,0.252976
data\paderborn\extracted\KI01\KI01\N09_M07_F10_KI01_20.mat,inner_race,inner_race,0.284475,0.295179,0.144850,0.275496
data\paderborn\extracted\KI01\KI01\N09_M07_F10_KI01_20.mat,inner_race,inner_race,0.297213,0.319596,0.223012,0.160179
data\paderborn\extracted\KI01\KI01\N09_M07_F10_KI01_20.mat,inner_race,rolling_element,0.268042,0.243183,0.199858,0.288916
data\paderborn\extracted\KI01\KI01\N09_M07_F10_KI01_20.mat,inner_race,outer_race,0.159599,0.337340,0.365261,0.137801
data\paderborn\extracted\KI01\KI01\N09_M07_F10_KI01_3.mat,inner_race,rolling_element,0.296562,0.245734,0.136782,0.320922
data\paderborn\extracted\KI01\KI01\N09_M07_F10_KI01_3.mat,inner_race,rolling_element,0.210765,0.297142,0.183546,0.308547
data\paderborn\extracted\KI01\KI01\N09_M07_F10_KI01_3.mat,inner_race,outer_race,0.250380,0.237859,0.347604,0.164157
data\paderborn\extracted\KI01\KI01\N09_M07_F10_KI01_3.mat,inner_race,inner_race,0.290970,0.304091,0.193479,0.211460
data\paderborn\extracted\KI01\KI01\N09_M07_F10_KI01_3.mat,inner_race,outer_race,0.204408,0.289197,0.352562,0.153833
data\paderborn\extracted\KI01\KI01\N09_M07_F10_KI01_3.mat,inner_race,healthy,0.370958,0.230633,0.119616,0.278793
data\paderborn\extracted\KI01\KI01\N09_M07_F10_KI01_3.mat,inner_race,inner_race,0.208611,0.397052,0.111004,0.283333
data\paderborn\extracted\KI01\KI01\N09_M07_F10_KI01_3.mat,inner_race,outer_race,0.127794,0.314081,0.332423,0.225703
data\paderborn\extracted\KI01\KI01\N09_M07_F10_KI01_4.mat,inner_race,healthy,0.397600,0.311517,0.153007,0.137876
data\paderborn\extracted\KI01\KI01\N09_M07_F10_KI01_4.mat,inner_race,healthy,0.336299,0.251375,0.202325,0.210002
data\paderborn\extracted\KI01\KI01\N09_M07_F10_KI01_4.mat,inner_race,healthy,0.615304,0.241173,0.023726,0.119797
data\paderborn\extracted\KI01\KI01\N09_M07_F10_KI01_4.mat,inner_race,inner_race,0.160204,0.407913,0.251310,0.180573
data\paderborn\extracted\KI01\KI01\N09_M07_F10_KI01_4.mat,inner_race,inner_race,0.163972,0.368048,0.365260,0.102720
data\paderborn\extracted\KI01\KI01\N09_M07_F10_KI01_4.mat,inner_race,healthy,0.397458,0.266958,0.124032,0.211552
data\paderborn\extracted\KI01\KI01\N09_M07_F10_KI01_4.mat,inner_race,outer_race,0.182953,0.218659,0.403393,0.194995
data\paderborn\extracted\KI01\KI01\N09_M07_F10_KI01_4.mat,inner_race,healthy,0.388744,0.364675,0.084584,0.161998
data\paderborn\extracted\KI01\KI01\N09_M07_F10_KI01_5.mat,inner_race,healthy,0.377756,0.331084,0.103784,0.187376
data\paderborn\extracted\KI01\KI01\N09_M07_F10_KI01_5.mat,inner_race,healthy,0.334518,0.331869,0.179413,0.154200
data\paderborn\extracted\KI01\KI01\N09_M07_F10_KI01_5.mat,inner_race,inner_race,0.330983,0.360081,0.111119,0.197817
data\paderborn\extracted\KI01\KI01\N09_M07_F10_KI01_5.mat,inner_race,outer_race,0.136928,0.249655,0.462146,0.151271
data\paderborn\extracted\KI01\KI01\N09_M07_F10_KI01_5.mat,inner_race,outer_race,0.127365,0.189448,0.371544,0.311643
data\paderborn\extracted\KI01\KI01\N09_M07_F10_KI01_5.mat,inner_race,outer_race,0.210488,0.292593,0.354353,0.142566
data\paderborn\extracted\KI01\KI01\N09_M07_F10_KI01_5.mat,inner_race,inner_race,0.189961,0.341661,0.239203,0.229174
data\paderborn\extracted\KI01\KI01\N09_M07_F10_KI01_5.mat,inner_race,healthy,0.333973,0.292131,0.175762,0.198134
data\paderborn\extracted\KI01\KI01\N09_M07_F10_KI01_6.mat,inner_race,healthy,0.315843,0.253392,0.197746,0.233019
data\paderborn\extracted\KI01\KI01\N09_M07_F10_KI01_6.mat,inner_race,inner_race,0.257407,0.275710,0.253064,0.213819
data\paderborn\extracted\KI01\KI01\N09_M07_F10_KI01_6.mat,inner_race,inner_race,0.306498,0.310332,0.192348,0.190822
data\paderborn\extracted\KI01\KI01\N09_M07_F10_KI01_6.mat,inner_race,inner_race,0.370727,0.397160,0.101529,0.130585
data\paderborn\extracted\KI01\KI01\N09_M07_F10_KI01_6.mat,inner_race,healthy,0.346724,0.310069,0.104679,0.238527
data\paderborn\extracted\KI01\KI01\N09_M07_F10_KI01_6.mat,inner_race,healthy,0.307762,0.190180,0.263523,0.238535
data\paderborn\extracted\KI01\KI01\N09_M07_F10_KI01_6.mat,inner_race,rolling_element,0.175172,0.267478,0.175914,0.381437
data\paderborn\extracted\KI01\KI01\N09_M07_F10_KI01_6.mat,inner_race,healthy,0.319176,0.310440,0.210134,0.160250
data\paderborn\extracted\KI01\KI01\N09_M07_F10_KI01_7.mat,inner_race,inner_race,0.124666,0.325914,0.325478,0.223942
data\paderborn\extracted\KI01\KI01\N09_M07_F10_KI01_7.mat,inner_race,healthy,0.341517,0.250159,0.192815,0.215509
data\paderborn\extracted\KI01\KI01\N09_M07_F10_KI01_7.mat,inner_race,inner_race,0.318708,0.325775,0.189734,0.165784
data\paderborn\extracted\KI01\KI01\N09_M07_F10_KI01_7.mat,inner_race,healthy,0.573447,0.174662,0.075753,0.176138
data\paderborn\extracted\KI01\KI01\N09_M07_F10_KI01_7.mat,inner_race,rolling_element,0.367507,0.158562,0.098415,0.375516
data\paderborn\extracted\KI01\KI01\N09_M07_F10_KI01_7.mat,inner_race,outer_race,0.205528,0.315134,0.323920,0.155417
data\paderborn\extracted\KI01\KI01\N09_M07_F10_KI01_7.mat,inner_race,inner_race,0.362457,0.372121,0.137131,0.128291
data\paderborn\extracted\KI01\KI01\N09_M07_F10_KI01_7.mat,inner_race,healthy,0.458512,0.248286,0.120806,0.172396
data\paderborn\extracted\KI01\KI01\N09_M07_F10_KI01_8.mat,inner_race,inner_race,0.093321,0.351067,0.333118,0.222495
data\paderborn\extracted\KI01\KI01\N09_M07_F10_KI01_8.mat,inner_race,inner_race,0.183338,0.312706,0.309748,0.194208
data\paderborn\extracted\KI01\KI01\N09_M07_F10_KI01_8.mat,inner_race,rolling_element,0.265904,0.178892,0.238972,0.316232
data\paderborn\extracted\KI01\KI01\N09_M07_F10_KI01_8.mat,inner_race,rolling_element,0.211365,0.231894,0.269538,0.287203
data\paderborn\extracted\KI01\KI01\N09_M07_F10_KI01_8.mat,inner_race,healthy,0.485569,0.336422,0.069142,0.108866
data\paderborn\extracted\KI01\KI01\N09_M07_F10_KI01_8.mat,inner_race,inner_race,0.353848,0.358794,0.084883,0.202475
data\paderborn\extracted\KI01\KI01\N09_M07_F10_KI01_8.mat,inner_race,healthy,0.376255,0.284926,0.137645,0.201174
data\paderborn\extracted\KI01\KI01\N09_M07_F10_KI01_8.mat,inner_race,outer_race,0.241070,0.271974,0.299395,0.187561
data\paderborn\extracted\KI01\KI01\N09_M07_F10_KI01_9.mat,inner_race,inner_race,0.256931,0.348221,0.104577,0.290271
data\paderborn\extracted\KI01\KI01\N09_M07_F10_KI01_9.mat,inner_race,inner_race,0.272823,0.348101,0.254042,0.125034
data\paderborn\extracted\KI01\KI01\N09_M07_F10_KI01_9.mat,inner_race,healthy,0.349429,0.279574,0.212485,0.158512
data\paderborn\extracted\KI01\KI01\N09_M07_F10_KI01_9.mat,inner_race,inner_race,0.327235,0.375449,0.177993,0.119323
data\paderborn\extracted\KI01\KI01\N09_M07_F10_KI01_9.mat,inner_race,inner_race,0.240400,0.427252,0.129868,0.202480
data\paderborn\extracted\KI01\KI01\N09_M07_F10_KI01_9.mat,inner_race,outer_race,0.225256,0.284739,0.337272,0.152733
data\paderborn\extracted\KI01\KI01\N09_M07_F10_KI01_9.mat,inner_race,healthy,0.374432,0.310949,0.140694,0.173925
data\paderborn\extracted\KI01\KI01\N09_M07_F10_KI01_9.mat,inner_race,inner_race,0.241466,0.409983,0.252555,0.095996
data\paderborn\extracted\KI01\KI01\N15_M01_F10_KI01_1.mat,inner_race,inner_race,0.266351,0.611538,0.012543,0.109568
data\paderborn\extracted\KI01\KI01\N15_M01_F10_KI01_1.mat,inner_race,inner_race,0.229234,0.641293,0.024403,0.105069
data\paderborn\extracted\KI01\KI01\N15_M01_F10_KI01_1.mat,inner_race,inner_race,0.239800,0.641077,0.021354,0.097769
data\paderborn\extracted\KI01\KI01\N15_M01_F10_KI01_1.mat,inner_race,inner_race,0.184221,0.414905,0.194475,0.206399
data\paderborn\extracted\KI01\KI01\N15_M01_F10_KI01_1.mat,inner_race,inner_race,0.077485,0.709407,0.126088,0.087019
data\paderborn\extracted\KI01\KI01\N15_M01_F10_KI01_1.mat,inner_race,inner_race,0.240268,0.575760,0.045598,0.138374
data\paderborn\extracted\KI01\KI01\N15_M01_F10_KI01_1.mat,inner_race,inner_race,0.230412,0.619012,0.025837,0.124738
data\paderborn\extracted\KI01\KI01\N15_M01_F10_KI01_1.mat,inner_race,inner_race,0.204341,0.602252,0.096617,0.096789
data\paderborn\extracted\KI01\KI01\N15_M01_F10_KI01_10.mat,inner_race,inner_race,0.264626,0.568927,0.041782,0.124665
data\paderborn\extracted\KI01\KI01\N15_M01_F10_KI01_10.mat,inner_race,inner_race,0.127367,0.720294,0.068695,0.083643
data\paderborn\extracted\KI01\KI01\N15_M01_F10_KI01_10.mat,inner_race,inner_race,0.254997,0.522830,0.046559,0.175614
data\paderborn\extracted\KI01\KI01\N15_M01_F10_KI01_10.mat,inner_race,inner_race,0.258629,0.664168,0.008068,0.069134
data\paderborn\extracted\KI01\KI01\N15_M01_F10_KI01_10.mat,inner_race,inner_race,0.148383,0.737612,0.032931,0.081075
data\paderborn\extracted\KI01\KI01\N15_M01_F10_KI01_10.mat,inner_race,inner_race,0.320806,0.430296,0.055519,0.193379
data\paderborn\extracted\KI01\KI01\N15_M01_F10_KI01_10.mat,inner_race,inner_race,0.201680,0.507428,0.101108,0.189784
data\paderborn\extracted\KI01\KI01\N15_M01_F10_KI01_10.mat,inner_race,inner_race,0.228157,0.527137,0.045469,0.199237
data\paderborn\extracted\KI01\KI01\N15_M01_F10_KI01_11.mat,inner_race,inner_race,0.279247,0.515490,0.035260,0.170003
data\paderborn\extracted\KI01\KI01\N15_M01_F10_KI01_11.mat,inner_race,healthy,0.494446,0.223438,0.011905,0.270211
data\paderborn\extracted\KI01\KI01\N15_M01_F10_KI01_11.mat,inner_race,healthy,0.525533,0.379710,0.004637,0.090120
data\paderborn\extracted\KI01\KI01\N15_M01_F10_KI01_11.mat,inner_race,healthy,0.496355,0.377654,0.004543,0.121448
data\paderborn\extracted\KI01\KI01\N15_M01_F10_KI01_11.mat,inner_race,inner_race,0.336653,0.455527,0.043466,0.164355
data\paderborn\extracted\KI01\KI01\N15_M01_F10_KI01_11.mat,inner_race,inner_race,0.109965,0.495261,0.213910,0.180865
data\paderborn\extracted\KI01\KI01\N15_M01_F10_KI01_11.mat,inner_race,inner_race,0.176933,0.729281,0.034259,0.059527
data\paderborn\extracted\KI01\KI01\N15_M01_F10_KI01_11.mat,inner_race,inner_race,0.196824,0.642822,0.080603,0.079750
data\paderborn\extracted\KI01\KI01\N15_M01_F10_KI01_12.mat,inner_race,inner_race,0.174671,0.688053,0.050907,0.086369
data\paderborn\extracted\KI01\KI01\N15_M01_F10_KI01_12.mat,inner_race,inner_race,0.202103,0.482721,0.128557,0.186619
data\paderborn\extracted\KI01\KI01\N15_M01_F10_KI01_12.mat,inner_race,inner_race,0.137049,0.702873,0.080266,0.079811
data\paderborn\extracted\KI01\KI01\N15_M01_F10_KI01_12.mat,inner_race,inner_race,0.195207,0.474755,0.123514,0.206524
data\paderborn\extracted\KI01\KI01\N15_M01_F10_KI01_12.mat,inner_race,inner_race,0.230425,0.622648,0.029888,0.117039
data\paderborn\extracted\KI01\KI01\N15_M01_F10_KI01_12.mat,inner_race,inner_race,0.330902,0.544856,0.011077,0.113164
data\paderborn\extracted\KI01\KI01\N15_M01_F10_KI01_12.mat,inner_race,healthy,0.405390,0.358252,0.020836,0.215522
data\paderborn\extracted\KI01\KI01\N15_M01_F10_KI01_12.mat,inner_race,inner_race,0.115893,0.793999,0.037188,0.052920
data\paderborn\extracted\KI01\KI01\N15_M01_F10_KI01_13.mat,inner_race,inner_race,0.086368,0.563983,0.253027,0.096622
data\paderborn\extracted\KI01\KI01\N15_M01_F10_KI01_13.mat,inner_race,inner_race,0.319669,0.517829,0.024291,0.138211
data\paderborn\extracted\KI01\KI01\N15_M01_F10_KI01_13.mat,inner_race,inner_race,0.203753,0.622073,0.030984,0.143190
data\paderborn\extracted\KI01\KI01\N15_M01_F10_KI01_13.mat,inner_race,inner_race,0.221911,0.572068,0.050159,0.155862
data\paderborn\extracted\KI01\KI01\N15_M01_F10_KI01_13.mat,inner_race,inner_race,0.274080,0.550033,0.034345,0.141542
data\paderborn\extracted\KI01\KI01\N15_M01_F10_KI01_13.mat,inner_race,inner_race,0.246614,0.600417,0.031357,0.121613
data\paderborn\extracted\KI01\KI01\N15_M01_F10_KI01_13.mat,inner_race,inner_race,0.134482,0.652492,0.100377,0.112649
data\paderborn\extracted\KI01\KI01\N15_M01_F10_KI01_13.mat,inner_race,inner_race,0.082983,0.779309,0.078564,0.059144
data\paderborn\extracted\KI01\KI01\N15_M01_F10_KI01_14.mat,inner_race,inner_race,0.281488,0.578556,0.021277,0.118679
data\paderborn\extracted\KI01\KI01\N15_M01_F10_KI01_14.mat,inner_race,rolling_element,0.248725,0.232805,0.213412,0.305058
data\paderborn\extracted\KI01\KI01\N15_M01_F10_KI01_14.mat,inner_race,inner_race,0.355928,0.518033,0.021432,0.104607
data\paderborn\extracted\KI01\KI01\N15_M01_F10_KI01_14.mat,inner_race,inner_race,0.373641,0.492763,0.011749,0.121848
data\paderborn\extracted\KI01\KI01\N15_M01_F10_KI01_14.mat,inner_race,healthy,0.542418,0.077732,0.020273,0.359577
data\paderborn\extracted\KI01\KI01\N15_M01_F10_KI01_14.mat,inner_race,inner_race,0.367615,0.477748,0.016681,0.137956
data\paderborn\extracted\KI01\KI01\N15_M01_F10_KI01_14.mat,inner_race,inner_race,0.222743,0.669211,0.031362,0.076685
data\paderborn\extracted\KI01\KI01\N15_M01_F10_KI01_14.mat,inner_race,inner_race,0.360375,0.392335,0.054082,0.193208
data\paderborn\extracted\KI01\KI01\N15_M01_F10_KI01_15.mat,inner_race,healthy,0.540418,0.314975,0.004688,0.139919
data\paderborn\extracted\KI01\KI01\N15_M01_F10_KI01_15.mat,inner_race,inner_race,0.177996,0.689675,0.033801,0.098528
data\paderborn\extracted\KI01\KI01\N15_M01_F10_KI01_15.mat,inner_race,inner_race,0.393713,0.434339,0.013276,0.158673
data\paderborn\extracted\KI01\KI01\N15_M01_F10_KI01_15.mat,inner_race,inner_race,0.113223,0.332248,0.277769,0.276760
data\paderborn\extracted\KI01\KI01\N15_M01_F10_KI01_15.mat,inner_race,inner_race,0.129755,0.437198,0.200474,0.232572
data\paderborn\extracted\KI01\KI01\N15_M01_F10_KI01_15.mat,inner_race,inner_race,0.251383,0.642780,0.019425,0.086411
data\paderborn\extracted\KI01\KI01\N15_M01_F10_KI01_15.mat,inner_race,inner_race,0.118044,0.594208,0.200209,0.087540
data\paderborn\extracted\KI01\KI01\N15_M01_F10_KI01_15.mat,inner_race,inner_race,0.197140,0.485139,0.053012,0.264708
data\paderborn\extracted\KI01\KI01\N15_M01_F10_KI01_16.mat,inner_race,inner_race,0.127791,0.402278,0.234172,0.235759
data\paderborn\extracted\KI01\KI01\N15_M01_F10_KI01_16.mat,inner_race,outer_race,0.132547,0.309011,0.343511,0.214931
data\paderborn\extracted\KI01\KI01\N15_M01_F10_KI01_16.mat,inner_race,inner_race,0.437980,0.460449,0.007634,0.093937
data\paderborn\extracted\KI01\KI01\N15_M01_F10_KI01_16.mat,inner_race,inner_race,0.220960,0.661526,0.021606,0.095909
data\paderborn\extracted\KI01\KI01\N15_M01_F10_KI01_16.mat,inner_race,inner_race,0.135375,0.602051,0.124088,0.138486
data\paderborn\extracted\KI01\KI01\N15_M01_F10_KI01_16.mat,inner_race,healthy,0.363580,0.273349,0.070745,0.292326
data\paderborn\extracted\KI01\KI01\N15_M01_F10_KI01_16.mat,inner_race,inner_race,0.142366,0.646002,0.077913,0.133719
data\paderborn\extracted\KI01\KI01\N15_M01_F10_KI01_16.mat,inner_race,inner_race,0.255792,0.630970,0.023893,0.089346
data\paderborn\extracted\KI01\KI01\N15_M01_F10_KI01_17.mat,inner_race,inner_race,0.200357,0.585914,0.056305,0.157424
data\paderborn\extracted\KI01\KI01\N15_M01_F10_KI01_17.mat,inner_race,inner_race,0.284282,0.545968,0.051401,0.118349
data\paderborn\extracted\KI01\KI01\N15_M01_F10_KI01_17.mat,inner_race,inner_race,0.175622,0.551323,0.134934,0.138121
data\paderborn\extracted\KI01\KI01\N15_M01_F10_KI01_17.mat,inner_race,inner_race,0.114282,0.790842,0.040770,0.054105
data\paderborn\extracted\KI01\KI01\N15_M01_F10_KI01_17.mat,inner_race,healthy,0.414180,0.356674,0.030425,0.198721
data\paderborn\extracted\KI01\KI01\N15_M01_F10_KI01_17.mat,inner_race,inner_race,0.129159,0.604193,0.186620,0.080029
data\paderborn\extracted\KI01\KI01\N15_M01_F10_KI01_17.mat,inner_race,inner_race,0.356301,0.538006,0.011649,0.094044
data\paderborn\extracted\KI01\KI01\N15_M01_F10_KI01_17.mat,inner_race,inner_race,0.129603,0.483001,0.228680,0.158716
data\paderborn\extracted\KI01\KI01\N15_M01_F10_KI01_18.mat,inner_race,inner_race,0.192897,0.538060,0.060745,0.208299
data\paderborn\extracted\KI01\KI01\N15_M01_F10_KI01_18.mat,inner_race,inner_race,0.098630,0.608162,0.191078,0.102130
data\paderborn\extracted\KI01\KI01\N15_M01_F10_KI01_18.mat,inner_race,inner_race,0.243154,0.503965,0.078409,0.174472
data\paderborn\extracted\KI01\KI01\N15_M01_F10_KI01_18.mat,inner_race,inner_race,0.266605,0.537939,0.023247,0.172210
data\paderborn\extracted\KI01\KI01\N15_M01_F10_KI01_18.mat,inner_race,inner_race,0.158091,0.575854,0.185796,0.080260
data\paderborn\extracted\KI01\KI01\N15_M01_F10_KI01_18.mat,inner_race,inner_race,0.259241,0.384283,0.141462,0.215014
data\paderborn\extracted\KI01\KI01\N15_M01_F10_KI01_18.mat,inner_race,inner_race,0.176237,0.611957,0.098350,0.113456
data\paderborn\extracted\KI01\KI01\N15_M01_F10_KI01_18.mat,inner_race,inner_race,0.153386,0.670730,0.096564,0.079321
data\paderborn\extracted\KI01\KI01\N15_M01_F10_KI01_19.mat,inner_race,inner_race,0.356110,0.531881,0.012366,0.099642
data\paderborn\extracted\KI01\KI01\N15_M01_F10_KI01_19.mat,inner_race,healthy,0.523347,0.259260,0.017443,0.199949
data\paderborn\extracted\KI01\KI01\N15_M01_F10_KI01_19.mat,inner_race,inner_race,0.139095,0.752302,0.047402,0.061201
data\paderborn\extracted\KI01\KI01\N15_M01_F10_KI01_19.mat,inner_race,inner_race,0.299629,0.492474,0.025665,0.182232
data\paderborn\extracted\KI01\KI01\N15_M01_F10_KI01_19.mat,inner_race,rolling_element,0.101388,0.343221,0.110455,0.444936
data\paderborn\extracted\KI01\KI01\N15_M01_F10_KI01_19.mat,inner_race,inner_race,0.293464,0.509024,0.048510,0.149002
data\paderborn\extracted\KI01\KI01\N15_M01_F10_KI01_19.mat,inner_race,inner_race,0.149221,0.424200,0.172251,0.254328
data\paderborn\extracted\KI01\KI01\N15_M01_F10_KI01_19.mat,inner_race,inner_race,0.217960,0.634353,0.032502,0.115184
data\paderborn\extracted\KI01\KI01\N15_M01_F10_KI01_2.mat,inner_race,inner_race,0.142670,0.759423,0.024494,0.073413
data\paderborn\extracted\KI01\KI01\N15_M01_F10_KI01_2.mat,inner_race,inner_race,0.224346,0.566766,0.037444,0.171443
data\paderborn\extracted\KI01\KI01\N15_M01_F10_KI01_2.mat,inner_race,outer_race,0.048001,0.422251,0.467286,0.062463
data\paderborn\extracted\KI01\KI01\N15_M01_F10_KI01_2.mat,inner_race,inner_race,0.113977,0.679157,0.148603,0.058263
data\paderborn\extracted\KI01\KI01\N15_M01_F10_KI01_2.mat,inner_race,inner_race,0.101128,0.592338,0.168554,0.137981
data\paderborn\extracted\KI01\KI01\N15_M01_F10_KI01_2.mat,inner_race,inner_race,0.136228,0.413503,0.316618,0.133652
data\paderborn\extracted\KI01\KI01\N15_M01_F10_KI01_2.mat,inner_race,inner_race,0.210586,0.623116,0.053826,0.112471
data\paderborn\extracted\KI01\KI01\N15_M01_F10_KI01_2.mat,inner_race,inner_race,0.182900,0.693470,0.034767,0.088863
data\paderborn\extracted\KI01\KI01\N15_M01_F10_KI01_20.mat,inner_race,inner_race,0.385274,0.390607,0.031335,0.192784
data\paderborn\extracted\KI01\KI01\N15_M01_F10_KI01_20.mat,inner_race,healthy,0.441285,0.085000,0.049477,0.424238
data\paderborn\extracted\KI01\KI01\N15_M01_F10_KI01_20.mat,inner_race,inner_race,0.296845,0.593834,0.007705,0.101616
data\paderborn\extracted\KI01\KI01\N15_M01_F10_KI01_20.mat,inner_race,healthy,0.630042,0.094154,0.006922,0.268882
data\paderborn\extracted\KI01\KI01\N15_M01_F10_KI01_20.mat,inner_race,inner_race,0.264713,0.619152,0.016431,0.099704
data\paderborn\extracted\KI01\KI01\N15_M01_F10_KI01_20.mat,inner_race,inner_race,0.196959,0.531736,0.072898,0.198407
data\paderborn\extracted\KI01\KI01\N15_M01_F10_KI01_20.mat,inner_race,rolling_element,0.279460,0.188602,0.111952,0.419987
data\paderborn\extracted\KI01\KI01\N15_M01_F10_KI01_20.mat,inner_race,inner_race,0.177934,0.626584,0.065723,0.129759
data\paderborn\extracted\KI01\KI01\N15_M01_F10_KI01_3.mat,inner_race,inner_race,0.177470,0.665999,0.066495,0.090036
data\paderborn\extracted\KI01\KI01\N15_M01_F10_KI01_3.mat,inner_race,outer_race,0.058510,0.344894,0.485449,0.111147
data\paderborn\extracted\KI01\KI01\N15_M01_F10_KI01_3.mat,inner_race,inner_race,0.336269,0.387319,0.080455,0.195957
data\paderborn\extracted\KI01\KI01\N15_M01_F10_KI01_3.mat,inner_race,inner_race,0.168504,0.388813,0.193422,0.249262
data\paderborn\extracted\KI01\KI01\N15_M01_F10_KI01_3.mat,inner_race,healthy,0.489266,0.356977,0.006952,0.146805
data\paderborn\extracted\KI01\KI01\N15_M01_F10_KI01_3.mat,inner_race,inner_race,0.231173,0.644394,0.018032,0.106400
data\paderborn\extracted\KI01\KI01\N15_M01_F10_KI01_3.mat,inner_race,inner_race,0.191931,0.639970,0.054574,0.113525
data\paderborn\extracted\KI01\KI01\N15_M01_F10_KI01_3.mat,inner_race,inner_race,0.046908,0.702739,0.184926,0.065428
data\paderborn\extracted\KI01\KI01\N15_M01_F10_KI01_4.mat,inner_race,inner_race,0.246786,0.573783,0.029344,0.150088
data\paderborn\extracted\KI01\KI01\N15_M01_F10_KI01_4.mat,inner_race,inner_race,0.163269,0.559276,0.141582,0.135873
data\paderborn\extracted\KI01\KI01\N15_M01_F10_KI01_4.mat,inner_race,inner_race,0.117063,0.532584,0.153991,0.196363
data\paderborn\extracted\KI01\KI01\N15_M01_F10_KI01_4.mat,inner_race,inner_race,0.210199,0.694348,0.016983,0.078469
data\paderborn\extracted\KI01\KI01\N15_M01_F10_KI01_4.mat,inner_race,inner_race,0.331149,0.447924,0.055051,0.165876
data\paderborn\extracted\KI01\KI01\N15_M01_F10_KI01_4.mat,inner_race,inner_race,0.276420,0.488843,0.044530,0.190208
data\paderborn\extracted\KI01\KI01\N15_M01_F10_KI01_4.mat,inner_race,rolling_element,0.139175,0.340926,0.082843,0.437056
data\paderborn\extracted\KI01\KI01\N15_M01_F10_KI01_4.mat,inner_race,inner_race,0.350545,0.438769,0.039740,0.170946
data\paderborn\extracted\KI01\KI01\N15_M01_F10_KI01_5.mat,inner_race,inner_race,0.348287,0.559267,0.007288,0.085159
data\paderborn\extracted\KI01\KI01\N15_M01_F10_KI01_5.mat,inner_race,inner_race,0.103878,0.765555,0.062042,0.068524
data\paderborn\extracted\KI01\KI01\N15_M01_F10_KI01_5.mat,inner_race,inner_race,0.109391,0.525524,0.181284,0.183802
data\paderborn\extracted\KI01\KI01\N15_M01_F10_KI01_5.mat,inner_race,inner_race,0.112237,0.623192,0.104560,0.160011
data\paderborn\extracted\KI01\KI01\N15_M01_F10_KI01_5.mat,inner_race,inner_race,0.299459,0.583228,0.009727,0.107586
data\paderborn\extracted\KI01\KI01\N15_M01_F10_KI01_5.mat,inner_race,inner_race,0.181943,0.553345,0.097058,0.167654
data\paderborn\extracted\KI01\KI01\N15_M01_F10_KI01_5.mat,inner_race,inner_race,0.212474,0.644351,0.044019,0.099156
data\paderborn\extracted\KI01\KI01\N15_M01_F10_KI01_5.mat,inner_race,inner_race,0.135936,0.597738,0.110119,0.156206
data\paderborn\extracted\KI01\KI01\N15_M01_F10_KI01_6.mat,inner_race,inner_race,0.200768,0.688718,0.019294,0.091221
data\paderborn\extracted\KI01\KI01\N15_M01_F10_KI01_6.mat,inner_race,inner_race,0.168617,0.592205,0.085267,0.153910
data\paderborn\extracted\KI01\KI01\N15_M01_F10_KI01_6.mat,inner_race,inner_race,0.205552,0.428742,0.085688,0.280018
data\paderborn\extracted\KI01\KI01\N15_M01_F10_KI01_6.mat,inner_race,inner_race,0.205333,0.599154,0.059702,0.135810
data\paderborn\extracted\KI01\KI01\N15_M01_F10_KI01_6.mat,inner_race,inner_race,0.346437,0.413552,0.032693,0.207319
data\paderborn\extracted\KI01\KI01\N15_M01_F10_KI01_6.mat,inner_race,healthy,0.417514,0.272709,0.037955,0.271822
data\paderborn\extracted\KI01\KI01\N15_M01_F10_KI01_6.mat,inner_race,inner_race,0.116761,0.497670,0.231923,0.153646
data\paderborn\extracted\KI01\KI01\N15_M01_F10_KI01_6.mat,inner_race,inner_race,0.095295,0.562058,0.242153,0.100494
data\paderborn\extracted\KI01\KI01\N15_M01_F10_KI01_7.mat,inner_race,inner_race,0.081167,0.587039,0.224223,0.107572
data\paderborn\extracted\KI01\KI01\N15_M01_F10_KI01_7.mat,inner_race,inner_race,0.174611,0.663636,0.046265,0.115488
data\paderborn\extracted\KI01\KI01\N15_M01_F10_KI01_7.mat,inner_race,inner_race,0.221382,0.589443,0.044526,0.144649
data\paderborn\extracted\KI01\KI01\N15_M01_F10_KI01_7.mat,inner_race,inner_race,0.288072,0.536694,0.026832,0.148402
data\paderborn\extracted\KI01\KI01\N15_M01_F10_KI01_7.mat,inner_race,inner_race,0.321387,0.587649,0.005816,0.085147
data\paderborn\extracted\KI01\KI01\N15_M01_F10_KI01_7.mat,inner_race,inner_race,0.183406,0.678103,0.063168,0.075324
data\paderborn\extracted\KI01\KI01\N15_M01_F10_KI01_7.mat,inner_race,inner_race,0.289670,0.521190,0.033949,0.155192
data\paderborn\extracted\KI01\KI01\N15_M01_F10_KI01_7.mat,inner_race,inner_race,0.236292,0.597670,0.035462,0.130576
data\paderborn\extracted\KI01\KI01\N15_M01_F10_KI01_8.mat,inner_race,inner_race,0.368606,0.528151,0.009197,0.094045
data\paderborn\extracted\KI01\KI01\N15_M01_F10_KI01_8.mat,inner_race,inner_race,0.256652,0.542889,0.047382,0.153076
data\paderborn\extracted\KI01\KI01\N15_M01_F10_KI01_8.mat,inner_race,inner_race,0.112899,0.608776,0.164905,0.113420
data\paderborn\extracted\KI01\KI01\N15_M01_F10_KI01_8.mat,inner_race,inner_race,0.250547,0.608042,0.026562,0.114849
data\paderborn\extracted\KI01\KI01\N15_M01_F10_KI01_8.mat,inner_race,healthy,0.362483,0.275343,0.054473,0.307701
data\paderborn\extracted\KI01\KI01\N15_M01_F10_KI01_8.mat,inner_race,inner_race,0.175146,0.532015,0.095903,0.196935
data\paderborn\extracted\KI01\KI01\N15_M01_F10_KI01_8.mat,inner_race,inner_race,0.100251,0.469895,0.335873,0.093981
data\paderborn\extracted\KI01\KI01\N15_M01_F10_KI01_8.mat,inner_race,inner_race,0.078290,0.648753,0.188230,0.084727
data\paderborn\extracted\KI01\KI01\N15_M01_F10_KI01_9.mat,inner_race,inner_race,0.185375,0.700200,0.045656,0.068768
data\paderborn\extracted\KI01\KI01\N15_M01_F10_KI01_9.mat,inner_race,outer_race,0.097950,0.308266,0.308495,0.285290
data\paderborn\extracted\KI01\KI01\N15_M01_F10_KI01_9.mat,inner_race,inner_race,0.127378,0.614028,0.123406,0.135187
data\paderborn\extracted\KI01\KI01\N15_M01_F10_KI01_9.mat,inner_race,inner_race,0.174363,0.588673,0.097760,0.139204
data\paderborn\extracted\KI01\KI01\N15_M01_F10_KI01_9.mat,inner_race,inner_race,0.250958,0.456900,0.068763,0.223378
data\paderborn\extracted\KI01\KI01\N15_M01_F10_KI01_9.mat,inner_race,inner_race,0.220542,0.640212,0.016437,0.122810
data\paderborn\extracted\KI01\KI01\N15_M01_F10_KI01_9.mat,inner_race,inner_race,0.288983,0.531059,0.023524,0.156434
data\paderborn\extracted\KI01\KI01\N15_M01_F10_KI01_9.mat,inner_race,inner_race,0.030463,0.484909,0.408449,0.076179
data\paderborn\extracted\KI01\KI01\N15_M07_F04_KI01_1.mat,inner_race,inner_race,0.073977,0.503839,0.273142,0.149042
data\paderborn\extracted\KI01\KI01\N15_M07_F04_KI01_1.mat,inner_race,inner_race,0.158099,0.358721,0.226610,0.256570
data\paderborn\extracted\KI01\KI01\N15_M07_F04_KI01_1.mat,inner_race,outer_race,0.135429,0.253573,0.370170,0.240828
data\paderborn\extracted\KI01\KI01\N15_M07_F04_KI01_1.mat,inner_race,inner_race,0.173604,0.398598,0.230198,0.197600
data\paderborn\extracted\KI01\KI01\N15_M07_F04_KI01_1.mat,inner_race,outer_race,0.086975,0.349002,0.421691,0.142332
data\paderborn\extracted\KI01\KI01\N15_M07_F04_KI01_1.mat,inner_race,inner_race,0.155488,0.568505,0.120075,0.155932
data\paderborn\extracted\KI01\KI01\N15_M07_F04_KI01_1.mat,inner_race,rolling_element,0.174986,0.261155,0.210193,0.353666
data\paderborn\extracted\KI01\KI01\N15_M07_F04_KI01_1.mat,inner_race,inner_race,0.140507,0.466863,0.189889,0.202740
data\paderborn\extracted\KI01\KI01\N15_M07_F04_KI01_10.mat,inner_race,inner_race,0.300523,0.432473,0.110629,0.156376
data\paderborn\extracted\KI01\KI01\N15_M07_F04_KI01_10.mat,inner_race,rolling_element,0.207979,0.223391,0.234216,0.334414
data\paderborn\extracted\KI01\KI01\N15_M07_F04_KI01_10.mat,inner_race,rolling_element,0.227341,0.252436,0.254704,0.265519
data\paderborn\extracted\KI01\KI01\N15_M07_F04_KI01_10.mat,inner_race,inner_race,0.379673,0.384338,0.048655,0.187335
data\paderborn\extracted\KI01\KI01\N15_M07_F04_KI01_10.mat,inner_race,inner_race,0.196703,0.379891,0.200236,0.223170
data\paderborn\extracted\KI01\KI01\N15_M07_F04_KI01_10.mat,inner_race,inner_race,0.194409,0.529087,0.134492,0.142012
data\paderborn\extracted\KI01\KI01\N15_M07_F04_KI01_10.mat,inner_race,rolling_element,0.236974,0.299029,0.144912,0.319085
data\paderborn\extracted\KI01\KI01\N15_M07_F04_KI01_10.mat,inner_race,healthy,0.502371,0.107413,0.084386,0.305831
data\paderborn\extracted\KI01\KI01\N15_M07_F04_KI01_11.mat,inner_race,outer_race,0.172739,0.281397,0.294339,0.251524
data\paderborn\extracted\KI01\KI01\N15_M07_F04_KI01_11.mat,inner_race,inner_race,0.213300,0.410612,0.153349,0.222739
data\paderborn\extracted\KI01\KI01\N15_M07_F04_KI01_11.mat,inner_race,rolling_element,0.338346,0.107333,0.125100,0.429222
data\paderborn\extracted\KI01\KI01\N15_M07_F04_KI01_11.mat,inner_race,inner_race,0.226866,0.280133,0.226141,0.266860
data\paderborn\extracted\KI01\KI01\N15_M07_F04_KI01_11.mat,inner_race,inner_race,0.302380,0.419638,0.104792,0.173190
data\paderborn\extracted\KI01\KI01\N15_M07_F04_KI01_11.mat,inner_race,inner_race,0.273264,0.304860,0.167792,0.254085
data\paderborn\extracted\KI01\KI01\N15_M07_F04_KI01_11.mat,inner_race,rolling_element,0.205907,0.157219,0.213731,0.423143
data\paderborn\extracted\KI01\KI01\N15_M07_F04_KI01_11.mat,inner_race,inner_race,0.189186,0.297004,0.251576,0.262233
data\paderborn\extracted\KI01\KI01\N15_M07_F04_KI01_12.mat,inner_race,inner_race,0.149690,0.400292,0.252282,0.197736
data\paderborn\extracted\KI01\KI01\N15_M07_F04_KI01_12.mat,inner_race,inner_race,0.223711,0.374090,0.198812,0.203387
data\paderborn\extracted\KI01\KI01\N15_M07_F04_KI01_12.mat,inner_race,inner_race,0.315246,0.335506,0.102402,0.246846
data\paderborn\extracted\KI01\KI01\N15_M07_F04_KI01_12.mat,inner_race,inner_race,0.112045,0.372038,0.224649,0.291268
data\paderborn\extracted\KI01\KI01\N15_M07_F04_KI01_12.mat,inner_race,inner_race,0.172776,0.421636,0.201601,0.203986
data\paderborn\extracted\KI01\KI01\N15_M07_F04_KI01_12.mat,inner_race,inner_race,0.169847,0.503980,0.166109,0.160064
data\paderborn\extracted\KI01\KI01\N15_M07_F04_KI01_12.mat,inner_race,healthy,0.439245,0.247088,0.100299,0.213368
data\paderborn\extracted\KI01\KI01\N15_M07_F04_KI01_12.mat,inner_race,inner_race,0.374465,0.381364,0.060162,0.184009
data\paderborn\extracted\KI01\KI01\N15_M07_F04_KI01_13.mat,inner_race,inner_race,0.289042,0.419286,0.122909,0.168763
data\paderborn\extracted\KI01\KI01\N15_M07_F04_KI01_13.mat,inner_race,inner_race,0.248171,0.354815,0.210495,0.186518
data\paderborn\extracted\KI01\KI01\N15_M07_F04_KI01_13.mat,inner_race,inner_race,0.211412,0.385915,0.183263,0.219409
data\paderborn\extracted\KI01\KI01\N15_M07_F04_KI01_13.mat,inner_race,inner_race,0.196701,0.370654,0.159252,0.273393
data\paderborn\extracted\KI01\KI01\N15_M07_F04_KI01_13.mat,inner_race,inner_race,0.110146,0.507345,0.217976,0.164533
data\paderborn\extracted\KI01\KI01\N15_M07_F04_KI01_13.mat,inner_race,inner_race,0.292224,0.391515,0.125971,0.190290
data\paderborn\extracted\KI01\KI01\N15_M07_F04_KI01_13.mat,inner_race,inner_race,0.208172,0.480938,0.155729,0.155161
data\paderborn\extracted\KI01\KI01\N15_M07_F04_KI01_13.mat,inner_race,inner_race,0.075396,0.415811,0.351491,0.157302
data\paderborn\extracted\KI01\KI01\N15_M07_F04_KI01_14.mat,inner_race,inner_race,0.108112,0.557420,0.192111,0.142357
data\paderborn\extracted\KI01\KI01\N15_M07_F04_KI01_14.mat,inner_race,inner_race,0.218994,0.399559,0.133154,0.248293
data\paderborn\extracted\KI01\KI01\N15_M07_F04_KI01_14.mat,inner_race,inner_race,0.076586,0.595685,0.224607,0.103122
data\paderborn\extracted\KI01\KI01\N15_M07_F04_KI01_14.mat,inner_race,inner_race,0.224682,0.497806,0.121264,0.156247
data\paderborn\extracted\KI01\KI01\N15_M07_F04_KI01_14.mat,inner_race,inner_race,0.307060,0.465349,0.064067,0.163524
data\paderborn\extracted\KI01\KI01\N15_M07_F04_KI01_14.mat,inner_race,inner_race,0.120279,0.421795,0.266933,0.190993
data\paderborn\extracted\KI01\KI01\N15_M07_F04_KI01_14.mat,inner_race,inner_race,0.131800,0.326454,0.307339,0.234406
data\paderborn\extracted\KI01\KI01\N15_M07_F04_KI01_14.mat,inner_race,inner_race,0.191668,0.623431,0.075176,0.109725
data\paderborn\extracted\KI01\KI01\N15_M07_F04_KI01_15.mat,inner_race,outer_race,0.117717,0.319183,0.327150,0.235951
data\paderborn\extracted\KI01\KI01\N15_M07_F04_KI01_15.mat,inner_race,inner_race,0.135678,0.412552,0.217207,0.234563
data\paderborn\extracted\KI01\KI01\N15_M07_F04_KI01_15.mat,inner_race,healthy,0.364598,0.266123,0.120222,0.249057
data\paderborn\extracted\KI01\KI01\N15_M07_F04_KI01_15.mat,inner_race,inner_race,0.159181,0.364943,0.287660,0.188216
data\paderborn\extracted\KI01\KI01\N15_M07_F04_KI01_15.mat,inner_race,inner_race,0.133581,0.504106,0.199457,0.162856
data\paderborn\extracted\KI01\KI01\N15_M07_F04_KI01_15.mat,inner_race,inner_race,0.170951,0.324312,0.210189,0.294548
data\paderborn\extracted\KI01\KI01\N15_M07_F04_KI01_15.mat,inner_race,inner_race,0.153264,0.549489,0.139133,0.158115
data\paderborn\extracted\KI01\KI01\N15_M07_F04_KI01_15.mat,inner_race,inner_race,0.273320,0.348621,0.143593,0.234467
data\paderborn\extracted\KI01\KI01\N15_M07_F04_KI01_16.mat,inner_race,inner_race,0.148323,0.319944,0.249401,0.282332
data\paderborn\extracted\KI01\KI01\N15_M07_F04_KI01_16.mat,inner_race,inner_race,0.138779,0.525637,0.168161,0.167423
data\paderborn\extracted\KI01\KI01\N15_M07_F04_KI01_16.mat,inner_race,inner_race,0.218402,0.516295,0.104153,0.161150
data\paderborn\extracted\KI01\KI01\N15_M07_F04_KI01_16.mat,inner_race,inner_race,0.212300,0.343229,0.180806,0.263665
data\paderborn\extracted\KI01\KI01\N15_M07_F04_KI01_16.mat,inner_race,outer_race,0.077024,0.297058,0.348837,0.277080
data\paderborn\extracted\KI01\KI01\N15_M07_F04_KI01_16.mat,inner_race,outer_race,0.097489,0.275185,0.385632,0.241694
data\paderborn\extracted\KI01\KI01\N15_M07_F04_KI01_16.mat,inner_race,inner_race,0.080948,0.485217,0.274812,0.159023
data\paderborn\extracted\KI01\KI01\N15_M07_F04_KI01_16.mat,inner_race,inner_race,0.266143,0.422625,0.096866,0.214366
data\paderborn\extracted\KI01\KI01\N15_M07_F04_KI01_17.mat,inner_race,inner_race,0.285225,0.421291,0.097061,0.196422
data\paderborn\extracted\KI01\KI01\N15_M07_F04_KI01_17.mat,inner_race,inner_race,0.072067,0.421364,0.359058,0.147511
data\paderborn\extracted\KI01\KI01\N15_M07_F04_KI01_17.mat,inner_race,inner_race,0.161124,0.447492,0.189614,0.201770
data\paderborn\extracted\KI01\KI01\N15_M07_F04_KI01_17.mat,inner_race,inner_race,0.126821,0.512927,0.197802,0.162449
data\paderborn\extracted\KI01\KI01\N15_M07_F04_KI01_17.mat,inner_race,inner_race,0.129814,0.461867,0.247534,0.160785
data\paderborn\extracted\KI01\KI01\N15_M07_F04_KI01_17.mat,inner_race,inner_race,0.154790,0.376139,0.271397,0.197674
data\paderborn\extracted\KI01\KI01\N15_M07_F04_KI01_17.mat,inner_race,inner_race,0.109521,0.523472,0.177942,0.189064
data\paderborn\extracted\KI01\KI01\N15_M07_F04_KI01_17.mat,inner_race,inner_race,0.139127,0.361570,0.258798,0.240506
data\paderborn\extracted\KI01\KI01\N15_M07_F04_KI01_18.mat,inner_race,rolling_element,0.138580,0.179543,0.327514,0.354362
data\paderborn\extracted\KI01\KI01\N15_M07_F04_KI01_18.mat,inner_race,inner_race,0.164848,0.300720,0.240013,0.294419
data\paderborn\extracted\KI01\KI01\N15_M07_F04_KI01_18.mat,inner_race,inner_race,0.228534,0.406258,0.129694,0.235515
data\paderborn\extracted\KI01\KI01\N15_M07_F04_KI01_18.mat,inner_race,inner_race,0.120922,0.457889,0.258449,0.162740
data\paderborn\extracted\KI01\KI01\N15_M07_F04_KI01_18.mat,inner_race,inner_race,0.120587,0.510137,0.245660,0.123616
data\paderborn\extracted\KI01\KI01\N15_M07_F04_KI01_18.mat,inner_race,inner_race,0.204660,0.369830,0.156518,0.268992
data\paderborn\extracted\KI01\KI01\N15_M07_F04_KI01_18.mat,inner_race,inner_race,0.094091,0.385939,0.281879,0.238091
data\paderborn\extracted\KI01\KI01\N15_M07_F04_KI01_18.mat,inner_race,inner_race,0.194436,0.341746,0.206899,0.256918
data\paderborn\extracted\KI01\KI01\N15_M07_F04_KI01_19.mat,inner_race,inner_race,0.178946,0.353507,0.229517,0.238030
data\paderborn\extracted\KI01\KI01\N15_M07_F04_KI01_19.mat,inner_race,inner_race,0.126929,0.376653,0.287877,0.208541
data\paderborn\extracted\KI01\KI01\N15_M07_F04_KI01_19.mat,inner_race,inner_race,0.310267,0.413688,0.105156,0.170888
data\paderborn\extracted\KI01\KI01\N15_M07_F04_KI01_19.mat,inner_race,inner_race,0.304445,0.368874,0.091272,0.235409
data\paderborn\extracted\KI01\KI01\N15_M07_F04_KI01_19.mat,inner_race,rolling_element,0.278067,0.196922,0.207185,0.317825
data\paderborn\extracted\KI01\KI01\N15_M07_F04_KI01_19.mat,inner_race,inner_race,0.139202,0.319795,0.307530,0.233472
data\paderborn\extracted\KI01\KI01\N15_M07_F04_KI01_19.mat,inner_race,inner_race,0.266903,0.425118,0.110992,0.196987
data\paderborn\extracted\KI01\KI01\N15_M07_F04_KI01_19.mat,inner_race,inner_race,0.226164,0.493855,0.131188,0.148793
data\paderborn\extracted\KI01\KI01\N15_M07_F04_KI01_2.mat,inner_race,inner_race,0.220261,0.336498,0.185381,0.257860
data\paderborn\extracted\KI01\KI01\N15_M07_F04_KI01_2.mat,inner_race,inner_race,0.062186,0.393350,0.374980,0.169484
data\paderborn\extracted\KI01\KI01\N15_M07_F04_KI01_2.mat,inner_race,inner_race,0.185799,0.340664,0.220539,0.252997
data\paderborn\extracted\KI01\KI01\N15_M07_F04_KI01_2.mat,inner_race,inner_race,0.138616,0.457281,0.239268,0.164835
data\paderborn\extracted\KI01\KI01\N15_M07_F04_KI01_2.mat,inner_race,inner_race,0.169091,0.347482,0.235773,0.247654
data\paderborn\extracted\KI01\KI01\N15_M07_F04_KI01_2.mat,inner_race,inner_race,0.263441,0.328070,0.117225,0.291263
data\paderborn\extracted\KI01\KI01\N15_M07_F04_KI01_2.mat,inner_race,inner_race,0.140703,0.368626,0.238690,0.251980
data\paderborn\extracted\KI01\KI01\N15_M07_F04_KI01_2.mat,inner_race,inner_race,0.209377,0.369933,0.176945,0.243745
data\paderborn\extracted\KI01\KI01\N15_M07_F04_KI01_20.mat,inner_race,inner_race,0.103424,0.371604,0.320269,0.204703
data\paderborn\extracted\KI01\KI01\N15_M07_F04_KI01_20.mat,inner_race,inner_race,0.148470,0.334016,0.208510,0.309004
data\paderborn\extracted\KI01\KI01\N15_M07_F04_KI01_20.mat,inner_race,inner_race,0.237083,0.415234,0.165699,0.181983
data\paderborn\extracted\KI01\KI01\N15_M07_F04_KI01_20.mat,inner_race,inner_race,0.251252,0.392896,0.158466,0.197386
data\paderborn\extracted\KI01\KI01\N15_M07_F04_KI01_20.mat,inner_race,inner_race,0.110018,0.510749,0.168976,0.210258
data\paderborn\extracted\KI01\KI01\N15_M07_F04_KI01_20.mat,inner_race,inner_race,0.165493,0.347577,0.214062,0.272868
data\paderborn\extracted\KI01\KI01\N15_M07_F04_KI01_20.mat,inner_race,inner_race,0.123220,0.496763,0.202417,0.177600
data\paderborn\extracted\KI01\KI01\N15_M07_F04_KI01_20.mat,inner_race,inner_race,0.326059,0.404545,0.101087,0.168308
data\paderborn\extracted\KI01\KI01\N15_M07_F04_KI01_3.mat,inner_race,inner_race,0.273078,0.517743,0.070997,0.138182
data\paderborn\extracted\KI01\KI01\N15_M07_F04_KI01_3.mat,inner_race,healthy,0.314854,0.311372,0.130372,0.243402
data\paderborn\extracted\KI01\KI01\N15_M07_F04_KI01_3.mat,inner_race,rolling_element,0.156202,0.269665,0.286009,0.288125
data\paderborn\extracted\KI01\KI01\N15_M07_F04_KI01_3.mat,inner_race,healthy,0.367958,0.224796,0.118553,0.288694
data\paderborn\extracted\KI01\KI01\N15_M07_F04_KI01_3.mat,inner_race,healthy,0.335768,0.319938,0.108279,0.236016
data\paderborn\extracted\KI01\KI01\N15_M07_F04_KI01_3.mat,inner_race,inner_race,0.206860,0.363097,0.193277,0.236767
data\paderborn\extracted\KI01\KI01\N15_M07_F04_KI01_3.mat,inner_race,inner_race,0.131648,0.492321,0.211314,0.164717
data\paderborn\extracted\KI01\KI01\N15_M07_F04_KI01_3.mat,inner_race,inner_race,0.158080,0.393577,0.240250,0.208093
data\paderborn\extracted\KI01\KI01\N15_M07_F04_KI01_4.mat,inner_race,inner_race,0.169521,0.453515,0.188237,0.188727
data\paderborn\extracted\KI01\KI01\N15_M07_F04_KI01_4.mat,inner_race,outer_race,0.156504,0.271301,0.319094,0.253101
data\paderborn\extracted\KI01\KI01\N15_M07_F04_KI01_4.mat,inner_race,inner_race,0.087663,0.547082,0.224287,0.140968
data\paderborn\extracted\KI01\KI01\N15_M07_F04_KI01_4.mat,inner_race,inner_race,0.241237,0.399210,0.120450,0.239104
data\paderborn\extracted\KI01\KI01\N15_M07_F04_KI01_4.mat,inner_race,inner_race,0.152744,0.384048,0.281068,0.182140
data\paderborn\extracted\KI01\KI01\N15_M07_F04_KI01_4.mat,inner_race,inner_race,0.248505,0.350823,0.175012,0.225660
data\paderborn\extracted\KI01\KI01\N15_M07_F04_KI01_4.mat,inner_race,rolling_element,0.164233,0.221757,0.299064,0.314946
data\paderborn\extracted\KI01\KI01\N15_M07_F04_KI01_4.mat,inner_race,inner_race,0.088851,0.344771,0.338551,0.227827
data\paderborn\extracted\KI01\KI01\N15_M07_F04_KI01_5.mat,inner_race,inner_race,0.221912,0.469026,0.150108,0.158954
data\paderborn\extracted\KI01\KI01\N15_M07_F04_KI01_5.mat,inner_race,inner_race,0.147661,0.529426,0.179786,0.143127
data\paderborn\extracted\KI01\KI01\N15_M07_F04_KI01_5.mat,inner_race,inner_race,0.168707,0.335188,0.254921,0.241185
data\paderborn\extracted\KI01\KI01\N15_M07_F04_KI01_5.mat,inner_race,inner_race,0.120163,0.565071,0.191558,0.123209
data\paderborn\extracted\KI01\KI01\N15_M07_F04_KI01_5.mat,inner_race,inner_race,0.197802,0.394924,0.179836,0.227438
data\paderborn\extracted\KI01\KI01\N15_M07_F04_KI01_5.mat,inner_race,inner_race,0.158663,0.347433,0.270511,0.223393
data\paderborn\extracted\KI01\KI01\N15_M07_F04_KI01_5.mat,inner_race,inner_race,0.190611,0.410803,0.201540,0.197045
data\paderborn\extracted\KI01\KI01\N15_M07_F04_KI01_5.mat,inner_race,inner_race,0.146881,0.362100,0.264065,0.226953
data\paderborn\extracted\KI01\KI01\N15_M07_F04_KI01_6.mat,inner_race,inner_race,0.139732,0.491157,0.217579,0.151532
data\paderborn\extracted\KI01\KI01\N15_M07_F04_KI01_6.mat,inner_race,inner_race,0.178300,0.281966,0.259051,0.280683
data\paderborn\extracted\KI01\KI01\N15_M07_F04_KI01_6.mat,inner_race,inner_race,0.105477,0.497914,0.175459,0.221150
data\paderborn\extracted\KI01\KI01\N15_M07_F04_KI01_6.mat,inner_race,inner_race,0.135311,0.360711,0.280433,0.223545
data\paderborn\extracted\KI01\KI01\N15_M07_F04_KI01_6.mat,inner_race,inner_race,0.096927,0.499435,0.224960,0.178678
data\paderborn\extracted\KI01\KI01\N15_M07_F04_KI01_6.mat,inner_race,inner_race,0.171922,0.532886,0.153169,0.142024
data\paderborn\extracted\KI01\KI01\N15_M07_F04_KI01_6.mat,inner_race,inner_race,0.264794,0.451770,0.079316,0.204121
data\paderborn\extracted\KI01\KI01\N15_M07_F04_KI01_6.mat,inner_race,inner_race,0.086871,0.451032,0.300749,0.161348
data\paderborn\extracted\KI01\KI01\N15_M07_F04_KI01_7.mat,inner_race,inner_race,0.140551,0.395189,0.286578,0.177683
data\paderborn\extracted\KI01\KI01\N15_M07_F04_KI01_7.mat,inner_race,inner_race,0.104472,0.634640,0.148819,0.112069
data\paderborn\extracted\KI01\KI01\N15_M07_F04_KI01_7.mat,inner_race,inner_race,0.160566,0.368232,0.227800,0.243401
data\paderborn\extracted\KI01\KI01\N15_M07_F04_KI01_7.mat,inner_race,outer_race,0.041355,0.405639,0.427079,0.125927
data\paderborn\extracted\KI01\KI01\N15_M07_F04_KI01_7.mat,inner_race,inner_race,0.152818,0.354640,0.299055,0.193486
data\paderborn\extracted\KI01\KI01\N15_M07_F04_KI01_7.mat,inner_race,inner_race,0.279822,0.379826,0.107667,0.232685
data\paderborn\extracted\KI01\KI01\N15_M07_F04_KI01_7.mat,inner_race,inner_race,0.062764,0.564264,0.252065,0.120907
data\paderborn\extracted\KI01\KI01\N15_M07_F04_KI01_7.mat,inner_race,inner_race,0.202790,0.436073,0.156487,0.204650
data\paderborn\extracted\KI01\KI01\N15_M07_F04_KI01_8.mat,inner_race,rolling_element,0.220520,0.277669,0.185818,0.315993
data\paderborn\extracted\KI01\KI01\N15_M07_F04_KI01_8.mat,inner_race,inner_race,0.192848,0.531280,0.132775,0.143097
data\paderborn\extracted\KI01\KI01\N15_M07_F04_KI01_8.mat,inner_race,inner_race,0.264645,0.506032,0.074646,0.154678
data\paderborn\extracted\KI01\KI01\N15_M07_F04_KI01_8.mat,inner_race,inner_race,0.187355,0.381668,0.211128,0.219848
data\paderborn\extracted\KI01\KI01\N15_M07_F04_KI01_8.mat,inner_race,inner_race,0.069677,0.498853,0.276012,0.155458
data\paderborn\extracted\KI01\KI01\N15_M07_F04_KI01_8.mat,inner_race,inner_race,0.237383,0.345464,0.143186,0.273967
data\paderborn\extracted\KI01\KI01\N15_M07_F04_KI01_8.mat,inner_race,inner_race,0.183917,0.360037,0.237408,0.218638
data\paderborn\extracted\KI01\KI01\N15_M07_F04_KI01_8.mat,inner_race,inner_race,0.210219,0.430985,0.164199,0.194597
data\paderborn\extracted\KI01\KI01\N15_M07_F04_KI01_9.mat,inner_race,outer_race,0.114907,0.260527,0.368969,0.255597
data\paderborn\extracted\KI01\KI01\N15_M07_F04_KI01_9.mat,inner_race,inner_race,0.265399,0.376201,0.121703,0.236697
data\paderborn\extracted\KI01\KI01\N15_M07_F04_KI01_9.mat,inner_race,inner_race,0.146445,0.509298,0.209581,0.134676
data\paderborn\extracted\KI01\KI01\N15_M07_F04_KI01_9.mat,inner_race,inner_race,0.111265,0.400312,0.316507,0.171916
data\paderborn\extracted\KI01\KI01\N15_M07_F04_KI01_9.mat,inner_race,inner_race,0.257192,0.427498,0.093037,0.222274
data\paderborn\extracted\KI01\KI01\N15_M07_F04_KI01_9.mat,inner_race,inner_race,0.041537,0.485958,0.364847,0.107658
data\paderborn\extracted\KI01\KI01\N15_M07_F04_KI01_9.mat,inner_race,inner_race,0.277725,0.416203,0.112414,0.193658
data\paderborn\extracted\KI01\KI01\N15_M07_F04_KI01_9.mat,inner_race,inner_race,0.232177,0.453889,0.144905,0.169028
data\paderborn\extracted\KI01\KI01\N15_M07_F10_KI01_1.mat,inner_race,inner_race,0.184505,0.293771,0.251256,0.270468
data\paderborn\extracted\KI01\KI01\N15_M07_F10_KI01_1.mat,inner_race,inner_race,0.132688,0.382767,0.272182,0.212364
data\paderborn\extracted\KI01\KI01\N15_M07_F10_KI01_1.mat,inner_race,rolling_element,0.227060,0.252817,0.197782,0.322341
data\paderborn\extracted\KI01\KI01\N15_M07_F10_KI01_1.mat,inner_race,inner_race,0.122688,0.386068,0.247883,0.243361
data\paderborn\extracted\KI01\KI01\N15_M07_F10_KI01_1.mat,inner_race,inner_race,0.251222,0.317120,0.146901,0.284757
data\paderborn\extracted\KI01\KI01\N15_M07_F10_KI01_1.mat,inner_race,inner_race,0.261009,0.351474,0.142870,0.244648
data\paderborn\extracted\KI01\KI01\N15_M07_F10_KI01_1.mat,inner_race,rolling_element,0.278424,0.146050,0.176343,0.399184
data\paderborn\extracted\KI01\KI01\N15_M07_F10_KI01_1.mat,inner_race,rolling_element,0.269594,0.277432,0.145480,0.307493
data\paderborn\extracted\KI01\KI01\N15_M07_F10_KI01_10.mat,inner_race,inner_race,0.218890,0.345376,0.238470,0.197264
data\paderborn\extracted\KI01\KI01\N15_M07_F10_KI01_10.mat,inner_race,inner_race,0.062858,0.421972,0.343123,0.172048
data\paderborn\extracted\KI01\KI01\N15_M07_F10_KI01_10.mat,inner_race,inner_race,0.156968,0.427001,0.177743,0.238288
data\paderborn\extracted\KI01\KI01\N15_M07_F10_KI01_10.mat,inner_race,inner_race,0.143953,0.553955,0.163979,0.138113
data\paderborn\extracted\KI01\KI01\N15_M07_F10_KI01_10.mat,inner_race,inner_race,0.184318,0.396577,0.230953,0.188152
data\paderborn\extracted\KI01\KI01\N15_M07_F10_KI01_10.mat,inner_race,inner_race,0.294985,0.400394,0.122842,0.181779
data\paderborn\extracted\KI01\KI01\N15_M07_F10_KI01_10.mat,inner_race,inner_race,0.086765,0.577098,0.197271,0.138866
data\paderborn\extracted\KI01\KI01\N15_M07_F10_KI01_10.mat,inner_race,outer_race,0.113948,0.276576,0.338842,0.270634
data\paderborn\extracted\KI01\KI01\N15_M07_F10_KI01_11.mat,inner_race,outer_race,0.062062,0.296778,0.454508,0.186652
data\paderborn\extracted\KI01\KI01\N15_M07_F10_KI01_11.mat,inner_race,outer_race,0.076637,0.168328,0.463921,0.291113
data\paderborn\extracted\KI01\KI01\N15_M07_F10_KI01_11.mat,inner_race,inner_race,0.066648,0.420140,0.330770,0.182442
data\paderborn\extracted\KI01\KI01\N15_M07_F10_KI01_11.mat,inner_race,outer_race,0.159729,0.310623,0.319544,0.210104
data\paderborn\extracted\KI01\KI01\N15_M07_F10_KI01_11.mat,inner_race,rolling_element,0.299015,0.172789,0.205525,0.322672
data\paderborn\extracted\KI01\KI01\N15_M07_F10_KI01_11.mat,inner_race,inner_race,0.216136,0.281031,0.226833,0.275999
data\paderborn\extracted\KI01\KI01\N15_M07_F10_KI01_11.mat,inner_race,outer_race,0.086495,0.201510,0.434372,0.277623
data\paderborn\extracted\KI01\KI01\N15_M07_F10_KI01_11.mat,inner_race,rolling_element,0.214573,0.159649,0.238603,0.387175
data\paderborn\extracted\KI01\KI01\N15_M07_F10_KI01_12.mat,inner_race,healthy,0.399192,0.337729,0.071823,0.191256
data\paderborn\extracted\KI01\KI01\N15_M07_F10_KI01_12.mat,inner_race,inner_race,0.319960,0.339824,0.147456,0.192761
data\paderborn\extracted\KI01\KI01\N15_M07_F10_KI01_12.mat,inner_race,rolling_element,0.301886,0.182181,0.194373,0.321560
data\paderborn\extracted\KI01\KI01\N15_M07_F10_KI01_12.mat,inner_race,outer_race,0.073263,0.248988,0.470567,0.207182
data\paderborn\extracted\KI01\KI01\N15_M07_F10_KI01_12.mat,inner_race,rolling_element,0.180820,0.236177,0.274916,0.308087
data\paderborn\extracted\KI01\KI01\N15_M07_F10_KI01_12.mat,inner_race,inner_race,0.180328,0.431481,0.189620,0.198572
data\paderborn\extracted\KI01\KI01\N15_M07_F10_KI01_12.mat,inner_race,inner_race,0.266065,0.323503,0.188942,0.221489
data\paderborn\extracted\KI01\KI01\N15_M07_F10_KI01_12.mat,inner_race,inner_race,0.136645,0.476545,0.215483,0.171327
data\paderborn\extracted\KI01\KI01\N15_M07_F10_KI01_13.mat,inner_race,inner_race,0.189349,0.545637,0.120081,0.144933
data\paderborn\extracted\KI01\KI01\N15_M07_F10_KI01_13.mat,inner_race,inner_race,0.143762,0.519612,0.182525,0.154101
data\paderborn\extracted\KI01\KI01\N15_M07_F10_KI01_13.mat,inner_race,inner_race,0.317163,0.390577,0.120456,0.171804
data\paderborn\extracted\KI01\KI01\N15_M07_F10_KI01_13.mat,inner_race,inner_race,0.278600,0.321012,0.162267,0.238121
data\paderborn\extracted\KI01\KI01\N15_M07_F10_KI01_13.mat,inner_race,inner_race,0.118403,0.368185,0.294738,0.218673
data\paderborn\extracted\KI01\KI01\N15_M07_F10_KI01_13.mat,inner_race,inner_race,0.152213,0.324957,0.280482,0.242349
data\paderborn\extracted\KI01\KI01\N15_M07_F10_KI01_13.mat,inner_race,inner_race,0.069380,0.426177,0.357915,0.146528
data\paderborn\extracted\KI01\KI01\N15_M07_F10_KI01_13.mat,inner_race,inner_race,0.312831,0.355574,0.131814,0.199781
data\paderborn\extracted\KI01\KI01\N15_M07_F10_KI01_14.mat,inner_race,outer_race,0.129149,0.294346,0.346264,0.230241
data\paderborn\extracted\KI01\KI01\N15_M07_F10_KI01_14.mat,inner_race,inner_race,0.118233,0.472782,0.209858,0.199127
data\paderborn\extracted\KI01\KI01\N15_M07_F10_KI01_14.mat,inner_race,inner_race,0.180925,0.379255,0.208072,0.231748
data\paderborn\extracted\KI01\KI01\N15_M07_F10_KI01_14.mat,inner_race,inner_race,0.144600,0.472180,0.237486,0.145734
data\paderborn\extracted\KI01\KI01\N15_M07_F10_KI01_14.mat,inner_race,inner_race,0.140463,0.504905,0.217749,0.136883
data\paderborn\extracted\KI01\KI01\N15_M07_F10_KI01_14.mat,inner_race,outer_race,0.110682,0.279199,0.361002,0.249118
data\paderborn\extracted\KI01\KI01\N15_M07_F10_KI01_14.mat,inner_race,inner_race,0.061273,0.421492,0.315779,0.201456
data\paderborn\extracted\KI01\KI01\N15_M07_F10_KI01_14.mat,inner_race,inner_race,0.270631,0.325596,0.158044,0.245729
data\paderborn\extracted\KI01\KI01\N15_M07_F10_KI01_15.mat,inner_race,inner_race,0.232542,0.349001,0.196283,0.222174
data\paderborn\extracted\KI01\KI01\N15_M07_F10_KI01_15.mat,inner_race,rolling_element,0.305713,0.069411,0.161475,0.463401
data\paderborn\extracted\KI01\KI01\N15_M07_F10_KI01_15.mat,inner_race,rolling_element,0.263925,0.219044,0.192298,0.324733
data\paderborn\extracted\KI01\KI01\N15_M07_F10_KI01_15.mat,inner_race,inner_race,0.333583,0.337985,0.132232,0.196201
data\paderborn\extracted\KI01\KI01\N15_M07_F10_KI01_15.mat,inner_race,healthy,0.348536,0.257519,0.150349,0.243596
data\paderborn\extracted\KI01\KI01\N15_M07_F10_KI01_15.mat,inner_race,rolling_element,0.211034,0.213631,0.263438,0.311896
data\paderborn\extracted\KI01\KI01\N15_M07_F10_KI01_15.mat,inner_race,outer_race,0.095454,0.217957,0.380530,0.306059
data\paderborn\extracted\KI01\KI01\N15_M07_F10_KI01_15.mat,inner_race,outer_race,0.118500,0.248726,0.381919,0.250855
data\paderborn\extracted\KI01\KI01\N15_M07_F10_KI01_16.mat,inner_race,rolling_element,0.155558,0.284407,0.246697,0.313337
data\paderborn\extracted\KI01\KI01\N15_M07_F10_KI01_16.mat,inner_race,inner_race,0.164290,0.414476,0.218074,0.203160
data\paderborn\extracted\KI01\KI01\N15_M07_F10_KI01_16.mat,inner_race,inner_race,0.252022,0.343684,0.168444,0.235851
data\paderborn\extracted\KI01\KI01\N15_M07_F10_KI01_16.mat,inner_race,inner_race,0.209119,0.404055,0.207339,0.179487
data\paderborn\extracted\KI01\KI01\N15_M07_F10_KI01_16.mat,inner_race,inner_race,0.143598,0.436561,0.260622,0.159219
data\paderborn\extracted\KI01\KI01\N15_M07_F10_KI01_16.mat,inner_race,rolling_element,0.138253,0.258813,0.288880,0.314054
data\paderborn\extracted\KI01\KI01\N15_M07_F10_KI01_16.mat,inner_race,outer_race,0.083049,0.304436,0.335822,0.276693
data\paderborn\extracted\KI01\KI01\N15_M07_F10_KI01_16.mat,inner_race,inner_race,0.210626,0.367353,0.206512,0.215509
data\paderborn\extracted\KI01\KI01\N15_M07_F10_KI01_17.mat,inner_race,healthy,0.315891,0.287441,0.149442,0.247227
data\paderborn\extracted\KI01\KI01\N15_M07_F10_KI01_17.mat,inner_race,inner_race,0.120590,0.341706,0.289489,0.248215
data\paderborn\extracted\KI01\KI01\N15_M07_F10_KI01_17.mat,inner_race,rolling_element,0.194462,0.244170,0.186918,0.374450
data\paderborn\extracted\KI01\KI01\N15_M07_F10_KI01_17.mat,inner_race,inner_race,0.278133,0.408068,0.099742,0.214058
data\paderborn\extracted\KI01\KI01\N15_M07_F10_KI01_17.mat,inner_race,healthy,0.343280,0.198998,0.176174,0.281548
data\paderborn\extracted\KI01\KI01\N15_M07_F10_KI01_17.mat,inner_race,healthy,0.542476,0.219920,0.034272,0.203332
data\paderborn\extracted\KI01\KI01\N15_M07_F10_KI01_17.mat,inner_race,healthy,0.536364,0.048449,0.075312,0.339875
data\paderborn\extracted\KI01\KI01\N15_M07_F10_KI01_17.mat,inner_race,outer_race,0.116297,0.252160,0.366856,0.264687
data\paderborn\extracted\KI01\KI01\N15_M07_F10_KI01_18.mat,inner_race,outer_race,0.098236,0.234677,0.432801,0.234286
data\paderborn\extracted\KI01\KI01\N15_M07_F10_KI01_18.mat,inner_race,outer_race,0.135134,0.229481,0.346081,0.289304
data\paderborn\extracted\KI01\KI01\N15_M07_F10_KI01_18.mat,inner_race,inner_race,0.223311,0.362148,0.166760,0.247780
data\paderborn\extracted\KI01\KI01\N15_M07_F10_KI01_18.mat,inner_race,inner_race,0.221706,0.517713,0.097013,0.163568
data\paderborn\extracted\KI01\KI01\N15_M07_F10_KI01_18.mat,inner_race,inner_race,0.109821,0.539852,0.202584,0.147743
data\paderborn\extracted\KI01\KI01\N15_M07_F10_KI01_18.mat,inner_race,rolling_element,0.148523,0.223614,0.306413,0.321450
data\paderborn\extracted\KI01\KI01\N15_M07_F10_KI01_18.mat,inner_race,inner_race,0.101067,0.388542,0.312879,0.197512
data\paderborn\extracted\KI01\KI01\N15_M07_F10_KI01_18.mat,inner_race,healthy,0.383401,0.259866,0.077298,0.279436
data\paderborn\extracted\KI01\KI01\N15_M07_F10_KI01_19.mat,inner_race,inner_race,0.237047,0.316903,0.162670,0.283380
data\paderborn\extracted\KI01\KI01\N15_M07_F10_KI01_19.mat,inner_race,outer_race,0.033109,0.309533,0.511854,0.145504
data\paderborn\extracted\KI01\KI01\N15_M07_F10_KI01_19.mat,inner_race,inner_race,0.130470,0.331337,0.310483,0.227710
data\paderborn\extracted\KI01\KI01\N15_M07_F10_KI01_19.mat,inner_race,inner_race,0.127641,0.474547,0.231287,0.166525
data\paderborn\extracted\KI01\KI01\N15_M07_F10_KI01_19.mat,inner_race,inner_race,0.151381,0.409277,0.267920,0.171422
data\paderborn\extracted\KI01\KI01\N15_M07_F10_KI01_19.mat,inner_race,inner_race,0.147902,0.384694,0.257124,0.210281
data\paderborn\extracted\KI01\KI01\N15_M07_F10_KI01_19.mat,inner_race,inner_race,0.219280,0.356807,0.174885,0.249028
data\paderborn\extracted\KI01\KI01\N15_M07_F10_KI01_19.mat,inner_race,outer_race,0.131202,0.308733,0.323713,0.236352
data\paderborn\extracted\KI01\KI01\N15_M07_F10_KI01_2.mat,inner_race,rolling_element,0.212627,0.211498,0.276617,0.299257
data\paderborn\extracted\KI01\KI01\N15_M07_F10_KI01_2.mat,inner_race,rolling_element,0.294202,0.125433,0.134447,0.445918
data\paderborn\extracted\KI01\KI01\N15_M07_F10_KI01_2.mat,inner_race,inner_race,0.173606,0.365126,0.216095,0.245173
data\paderborn\extracted\KI01\KI01\N15_M07_F10_KI01_2.mat,inner_race,healthy,0.421295,0.165122,0.107472,0.306111
data\paderborn\extracted\KI01\KI01\N15_M07_F10_KI01_2.mat,inner_race,inner_race,0.208803,0.469360,0.133627,0.188209
data\paderborn\extracted\KI01\KI01\N15_M07_F10_KI01_2.mat,inner_race,inner_race,0.217077,0.341160,0.196465,0.245298
data\paderborn\extracted\KI01\KI01\N15_M07_F10_KI01_2.mat,inner_race,rolling_element,0.216323,0.178258,0.201049,0.404370
data\paderborn\extracted\KI01\KI01\N15_M07_F10_KI01_2.mat,inner_race,rolling_element,0.239491,0.272203,0.154117,0.334189
data\paderborn\extracted\KI01\KI01\N15_M07_F10_KI01_20.mat,inner_race,inner_race,0.200651,0.383548,0.218571,0.197231
data\paderborn\extracted\KI01\KI01\N15_M07_F10_KI01_20.mat,inner_race,inner_race,0.188073,0.397353,0.204914,0.209660
data\paderborn\extracted\KI01\KI01\N15_M07_F10_KI01_20.mat,inner_race,inner_race,0.148093,0.315270,0.276029,0.260608
data\paderborn\extracted\KI01\KI01\N15_M07_F10_KI01_20.mat,inner_race,inner_race,0.192444,0.355848,0.248535,0.203173
data\paderborn\extracted\KI01\KI01\N15_M07_F10_KI01_20.mat,inner_race,outer_race,0.175436,0.260246,0.319013,0.245306
data\paderborn\extracted\KI01\KI01\N15_M07_F10_KI01_20.mat,inner_race,inner_race,0.295744,0.328381,0.141518,0.234357
data\paderborn\extracted\KI01\KI01\N15_M07_F10_KI01_20.mat,inner_race,inner_race,0.265606,0.312603,0.197249,0.224542
data\paderborn\extracted\KI01\KI01\N15_M07_F10_KI01_20.mat,inner_race,outer_race,0.124910,0.278055,0.325001,0.272034
data\paderborn\extracted\KI01\KI01\N15_M07_F10_KI01_3.mat,inner_race,inner_race,0.207500,0.413511,0.176497,0.202493
data\paderborn\extracted\KI01\KI01\N15_M07_F10_KI01_3.mat,inner_race,healthy,0.502716,0.205529,0.065536,0.226219
data\paderborn\extracted\KI01\KI01\N15_M07_F10_KI01_3.mat,inner_race,healthy,0.320453,0.259298,0.179936,0.240312
data\paderborn\extracted\KI01\KI01\N15_M07_F10_KI01_3.mat,inner_race,inner_race,0.222006,0.398592,0.136177,0.243225
data\paderborn\extracted\KI01\KI01\N15_M07_F10_KI01_3.mat,inner_race,healthy,0.386046,0.148846,0.138645,0.326462
data\paderborn\extracted\KI01\KI01\N15_M07_F10_KI01_3.mat,inner_race,rolling_element,0.264218,0.134365,0.206220,0.395197
data\paderborn\extracted\KI01\KI01\N15_M07_F10_KI01_3.mat,inner_race,healthy,0.326281,0.286792,0.171013,0.215914
data\paderborn\extracted\KI01\KI01\N15_M07_F10_KI01_3.mat,inner_race,healthy,0.340877,0.244878,0.163851,0.250394
data\paderborn\extracted\KI01\KI01\N15_M07_F10_KI01_4.mat,inner_race,inner_race,0.181440,0.448200,0.199544,0.170816
data\paderborn\extracted\KI01\KI01\N15_M07_F10_KI01_4.mat,inner_race,inner_race,0.194145,0.601838,0.097730,0.106287
data\paderborn\extracted\KI01\KI01\N15_M07_F10_KI01_4.mat,inner_race,inner_race,0.127521,0.506620,0.211655,0.154204
data\paderborn\extracted\KI01\KI01\N15_M07_F10_KI01_4.mat,inner_race,rolling_element,0.192235,0.254267,0.230314,0.323184
data\paderborn\extracted\KI01\KI01\N15_M07_F10_KI01_4.mat,inner_race,inner_race,0.149402,0.380255,0.258488,0.211855
data\paderborn\extracted\KI01\KI01\N15_M07_F10_KI01_4.mat,inner_race,inner_race,0.287485,0.347657,0.126257,0.238602
data\paderborn\extracted\KI01\KI01\N15_M07_F10_KI01_4.mat,inner_race,inner_race,0.205651,0.514935,0.144774,0.134641
data\paderborn\extracted\KI01\KI01\N15_M07_F10_KI01_4.mat,inner_race,inner_race,0.162047,0.338190,0.263375,0.236389
data\paderborn\extracted\KI01\KI01\N15_M07_F10_KI01_5.mat,inner_race,inner_race,0.228228,0.438279,0.158257,0.175236
data\paderborn\extracted\KI01\KI01\N15_M07_F10_KI01_5.mat,inner_race,inner_race,0.218710,0.402986,0.161863,0.216440
data\paderborn\extracted\KI01\KI01\N15_M07_F10_KI01_5.mat,inner_race,inner_race,0.114953,0.555289,0.184014,0.145744
data\paderborn\extracted\KI01\KI01\N15_M07_F10_KI01_5.mat,inner_race,inner_race,0.167489,0.316322,0.237957,0.278232
data\paderborn\extracted\KI01\KI01\N15_M07_F10_KI01_5.mat,inner_race,inner_race,0.137237,0.348794,0.230847,0.283121
data\paderborn\extracted\KI01\KI01\N15_M07_F10_KI01_5.mat,inner_race,inner_race,0.196516,0.388723,0.203332,0.211429
data\paderborn\extracted\KI01\KI01\N15_M07_F10_KI01_5.mat,inner_race,inner_race,0.189785,0.379106,0.235185,0.195924
data\paderborn\extracted\KI01\KI01\N15_M07_F10_KI01_5.mat,inner_race,inner_race,0.108993,0.438755,0.281434,0.170818
data\paderborn\extracted\KI01\KI01\N15_M07_F10_KI01_6.mat,inner_race,healthy,0.512254,0.285234,0.048771,0.153742
data\paderborn\extracted\KI01\KI01\N15_M07_F10_KI01_6.mat,inner_race,inner_race,0.184808,0.437726,0.219393,0.158073
data\paderborn\extracted\KI01\KI01\N15_M07_F10_KI01_6.mat,inner_race,rolling_element,0.255073,0.151172,0.201865,0.391889
data\paderborn\extracted\KI01\KI01\N15_M07_F10_KI01_6.mat,inner_race,healthy,0.431068,0.102547,0.099949,0.366435
data\paderborn\extracted\KI01\KI01\N15_M07_F10_KI01_6.mat,inner_race,inner_race,0.170166,0.287964,0.270667,0.271203
data\paderborn\extracted\KI01\KI01\N15_M07_F10_KI01_6.mat,inner_race,inner_race,0.260593,0.311549,0.213151,0.214706
data\paderborn\extracted\KI01\KI01\N15_M07_F10_KI01_6.mat,inner_race,inner_race,0.377609,0.389930,0.061360,0.171101
data\paderborn\extracted\KI01\KI01\N15_M07_F10_KI01_6.mat,inner_race,rolling_element,0.225519,0.236484,0.211699,0.326298
data\paderborn\extracted\KI01\KI01\N15_M07_F10_KI01_7.mat,inner_race,rolling_element,0.220334,0.268831,0.214281,0.296555
data\paderborn\extracted\KI01\KI01\N15_M07_F10_KI01_7.mat,inner_race,healthy,0.347453,0.338746,0.103848,0.209953
data\paderborn\extracted\KI01\KI01\N15_M07_F10_KI01_7.mat,inner_race,healthy,0.316324,0.314009,0.153285,0.216381
data\paderborn\extracted\KI01\KI01\N15_M07_F10_KI01_7.mat,inner_race,inner_race,0.216533,0.322344,0.205502,0.255621
data\paderborn\extracted\KI01\KI01\N15_M07_F10_KI01_7.mat,inner_race,inner_race,0.252531,0.421765,0.123131,0.202573
data\paderborn\extracted\KI01\KI01\N15_M07_F10_KI01_7.mat,inner_race,inner_race,0.327529,0.430986,0.072554,0.168932
data\paderborn\extracted\KI01\KI01\N15_M07_F10_KI01_7.mat,inner_race,healthy,0.308236,0.195331,0.189507,0.306926
data\paderborn\extracted\KI01\KI01\N15_M07_F10_KI01_7.mat,inner_race,healthy,0.371647,0.253662,0.143812,0.230878
data\paderborn\extracted\KI01\KI01\N15_M07_F10_KI01_8.mat,inner_race,inner_race,0.161806,0.370852,0.195457,0.271885
data\paderborn\extracted\KI01\KI01\N15_M07_F10_KI01_8.mat,inner_race,inner_race,0.143120,0.359338,0.239694,0.257848
data\paderborn\extracted\KI01\KI01\N15_M07_F10_KI01_8.mat,inner_race,outer_race,0.110107,0.358756,0.376329,0.154808
data\paderborn\extracted\KI01\KI01\N15_M07_F10_KI01_8.mat,inner_race,inner_race,0.277503,0.483514,0.085740,0.153243
data\paderborn\extracted\KI01\KI01\N15_M07_F10_KI01_8.mat,inner_race,outer_race,0.095589,0.280040,0.390175,0.234196
data\paderborn\extracted\KI01\KI01\N15_M07_F10_KI01_8.mat,inner_race,outer_race,0.098068,0.195691,0.393836,0.312405
data\paderborn\extracted\KI01\KI01\N15_M07_F10_KI01_8.mat,inner_race,inner_race,0.145884,0.299748,0.259194,0.295174
data\paderborn\extracted\KI01\KI01\N15_M07_F10_KI01_8.mat,inner_race,inner_race,0.285523,0.331399,0.167262,0.215816
data\paderborn\extracted\KI01\KI01\N15_M07_F10_KI01_9.mat,inner_race,inner_race,0.281174,0.410988,0.153092,0.154745
data\paderborn\extracted\KI01\KI01\N15_M07_F10_KI01_9.mat,inner_race,healthy,0.363672,0.289116,0.100068,0.247144
data\paderborn\extracted\KI01\KI01\N15_M07_F10_KI01_9.mat,inner_race,outer_race,0.172193,0.227846,0.327428,0.272532
data\paderborn\extracted\KI01\KI01\N15_M07_F10_KI01_9.mat,inner_race,inner_race,0.150049,0.362505,0.252600,0.234847
data\paderborn\extracted\KI01\KI01\N15_M07_F10_KI01_9.mat,inner_race,inner_race,0.097148,0.661165,0.144696,0.096992
data\paderborn\extracted\KI01\KI01\N15_M07_F10_KI01_9.mat,inner_race,healthy,0.393134,0.277108,0.116261,0.213496
data\paderborn\extracted\KI01\KI01\N15_M07_F10_KI01_9.mat,inner_race,healthy,0.290781,0.290653,0.179650,0.238916
data\paderborn\extracted\KI01\KI01\N15_M07_F10_KI01_9.mat,inner_race,inner_race,0.113952,0.444106,0.273408,0.168534
